date,site_number,TSP,CM,SD,NO2,OZ,PM10,PM2.5
1/1/24,1023,0.0045,NA,NA,NA,NA,NA,NA
1/7/24,1023,0.0015,NA,NA,NA,NA,NA,NA
1/13/24,1023,0.022,NA,NA,NA,NA,NA,NA
1/19/24,1023,0.0195,NA,NA,NA,NA,NA,NA
1/25/24,1023,0.0085,NA,NA,NA,NA,NA,NA
1/31/24,1023,0.042,NA,NA,NA,NA,NA,NA
2/6/24,1023,0.002,NA,NA,NA,NA,NA,NA
2/12/24,1023,0.005,NA,NA,NA,NA,NA,NA
2/18/24,1023,0.009,NA,NA,NA,NA,NA,NA
2/24/24,1023,0.0185,NA,NA,NA,NA,NA,NA
3/1/24,1023,0.013,NA,NA,NA,NA,NA,NA
3/7/24,1023,0.0095,NA,NA,NA,NA,NA,NA
3/13/24,1023,0.0185,NA,NA,NA,NA,NA,NA
3/19/24,1023,0.0155,NA,NA,NA,NA,NA,NA
3/25/24,1023,0.034,NA,NA,NA,NA,NA,NA
3/31/24,1023,0,NA,NA,NA,NA,NA,NA
4/6/24,1023,0.008,NA,NA,NA,NA,NA,NA
4/12/24,1023,0.035,NA,NA,NA,NA,NA,NA
4/18/24,1023,0.009,NA,NA,NA,NA,NA,NA
4/24/24,1023,0.008,NA,NA,NA,NA,NA,NA
4/30/24,1023,0.010499999999999999,NA,NA,NA,NA,NA,NA
5/6/24,1023,0.012,NA,NA,NA,NA,NA,NA
5/12/24,1023,0.002,NA,NA,NA,NA,NA,NA
5/18/24,1023,0.009,NA,NA,NA,NA,NA,NA
5/24/24,1023,0.0125,NA,NA,NA,NA,NA,NA
5/30/24,1023,0.016,NA,NA,NA,NA,NA,NA
6/5/24,1023,0.0035,NA,NA,NA,NA,NA,NA
6/11/24,1023,0.0035,NA,NA,NA,NA,NA,NA
6/17/24,1023,0.020999999999999998,NA,NA,NA,NA,NA,NA
6/23/24,1023,0.016,NA,NA,NA,NA,NA,NA
6/29/24,1023,0.0045,NA,NA,NA,NA,NA,NA
7/5/24,1023,0.0115,NA,NA,NA,NA,NA,NA
7/11/24,1023,0.0155,NA,NA,NA,NA,NA,NA
7/17/24,1023,0.0175,NA,NA,NA,NA,NA,NA
7/23/24,1023,0.013000000000000001,NA,NA,NA,NA,NA,NA
7/29/24,1023,0.0095,NA,NA,NA,NA,NA,NA
8/4/24,1023,0.005,NA,NA,NA,NA,NA,NA
8/10/24,1023,0.015,NA,NA,NA,NA,NA,NA
8/14/24,1023,0.0075,NA,NA,NA,NA,NA,NA
8/16/24,1023,0.021,NA,NA,NA,NA,NA,NA
8/22/24,1023,0.0155,NA,NA,NA,NA,NA,NA
8/28/24,1023,0.024,NA,NA,NA,NA,NA,NA
9/3/24,1023,0.0085,NA,NA,NA,NA,NA,NA
9/9/24,1023,0.012,NA,NA,NA,NA,NA,NA
9/15/24,1023,0.0045,NA,NA,NA,NA,NA,NA
9/21/24,1023,0.002,NA,NA,NA,NA,NA,NA
9/27/24,1023,0.002,NA,NA,NA,NA,NA,NA
10/3/24,1023,0.007,NA,NA,NA,NA,NA,NA
10/9/24,1023,0.008,NA,NA,NA,NA,NA,NA
10/15/24,1023,0.009,NA,NA,NA,NA,NA,NA
10/21/24,1023,0.0085,NA,NA,NA,NA,NA,NA
10/27/24,1023,0.0275,NA,NA,NA,NA,NA,NA
11/2/24,1023,0.0235,NA,NA,NA,NA,NA,NA
11/8/24,1023,0.0185,NA,NA,NA,NA,NA,NA
11/14/24,1023,0.024,NA,NA,NA,NA,NA,NA
11/20/24,1023,0.0165,NA,NA,NA,NA,NA,NA
11/26/24,1023,0.006,NA,NA,NA,NA,NA,NA
12/2/24,1023,0.0195,NA,NA,NA,NA,NA,NA
12/8/24,1023,0.019,NA,NA,NA,NA,NA,NA
12/14/24,1023,0.0195,NA,NA,NA,NA,NA,NA
12/20/24,1023,0.027,NA,NA,NA,NA,NA,NA
12/26/24,1023,0.01,NA,NA,NA,NA,NA,NA
1/1/24,1017,NA,0.48930450000000003,NA,10.040909,NA,11.3541665,5.600925888888889
1/1/24,1022,NA,0.363119,0.10291066666666668,9.019048,0.018589,17.127083499999998,10.400735294117647
1/1/24,1025,NA,0.47246,NA,14.518182,NA,44.00625,29.903703666666665
1/2/24,1017,NA,0.4817435,NA,16.231579,NA,12.461363500000001,5.508585888888889
1/2/24,1022,NA,0.40431700000000004,0.10013433333333333,10.62381,0.023307500000000002,16.2104165,8.704166666666666
1/2/24,1025,NA,0.590476,NA,16.877273,NA,31.44375,15.202314777777778
1/3/24,1017,NA,0.370536,NA,12.55,NA,14.4270835,5.904166666666667
1/3/24,1022,NA,0.2632385,6.803333333333332e-4,7.128571,0.027593,12.272916500000001,6.700925888888889
1/3/24,1025,NA,0.47632549999999996,NA,13.977273,NA,30.2875,15.804166666666667
1/4/24,1017,NA,0.5007575,NA,17.245455,NA,12.1145835,4.410185222222222
1/4/24,1022,NA,0.349452,0.025687666666666664,11.357143,0.02032325,12.3369565,6.309974411764706
1/4/24,1025,NA,0.6450755,NA,21.522727,NA,27.2333335,11.206018555555556
1/5/24,1017,NA,0.6767045,NA,20.059091,NA,13.390909,5.203535333333334
1/5/24,1022,NA,0.477603,0.1193955,13.747619,0.0195535,17.385416499999998,7.707870333333333
1/5/24,1025,NA,0.65625,NA,22.977273,NA,44.3666665,16.9
1/6/24,1017,NA,0.6746209999999999,NA,15.7,NA,14.227083499999999,5.500463
1/6/24,1022,NA,0.416389,0.107418,10.390476,0.028516,19.2666665,9.310185222222223
1/6/24,1025,NA,0.6136365,NA,20.072727,NA,44.1083335,16.703240777777776
1/7/24,1017,NA,0.430303,NA,8.968182,NA,12.470833500000001,4.5055555555555555
1/7/24,1022,NA,0.238873,0.033436,4.8190480000000004,0.03245425,13.15625,5.8
1/7/24,1025,NA,0.2823865,NA,7.590909,NA,18.279166500000002,5.9
1/8/24,1017,NA,0.639394,NA,20.468182,NA,11.175,3.900463
1/8/24,1022,NA,0.368873,0.11675233333333333,11.238095,0.0219585,12.3083335,5.300463
1/8/24,1025,NA,0.5482955,NA,20.813636,NA,37.2625,13.105555555555556
1/9/24,1017,NA,0.5606059999999999,NA,20.504545,NA,12.1625,3.900463
1/9/24,1022,NA,0.453206,0.1660885,15.52381,0.017889,16.345833499999998,7.505092555555556
1/9/24,1025,NA,0.73447,NA,24.272727,NA,50.114583499999995,18.504629666666666
1/10/24,1017,NA,0.5454545,NA,18.890909,NA,14.0729165,5.005092555555556
1/10/24,1022,NA,0.4306505,0.13633716666666668,11.414286,0.026057749999999998,18.38125,7.597058823529411
1/10/24,1025,NA,0.5454545,NA,17.618182,NA,53.329545499999995,19.110606111111114
1/11/24,1017,NA,0.437311,NA,14.95,NA,15.23125,4.5074074444444445
1/11/24,1022,NA,0.23926999999999998,0.0098655,6.8,0.031676499999999996,13.220833500000001,4.707407444444445
1/11/24,1025,NA,0.35454549999999996,NA,12.418182,NA,20.688889,6.633333
1/12/24,1017,NA,0.6410985,NA,20.877273,NA,14.26875,4.6004629999999995
1/12/24,1022,NA,0.4496745,0.13197533333333333,14.171429,0.023414749999999998,19.0583335,7.105092555555555
1/12/24,1025,NA,0.6109845,NA,22.027273,NA,NA,NA
1/13/24,1017,NA,0.6928030000000001,NA,18.495455,NA,15.054166500000001,6.503240777777778
1/13/24,1022,NA,0.480016,0.13276266666666667,14.133333,0.02605725,20.2270835,11.35024511764706
1/13/24,1025,NA,0.7651515,NA,21.290909,NA,NA,NA
1/14/24,1017,NA,0.5304925,NA,12.968182,NA,14.4520835,7.102777777777778
1/14/24,1022,NA,0.43067449999999996,0.129583,10.52381,0.0221055,21.4,12.803703666666667
1/14/24,1025,NA,0.714962,NA,17.986364,NA,NA,NA
1/15/24,1017,NA,0.649811,NA,16.022727,NA,17.15625,8.502314777777778
1/15/24,1022,NA,0.460262,0.15784333333333334,10.757143,0.0226925,21.41875,12.202777777777778
1/15/24,1025,NA,0.7890155,NA,17.6,NA,NA,NA
1/16/24,1017,NA,0.68447,NA,19.722727,NA,29.145833500000002,18.103703666666668
1/16/24,1022,NA,0.5397915,0.1907085,10.12381,0.0332815,37.30625,23.114705882352943
1/16/24,1025,NA,0.8926135,NA,19.172727,NA,NA,NA
1/17/24,1017,NA,0.5071424999999999,NA,13.214286,NA,24.3208335,14.910648111111112
1/17/24,1022,NA,0.3618015,0.015490666666666666,6.590476,0.03050975,34.46875,20.808796333333333
1/17/24,1025,NA,0.412121,NA,11.686364,NA,NA,NA
1/18/24,1017,NA,0.646212,NA,19.331818,NA,12.4875,5.906018555555556
1/18/24,1022,NA,0.4017695,0.069291167,11.219048,0.01817925,16.0625,7.006944444444445
1/18/24,1025,NA,0.6776785000000001,NA,20.05,NA,NA,NA
1/19/24,1017,NA,0.689881,NA,19.961905,NA,17.24375,6.906018555555556
1/19/24,1022,NA,0.49522900000000003,0.099087,13.970833,0.01905775,22.009524,10.405820111111112
1/19/24,1025,NA,1.0492425,NA,20.3,NA,NA,NA
1/20/24,1017,NA,0.41875,NA,12.522727,NA,18.14375,10.010648111111111
1/20/24,1022,NA,0.3990955,0.078289833,11.880952,0.0152875,24.28125,13.806944444444445
1/20/24,1025,NA,0.6954545,NA,22.986364,NA,NA,NA
1/21/24,1017,NA,0.3083335,NA,8.168182,NA,11.247916499999999,4.7027777777777775
1/21/24,1022,NA,0.22419050000000001,1.3283333333333333e-4,4.042857,0.02661925,10.1875,5.1004629999999995
1/21/24,1025,NA,0.3852275,NA,14.554545,NA,NA,NA
1/22/24,1017,NA,0.2285715,NA,6.7,NA,6.3833335,2.8
1/22/24,1022,NA,0.2062165,-6.63E-05,3.509524,0.03055275,6.3270835000000005,2.6654411764705883
1/22/24,1025,NA,0.285606,NA,7.777273,NA,NA,NA
1/23/24,1017,NA,0.39128799999999997,NA,11.763636,NA,11.4020835,4.3087963333333335
1/23/24,1022,NA,0.20542850000000001,0,4.6,0.0291575,10.4333335,4.205555555555556
1/23/24,1025,NA,0.285606,NA,9.636364,NA,NA,NA
1/24/24,1017,NA,0.40700749999999997,NA,13.931818,NA,16.021739,5.8091787777777775
1/24/24,1022,NA,0.2861765,0.006845333,7.609524,0.02428375,19.3270835,7.801388888888889
1/24/24,1025,NA,0.6225,NA,15.777273,NA,NA,NA
1/25/24,1017,NA,0.380303,NA,10.036364,NA,14.425,6.309259222222222
1/25/24,1022,NA,0.269254,4.648333333333333e-4,6.061905,0.0253015,20.1291665,8.665196058823529
1/25/24,1025,NA,0.416856,NA,13.977273,NA,NA,NA
1/26/24,1017,NA,0.649053,NA,19.822727,NA,11.0145835,3.9069444444444446
1/26/24,1022,NA,0.418841,0.091397667,12.228571,0.01749225,17.04375,6.200463
1/26/24,1025,NA,0.6825755,NA,18.118182,NA,NA,NA
1/27/24,1017,NA,0.486553,NA,13.009091,NA,6.3125,1.6101852222222224
1/27/24,1022,NA,0.4612935,0.11959766666666666,13.080952,0.02492675,19.0541665,7.110648111111111
1/27/24,1025,NA,0.7704545,NA,22.077273,NA,NA,NA
1/28/24,1017,NA,0.5513255,NA,14.686364,NA,8.033333500000001,2.408333333333333
1/28/24,1022,NA,0.39501600000000003,0.131112,12.219048,0.024439,15.2541665,6.777696059
1/28/24,1025,NA,0.6698865,NA,22.372727,NA,NA,NA
1/29/24,1017,NA,0.4982955,NA,20.168182,NA,12.2083335,3.001851888888889
1/29/24,1022,NA,0.446778,0.12786783333333332,14.32381,0.02253775,19.13125,5.408796333333334
1/29/24,1025,NA,0.795644,NA,26.313636,NA,NA,NA
1/30/24,1017,NA,0.591667,NA,23.495833,NA,15.01875,3.900463
1/30/24,1022,NA,0.4720495,0.19999316666666667,16.345,0.0256935,24.025,7.408333333333333
1/30/24,1025,NA,0.881439,NA,28.477273,NA,53.89,18.7
1/31/24,1017,NA,0.5229170000000001,NA,20.091667,NA,20.3545455,6.808585888888889
1/31/24,1022,NA,0.48370599999999997,0.1744495,13.62381,0.0265875,26.104166499999998,9.767647059
1/31/24,1025,NA,0.735606,NA,21.213636,NA,47.177083499999995,20.306944444444444
2/1/24,1017,NA,0.2729165,NA,6.808333,NA,10.252083500000001,4.401851888888889
2/1/24,1022,NA,0.2515555,0.003974667,6.304762,0.033001749999999996,11.025,4.706481444444445
2/1/24,1025,NA,0.350189,NA,11.909091,NA,30.083333500000002,12.008796333333333
2/2/24,1017,NA,0.3416665,NA,8.804167,NA,13.175,4.306018555555555
2/2/24,1022,NA,0.26261900000000005,0.006289167,6.985714,0.02954175,11.280435,5.303381666666667
2/2/24,1025,NA,0.29450750000000003,NA,8.836364,NA,17.352272499999998,5.308585888888889
2/3/24,1017,NA,0.3645835,NA,9.2,NA,12.44375,4.3087963333333335
2/3/24,1022,NA,0.303889,0.025619667,6.104762,0.035371,12.3854165,5.021568647058824
2/3/24,1025,NA,0.5007575,NA,13.122727,NA,21.4375,7.5
2/4/24,1017,NA,0.3229165,NA,6.95,NA,10.10625,3.8055555555555554
2/4/24,1022,NA,0.234095,0.032639333,4.142857,0.033337,13.05,5.210185222222222
2/4/24,1025,NA,0.3452655,NA,10.25,NA,21.1833335,7.305555555555555
2/5/24,1017,NA,0.192059,NA,6.79,NA,5.39375,2.401851888888889
2/5/24,1022,NA,0.1917,4.7233333333333334e-4,3.428571,0.03353975,6.1895834999999995,2.602777777777778
2/5/24,1025,NA,0.2708335,NA,9.55,NA,11.2458335,3.6060185555555555
2/6/24,1017,NA,0.2554165,NA,10.23,NA,6.0895835,2.3097222222222222
2/6/24,1022,NA,0.19721450000000001,0,3.833333,0.036625,4.4708334999999995,1.5875000000000001
2/6/24,1025,NA,0.30681800000000004,NA,11.872727,NA,9.0270835,3.600925888888889
2/7/24,1017,NA,0.2801135,NA,8.731818,NA,10.275,3.6097222222222225
2/7/24,1022,NA,0.196643,1.991666666666667e-4,3.433333,0.037448499999999996,9.1104165,3.5046296666666668
2/7/24,1025,NA,0.3577085,NA,11.8,NA,14.3541665,4.900925889
2/8/24,1017,NA,0.2761365,NA,8.909091,NA,13.1104165,4.705555555555556
2/8/24,1022,NA,0.20657150000000002,2.6566666666666666e-4,4.171429,0.03650775,10.071739000000001,4.300966222222222
2/8/24,1025,NA,0.294129,NA,9.831818,NA,18.214285500000003,5.908465555555556
2/9/24,1017,NA,0.3420455,NA,10.9,NA,8.439583500000001,3.704629666666667
2/9/24,1022,NA,0.31262100000000004,9.851999999999999e-4,10.447059,0.02336775,9.43125,5.114705882352942
2/9/24,1025,NA,0.495644,NA,20.395455,NA,15.325,8.1
2/10/24,1017,NA,0.487311,NA,12.15,NA,9.439583500000001,4.204166666666667
2/10/24,1022,NA,0.2977065,0.0315105,7.414286,0.02919175,10.252083500000001,5.406481444444445
2/10/24,1025,NA,0.45151549999999996,NA,15.686364,NA,18.270833500000002,8.208333333333332
2/11/24,1017,NA,0.52178,NA,12.536364,NA,11.1291665,4.204166666666667
2/11/24,1022,NA,0.2945315,0.083195667,6.704762,0.029568,11.275,5.105555555555555
2/11/24,1025,NA,0.47197,NA,14.859091,NA,30.3166665,11.702777777777778
2/12/24,1017,NA,0.541964,NA,18.733333,NA,13.345833500000001,4.209722222222222
2/12/24,1022,NA,0.3695,0.11555383333333333,10.442857,0.0275695,14.475,6.172303941
2/12/24,1025,NA,0.5990530000000001,NA,19.127273,NA,32.2479165,10.102777777777778
2/13/24,1017,NA,0.5345835,NA,17.661905,NA,16.470833499999998,5.400925889
2/13/24,1022,NA,0.45640000000000003,0.15576600000000002,11.75625,0.01934275,17.1083335,7.407870333333333
2/13/24,1025,NA,0.7583335,NA,19.172727,NA,50.4541665,18.106481444444444
2/14/24,1017,NA,0.5547345,NA,16.859091,NA,13.2541665,5.203240777777778
2/14/24,1022,NA,0.390682,0.1007304,8.83125,0.021202,16.291666499999998,7.106481444444444
2/14/24,1025,NA,0.5559525000000001,NA,16.986364,NA,40.4608695,18.608212555555557
2/15/24,1017,NA,0.5604165000000001,NA,15.936364,NA,13.4729165,5.906018555555556
2/15/24,1022,NA,0.2903255,0.0737955,6.914286,0.03136125,17.322916499999998,8.200463
2/15/24,1025,NA,0.3676135,NA,9.822727,NA,22.2729165,9.004629666666666
2/16/24,1017,NA,0.502462,NA,12.113636,NA,15.4020835,8.108333333333333
2/16/24,1022,NA,0.310854,0.022494333,5.958333,0.03046825,21.227272499999998,11.308080777777779
2/16/24,1025,NA,0.43655299999999997,NA,11.118182,NA,35.3291665,18.003703666666667
2/17/24,1017,NA,0.524053,NA,10.677273,NA,14.179166500000001,8.602777777777778
2/17/24,1022,NA,0.304979,0.006018333,4.525,0.0253005,21.435416500000002,13.203703666666666
2/17/24,1025,NA,0.350947,NA,8.709091,NA,21.4541665,12.606018555555556
2/18/24,1017,NA,0.471212,NA,10.336364,NA,11.085416500000001,6.004629666666666
2/18/24,1022,NA,0.3031875,0.015624833333333334,6.4125,0.0237045,13.3875,7.299754882352941
2/18/24,1025,NA,0.4772725,NA,12.531818,NA,37.0354165,18.503703666666667
2/19/24,1017,NA,0.3426135,NA,9.181818,NA,9.1625,3.6074074444444446
2/19/24,1022,NA,0.2420415,3.471666666666667e-4,5.154167,0.0250305,12.4229165,5.201851888888889
2/19/24,1025,NA,0.4867425,NA,18.145455,NA,37.325,14.807870333333334
2/20/24,1017,NA,0.3080355,NA,9.636364,NA,7.2770835,2.8078703333333332
2/20/24,1022,NA,0.2225,0,5.508333,0.024364,9.1708335,3.9074074444444444
2/20/24,1025,NA,0.353788,NA,13.318182,NA,26.002083499999998,8.200925888888888
2/21/24,1017,NA,0.375947,NA,11.395455,NA,7.14375,2.4074074444444444
2/21/24,1022,NA,0.22575,0.002733667,4.4875,0.0287275,7.4086955,3.1595907647058823
2/21/24,1025,NA,0.3047345,NA,9.909091,NA,13.2645835,4.102777777777778
2/22/24,1017,NA,0.450379,NA,13.559091,NA,10.1354165,3.9069444444444446
2/22/24,1022,NA,0.32370849999999995,0.026856666666666668,6.833333,0.02696975,13.447826,5.209178777777778
2/22/24,1025,NA,0.5420835,NA,14.859091,NA,27.0229165,10.507870333333333
2/23/24,1017,NA,0.5835224999999999,NA,20.413636,NA,12.434090999999999,3.9045454444444445
2/23/24,1022,NA,0.389089,0.079206167,9.361905,0.02767675,14.33125,4.910185222222222
2/23/24,1025,NA,0.7613635000000001,NA,20.8,NA,48.0770835,15.209722222222222
2/24/24,1017,NA,0.69072,NA,18.809091,NA,12.2645835,3.701388888888889
2/24/24,1022,NA,0.3919365,0.10019916666666667,12,0.0283715,19.0145835,7.106127470588236
2/24/24,1025,NA,0.6767045,NA,19.868182,NA,50.010416500000005,16.502777777777776
2/25/24,1017,NA,0.59053,NA,12.7,NA,13.3270835,5.804166666666666
2/25/24,1022,NA,0.3695395,0.10655483333333333,7.661905,0.0338025,20.33125,10.007870333333333
2/25/24,1025,NA,0.6285985000000001,NA,13.7,NA,45.13125,20.209722222222222
2/26/24,1017,NA,0.5375,NA,16.431818,NA,17.3583335,8.307407444444445
2/26/24,1022,NA,0.3154285,0.0249532,8.05,0.024661,25.377083499999998,13.607870333333333
2/26/24,1025,NA,0.4984845,NA,14.190909,NA,32.45625,15.808796333333333
2/27/24,1017,NA,0.450379,NA,11.636364,NA,13.3854165,6.406481444444445
2/27/24,1022,NA,0.23248400000000002,0.013906499999999999,4.961905,0.03317425,20.322916499999998,8.812745117647058
2/27/24,1025,NA,0.5526785000000001,NA,16.35,NA,43.36875,22.405555555555555
2/28/24,1017,NA,0.462689,NA,13.031818,NA,15.039583499999999,7.010648111111111
2/28/24,1022,NA,0.30884100000000003,0.055462333333333336,5.67619,0.0332085,19.177083500000002,8.603703666666666
2/28/24,1025,NA,0.423106,NA,10.445455,NA,27.1208335,12.502314777777778
2/29/24,1017,NA,0.3804925,NA,10.586364,NA,15.13125,7.501851888888889
2/29/24,1022,NA,0.2151905,0.006289167,3.195238,0.036869,19.1333335,9.101851888888888
2/29/24,1025,NA,0.308712,NA,7.990909,NA,21.302083500000002,8.904166666666667
3/1/24,1017,NA,0.38447,NA,10.831818,NA,10.3708335,3.4046296666666667
3/1/24,1022,NA,0.21287299999999998,6.64e-4,4.32381,0.034224000000000004,12.232608500000001,4.204859352941177
3/1/24,1025,NA,0.3541665,NA,11.377273,NA,17.11875,5.407870333333333
3/2/24,1017,NA,0.3236745,NA,7.072727,NA,7.3625,3.100463
3/2/24,1022,NA,0.18680950000000002,0,2.395238,0.03578725,6.2354164999999995,2.8009258888888886
3/2/24,1025,NA,0.277462,NA,6.954545,NA,11.30625,4.000463
3/3/24,1017,NA,0.3414775,NA,7.304545,NA,10.10625,3.700463
3/3/24,1022,NA,0.198857,6.633333333333334e-5,3.333333,0.03394625,8.375,4.004629666666666
3/3/24,1025,NA,0.26742449999999995,NA,6.927273,NA,14.06875,4.501851888888889
3/4/24,1017,NA,0.3541665,NA,10.686364,NA,11.341666499999999,3.7074074444444447
3/4/24,1022,NA,0.2075475,0,4.471429,0.03267075,12.383333499999999,4.158578411764706
3/4/24,1025,NA,0.3147725,NA,9.795455,NA,14.352083499999999,5.406481444444445
3/5/24,1017,NA,0.3339285,NA,11.536364,NA,13.022916500000001,4.108796333333333
3/5/24,1022,NA,0.23681750000000001,0.056181666666666664,5.842857,0.0318115,14.133333499999999,5.206018555555556
3/5/24,1025,NA,0.395644,NA,13.877273,NA,34.2729165,13.304166666666667
3/6/24,1017,NA,0.312121,NA,10.559091,NA,12.0375,4.107407444444444
3/6/24,1022,NA,0.2192225,0.013773666666666667,4.157143,0.03160925,10.213043500000001,4.210144888888889
3/6/24,1025,NA,0.425,NA,15.425,NA,31.3,11.504166666666666
3/7/24,1017,NA,0.337121,NA,11.172727,NA,10.085416500000001,3.6032407777777777
3/7/24,1022,NA,0.194643,1.991666666666667e-4,3.752381,0.034340999999999997,9.3479165,3.5215686470588237
3/7/24,1025,NA,0.31514699999999995,NA,9.6,NA,17.1479165,5.5074074444444445
3/8/24,1017,NA,0.40947,NA,11.477273,NA,15.1,5.4106481111111115
3/8/24,1022,NA,0.20575,0.0284106,4.357143,0.02591075,17.083333500000002,5.802314777777777
3/8/24,1025,NA,0.4547915,NA,14.8,NA,30.295454499999998,10.704545444444443
3/9/24,1017,NA,0.5549245,NA,12.981818,NA,14.18125,5.506018555555555
3/9/24,1022,NA,0.26876999999999995,0.068891333,5.947619,0.033507,16.13125,5.800925888888889
3/9/24,1025,NA,0.462689,NA,11.863636,NA,31.095833499999998,12.606944444444444
3/10/24,1017,NA,0.525379,NA,10.577273,NA,11.275,4.700463
3/10/24,1022,NA,0.250317,0.064726833,5.228571,0.031889,12.304166500000001,4.423774529411765
3/10/24,1025,NA,0.4013255,NA,9.590909,NA,34.020833499999995,15.708333333333332
3/11/24,1017,NA,0.405871,NA,12.427273,NA,14.225,4.704166666666667
3/11/24,1022,NA,0.229821,0.004995167,4.233333,0.03378575,14.05625,5.405092555555556
3/11/24,1025,NA,0.377056,NA,12.27619,NA,32.2958335,13.4
3/12/24,1017,NA,0.35,NA,10.763636,NA,13.095833500000001,4.607870333333333
3/12/24,1022,NA,0.2146575,0.013832,4.594444,0.03693725,14.438095,5.702116444444445
3/12/24,1025,NA,0.35587100000000005,NA,10.945455,NA,28.4375,12.007870333333333
3/13/24,1017,NA,0.344129,NA,10.377273,NA,14.460416500000001,5.203240777777778
3/13/24,1022,NA,0.1985,0.013904833333333333,3.142857,0.0359425,14.2958335,5.072303941176471
3/13/24,1025,NA,0.33465900000000004,NA,10.881818,NA,20.4520835,8.010185222222223
3/14/24,1017,NA,0.343371,NA,11.45,NA,30.08125,6.2046296666666665
3/14/24,1022,NA,0.201361,5.451666666666667e-4,3.95,0.0334555,26.14375,6.706944444444445
3/14/24,1025,NA,0.41950750000000003,NA,15.936364,NA,65.3895835,13.302777777777779
3/15/24,1017,NA,0.3517045,NA,10.977273,NA,14.15,3.701388888888889
3/15/24,1022,NA,0.204421,0.037589167,3.990476,0.0388255,14.3083335,3.701388888888889
3/15/24,1025,NA,0.3861745,NA,14.486364,NA,34.1791665,10.205555555555556
3/16/24,1017,NA,0.419697,NA,9.472727,NA,11.133333499999999,3.600463
3/16/24,1022,NA,0.2031665,0.062935667,3.795238,0.039599499999999996,13.164583499999999,3.7041666666666666
3/16/24,1025,NA,0.3611745,NA,12.168182,NA,34.2666665,13.405092555555555
3/17/24,1017,NA,0.46969700000000003,NA,9.590909,NA,13.275,4.604166666666666
3/17/24,1022,NA,0.212841,0.073262667,3.761905,0.03489075,15.0895835,5.106944444444444
3/17/24,1025,NA,0.34943199999999996,NA,9.877273,NA,28.1104165,12.105092555555554
3/18/24,1017,NA,0.4425595,NA,13.654545,NA,11.48125,3.8055555555555554
3/18/24,1022,NA,0.308373,0.061152167,8.409524,0.023984000000000002,13.2916665,4.605555555555555
3/18/24,1025,NA,0.424053,NA,14.645455,NA,35.354166500000005,13.005555555555556
3/19/24,1017,NA,0.4910985,NA,17.018182,NA,16.3326085,4.703864777777778
3/19/24,1022,NA,0.32354799999999995,0.12457433333333333,8.114286,0.03433725,15.16875,5.504411764705883
3/19/24,1025,NA,0.423106,NA,14.018182,NA,34.3416665,12.300925888888889
3/20/24,1017,NA,0.532197,NA,16.104545,NA,21.2458335,8.404629666666667
3/20/24,1022,NA,0.310183,0.082356333,7.480952,0.0366745,22.225,10.400925888888889
3/20/24,1025,NA,0.42935599999999996,NA,10.845455,NA,36.1854165,16.602777777777778
3/21/24,1017,NA,0.4174245,NA,12.168182,NA,21.4520835,10.402314777777779
3/21/24,1022,NA,0.28296750000000004,0.076784833,5.152381,0.03724775,24.276087,12.10048311111111
3/21/24,1025,NA,0.3217265,NA,8.304545,NA,40.0583335,20.50138888888889
3/22/24,1017,NA,0.5125,NA,13.704545,NA,18.03125,7.600925888888889
3/22/24,1022,NA,0.2877915,0.081400167,6.25,0.03290925,19.2770835,8.208796333333332
3/22/24,1025,NA,0.3839285,NA,9.838095,NA,34.40625,17.004166666666666
3/23/24,1017,NA,0.26666650000000003,NA,4.877273,NA,13.2125,5.105092555555555
3/23/24,1022,NA,0.187762,0.028199833333333334,2.571429,0.03861325,13.2604165,4.943872529411765
3/23/24,1025,NA,0.288447,NA,8.072727,NA,21.375,8.207870333333332
3/24/24,1017,NA,0.27197,NA,5.381818,NA,16.1520835,5.406481444444445
3/24/24,1022,NA,0.1510475,0.010994333333333333,1.604762,0.04226625,11.01875,4.102777777777778
3/24/24,1025,NA,0.1954545,NA,3.2,NA,16.36875,5.604629666666666
3/25/24,1017,NA,0.31994049999999996,NA,10.181818,NA,16.4604165,5.8087963333333335
3/25/24,1022,NA,0.1993495,0.019967333333333333,3.42381,0.03650775,15.1833335,5.375
3/25/24,1025,NA,0.3392045,NA,10.954545,NA,25.010416499999998,8.804166666666667
3/26/24,1017,NA,0.3242425,NA,11.372727,NA,18.020833500000002,6.210648111111111
3/26/24,1022,NA,0.19095250000000002,6.633333333333334e-5,2.957143,0.03654775,17.127083499999998,6.404166666666667
3/26/24,1025,NA,0.27386350000000004,NA,8.540909,NA,22.458333500000002,7.4032407777777784
3/27/24,1017,NA,0.395644,NA,12.763636,NA,19.33125,7.4032407777777784
3/27/24,1022,NA,0.2455635,0.062537167,5.219048,0.038369,19.2104165,8.100463
3/27/24,1025,NA,0.39545450000000004,NA,11.804545,NA,38.4729165,16.708333333333332
3/28/24,1017,NA,0.410606,NA,11.540909,NA,15.14375,6.705555555555556
3/28/24,1022,NA,0.2004585,0,3.241667,0.02964575,16.1630435,6.554219941176471
3/28/24,1025,NA,0.22159099999999998,NA,4.981818,NA,17.125,8.003240777777778
3/29/24,1017,NA,0.287047,NA,8.966667,NA,13.2354165,4.608333333333333
3/29/24,1022,NA,0.193976,0.004837833,3.838095,0.03800425,13.05625,4.8069444444444445
3/29/24,1025,NA,0.312202,NA,12.257143,NA,23.4604165,7.9
3/30/24,1017,NA,0.166856,NA,3.168182,NA,6.1770835,2.6050925555555557
3/30/24,1022,NA,0.18096,4.648333333333333e-4,2.095238,0.0408265,6.1708335000000005,2.6064814444444444
3/30/24,1025,NA,0.2823865,NA,10.409091,NA,14.460416500000001,6.305555555555555
3/31/24,1017,NA,0.2160985,NA,4.840909,NA,8.147916500000001,3.202777777777778
3/31/24,1022,NA,0.1905715,3.32e-4,2.3,0.038532,8.3395835,3.4590686470588237
3/31/24,1025,NA,0.27822,NA,10.022727,NA,13.1729165,5.102777777777778
4/1/24,1017,NA,0.430682,NA,12.477273,NA,7.3208335,2.7074074444444447
4/1/24,1022,NA,0.20914300000000002,0.023637,4.385714,0.03974625,8.022916500000001,2.9074074444444444
4/1/24,1025,NA,0.364962,NA,10.631818,NA,13.3291665,4.510648111111111
4/2/24,1017,NA,0.533631,NA,15.545455,NA,12.0666665,4.003240777777778
4/2/24,1022,NA,0.2805955,0.10126316666666667,6.871429,0.036164749999999996,11.4333335,4.006018555555555
4/2/24,1025,NA,0.4647725,NA,14.25,NA,32.166666500000005,12.904166666666667
4/3/24,1017,NA,0.47916650000000005,NA,15.158333,NA,16.4625,5.907407444444445
4/3/24,1022,NA,0.29547599999999996,0.08822,6.657143,0.038849,17.425,7.143627470588235
4/3/24,1025,NA,0.458631,NA,13.504545,NA,42.3833335,16.903240777777775
4/4/24,1017,NA,0.308144,NA,7.078261,NA,14.3333335,5.9032407777777784
4/4/24,1022,NA,0.1856905,0.0035375,2.052381,0.04134525,14.095833500000001,6.309722222222222
4/4/24,1025,NA,0.2234845,NA,4.986364,NA,13.495454500000001,5.302525222222222
4/5/24,1017,NA,0.34109849999999997,NA,8.886364,NA,12.304166500000001,4.202314777777778
4/5/24,1022,NA,0.191119,5.976666666666667e-4,3.265,0.0422955,8.3166665,3.5064814444444443
4/5/24,1025,NA,0.230303,NA,5.981818,NA,13.16875,4.510185222222222
4/6/24,1017,NA,0.385606,NA,8.35,NA,12.44375,4.8
4/6/24,1022,NA,0.2046665,0.084178833,3.857143,0.04017775,13.3270835,5.115686294117647
4/6/24,1025,NA,0.3073865,NA,10.381818,NA,18.0166665,6.707870333333333
4/7/24,1017,NA,0.4795455,NA,9.004545,NA,12.397916500000001,5.109722222222222
4/7/24,1022,NA,0.2058255,0.10331066666666666,3.119048,0.039765249999999995,12.258333499999999,5.288235294117647
4/7/24,1025,NA,0.36420450000000004,NA,9.268182,NA,28.1479165,13.505555555555556
4/8/24,1017,NA,0.4109845,NA,13.186364,NA,16.19375,5.909259222222222
4/8/24,1022,NA,0.212095,0.101644,4.838095,0.04139875,16.1,6.1
4/8/24,1025,NA,0.3395835,NA,13.327273,NA,35.11875,14.804166666666667
4/9/24,1017,NA,0.5591345000000001,NA,20.4,NA,16.469565,5.208695666666666
4/9/24,1022,NA,0.2779205,0.13686666666666666,7.309524,0.044039749999999996,16.405,5.462352941
4/9/24,1025,NA,0.547024,NA,20.35,NA,54.1520835,21.803240777777777
4/10/24,1017,NA,0.587778,NA,19.283333,NA,21.314583499999998,5.9032407777777784
4/10/24,1022,NA,0.338627,0.18722566666666668,10.057143,0.04253975,23.0145835,6.801388888888889
4/10/24,1025,NA,0.50700750000000006,NA,16.468182,NA,52.2020835,18.306018555555557
4/11/24,1017,NA,0.556061,NA,16.631818,NA,20.0166665,8.300925888888889
4/11/24,1022,NA,0.345,0.10059916666666667,8.27619,0.03865275,23.15,10.001388888888888
4/11/24,1025,NA,0.343137,NA,8.322727,NA,29.14375,14.906018555555557
4/12/24,1017,NA,0.44318199999999996,NA,15.35,NA,19.064583499999998,9.305092555555555
4/12/24,1022,NA,0.243976,0.001328,4.466667,0.04355325,28.3652175,13.435038352941177
4/12/24,1025,NA,0.32821999999999996,NA,10.995455,NA,26.4729165,12.310185222222223
4/13/24,1017,NA,0.32821999999999996,NA,7.318182,NA,14.008333499999999,5.105555555555555
4/13/24,1022,NA,0.182857,0.001792833,2.07619,0.051169,16.2020835,5.410185222222222
4/13/24,1025,NA,0.24072,NA,6.809091,NA,18.3291665,5.708796333333334
4/14/24,1017,NA,0.387121,NA,6.990909,NA,7.25625,3.000463
4/14/24,1022,NA,0.183405,0.007086,2.12381,0.04719325,7.1395835000000005,3.0037036666666665
4/14/24,1025,NA,0.245644,NA,5.8,NA,10.4,3.8041666666666667
4/15/24,1017,NA,0.344129,NA,10.922727,NA,9.4113635,3.5045454444444446
4/15/24,1022,NA,0.1929525,0.007415,2.985714,0.050942749999999995,9.1520835,3.5549019411764706
4/15/24,1025,NA,0.26969699999999996,NA,9.168182,NA,13.03125,4.910185222222222
4/16/24,1017,NA,0.42532499999999995,NA,13.828571,NA,15.1916665,5.601851888888889
4/16/24,1022,NA,0.2484285,0.10251533333333333,5.952381,0.04451625,13.033333500000001,4.5074074444444445
4/16/24,1025,NA,0.3973485,NA,11.977273,NA,33.2020835,14.006018555555556
4/17/24,1017,NA,0.4805555,NA,16.976471,NA,19.1645835,6.3087963333333335
4/17/24,1022,NA,0.3396745,0.13713233333333333,8.557143,0.04364875,18.18125,6.9013888888888895
4/17/24,1025,NA,0.46549700000000005,NA,13.42,NA,43.4854165,17.007407444444443
4/18/24,1017,NA,0.4011905,NA,13.2,NA,27.28125,10.7625
4/18/24,1022,NA,0.2369125,0.022508166666666666,4.380952,0.045274,25.4108695,10.511764705882353
4/18/24,1025,NA,0.24055549999999998,NA,5.847368,NA,35.1065215,14.902415444444445
4/19/24,1017,NA,0.45021900000000004,NA,9.790909,NA,22.2586955,9.509178777777779
4/19/24,1022,NA,0.202381,0.021047333333333335,2.971429,0.0464205,20.4833335,9.402314777777779
4/19/24,1025,NA,0.271591,NA,6.354545,NA,25.229166499999998,11.900463
4/20/24,1017,NA,0.456629,NA,7.645455,NA,17.2854165,8.107407444444444
4/20/24,1022,NA,0.20721450000000002,0.012045666666666666,2.533333,0.048690250000000004,19.33125,9.200925888888888
4/20/24,1025,NA,0.206629,NA,3.981818,NA,18.345833499999998,8.109722222222222
4/21/24,1017,NA,0.4109845,NA,6.972727,NA,19.48125,10.3
4/21/24,1022,NA,0.250635,0.027069333333333334,3.033333,0.047928,24.229166499999998,12.1
4/21/24,1025,NA,0.2583335,NA,3.4,NA,25.2125,13.609259222222223
4/22/24,1017,NA,0.42202399999999995,NA,13.581818,NA,19.3270835,9.504166666666666
4/22/24,1022,NA,0.251,0,3.385714,0.04560525,24.4375,13.406481444444445
4/22/24,1025,NA,0.29109850000000004,NA,5.831818,NA,22.41875,10.903240777777778
4/23/24,1017,NA,0.369697,NA,10.259091,NA,18.4104165,6.810185222222222
4/23/24,1022,NA,0.1846665,6.64e-4,2.219048,0.044129249999999995,18.19375,7.110648111111111
4/23/24,1025,NA,0.230303,NA,5.440909,NA,18.46875,6.710648111111111
4/24/24,1017,NA,0.3454165,NA,10.186364,NA,13.085416500000001,4.508796333333334
4/24/24,1022,NA,0.171387,2.731666666666667e-4,2.12381,0.043617249999999996,13.25,4.574936058823529
4/24/24,1025,NA,0.208712,NA,4.477273,NA,14.33125,5.001851888888889
4/25/24,1017,NA,0.3651515,NA,9.659091,NA,10.470833500000001,3.501851888888889
4/25/24,1022,NA,0.157362,3.32e-4,1.980952,0.0413235,8.435416499999999,3.2041666666666666
4/25/24,1025,NA,0.2089015,NA,4.577273,NA,10.4625,3.701851888888889
4/26/24,1017,NA,0.3761365,NA,11.840909,NA,18.0708335,5.704166666666667
4/26/24,1022,NA,0.171952,0.003841833,2.247619,0.036284,15.366666500000001,5.6101852222222215
4/26/24,1025,NA,0.2304925,NA,4.954545,NA,20.239583500000002,6.506944444444445
4/27/24,1017,NA,0.36136349999999995,NA,7.295455,NA,21.0541665,6.908333333333333
4/27/24,1022,NA,0.18988100000000002,9.960000000000001e-4,2.438095,0.038645,21.4645835,7.162254882352941
4/27/24,1025,NA,0.24583349999999998,NA,5.540909,NA,26.3354165,8.309259222222224
4/28/24,1017,NA,0.4429925,NA,8.631818,NA,21.00625,7.907407444444445
4/28/24,1022,NA,0.212262,0.090335333,3.795238,0.035090500000000004,22.1791665,8.702314777777778
4/28/24,1025,NA,0.32821999999999996,NA,8.313636,NA,35.0291665,14.908333333333333
4/29/24,1017,NA,0.48447,NA,13.127273,NA,23.135416499999998,8.307870333333334
4/29/24,1022,NA,0.24661099999999997,0.083832167,5.271429,0.036109,25.4916665,9.904629666666667
4/29/24,1025,NA,0.343182,NA,8.722727,NA,34.2020835,14.405555555555555
4/30/24,1017,NA,0.4125,NA,11.245455,NA,27.122916500000002,10.810185222222223
4/30/24,1022,NA,0.23592049999999998,0.028398999999999997,4.171429,0.04059125,30.34375,11.64485294117647
4/30/24,1025,NA,0.356061,NA,10.918182,NA,41.1083335,17.01064811111111
5/1/24,1017,NA,0.37897749999999997,NA,10.218182,NA,29.34375,10.909259222222223
5/1/24,1022,NA,0.20557150000000002,0.033159333,3.242857,0.04684525,30.3270835,12.509722222222223
5/1/24,1025,NA,0.27822,NA,7.990909,NA,36.05,13.505555555555556
5/2/24,1017,NA,0.3695075,NA,11.431818,NA,33.2229165,14.006018555555556
5/2/24,1022,NA,0.20500000000000002,0.0077055,3.352632,0.043748749999999996,34.426086999999995,14.201449222222221
5/2/24,1025,NA,0.2799245,NA,7.318182,NA,42.2,17.609523777777778
5/3/24,1017,NA,0.4263255,NA,11.190909,NA,29.3708335,12.509259222222223
5/3/24,1022,NA,0.237329,0.031066833,3.8,0.049887249999999994,38.2145835,14.963725470588235
5/3/24,1025,NA,0.3083335,NA,8.013636,NA,36.2229165,15.206944444444444
5/4/24,1017,NA,0.3888255,NA,7.672727,NA,20.020833500000002,8.200925888888888
5/4/24,1022,NA,0.19316650000000002,0.006621167,2.152381,0.04087525,22.4520835,9.5
5/4/24,1025,NA,0.256061,NA,5.481818,NA,26.322916499999998,10.303240777777779
5/5/24,1017,NA,0.306439,NA,5.718182,NA,13.335416500000001,4.8
5/5/24,1022,NA,0.143722,0.006953167,1.428571,0.0404265,11.1520835,4.207870333333333
5/5/24,1025,NA,0.22007549999999998,NA,5.090909,NA,14.43125,5.509259222222222
5/6/24,1017,NA,0.475947,NA,12.572727,NA,19.0458335,6.3069444444444445
5/6/24,1022,NA,0.1883355,0.088214167,3.668421,0.04453525,16.0770835,5.612009823529412
5/6/24,1025,NA,0.293371,NA,9.727273,NA,28.1708335,10.808796333333333
5/7/24,1017,NA,0.39299249999999997,NA,10.640909,NA,23.4541665,8.110185222222222
5/7/24,1022,NA,0.203905,0.090601,3.771429,0.043158749999999996,23.181579,8.205848
5/7/24,1025,NA,0.3666665,NA,11.75,NA,39.075,14.010185222222223
5/8/24,1017,NA,0.3522725,NA,10.659091,NA,35.3291665,13.708796333333332
5/8/24,1022,NA,0.202266,0.023085166666666667,3.255,0.04260625,32.3479165,13.000925888888888
5/8/24,1025,NA,0.27803,NA,7.913636,NA,37.2666665,12.805555555555555
5/9/24,1017,NA,0.393561,NA,11.286364,NA,29.4875,11.605092555555554
5/9/24,1022,NA,0.20375,0.013458,3.65,0.040125,31.2229165,12.818627470588234
5/9/24,1025,NA,0.29602249999999997,NA,7.959091,NA,39.260416500000005,15.908333333333333
5/10/24,1017,NA,0.4445835,NA,11.868182,NA,29.421428499999998,11.809523777777779
5/10/24,1022,NA,0.21052500000000002,0.058630167,3.29,0.048025250000000005,28.114583500000002,12.300925888888889
5/10/24,1025,NA,0.266856,NA,6.527273,NA,30.2854165,12.900925888888889
5/11/24,1017,NA,0.45,NA,8.218182,NA,21.020833500000002,8.606944444444444
5/11/24,1022,NA,0.2071665,0.0037755,2.180952,0.046905749999999996,20.2583335,9.206944444444444
5/11/24,1025,NA,0.245644,NA,4.018182,NA,22.0770835,9.909722222222223
5/12/24,1017,NA,0.380303,NA,5.522727,NA,21.2333335,9.910185222222223
5/12/24,1022,NA,0.21428550000000002,0.008015667,2.195238,0.0456955,21.2895835,10.130147058823528
5/12/24,1025,NA,0.2151515,NA,3.354545,NA,29.1166665,14.702777777777778
5/13/24,1017,NA,0.350189,NA,8.690909,NA,19.41875,9.410185222222223
5/13/24,1022,NA,0.2026905,0.019240666666666666,3.009524,0.04118825,19.041666499999998,9.503240777777778
5/13/24,1025,NA,0.215341,NA,4.540909,NA,18.36875,9.302314777777779
5/14/24,1017,NA,0.348106,NA,9.427273,NA,18.1625,7.408333333333333
5/14/24,1022,NA,0.193706,0.0628085,2.961111,0.04498,16.425,8.207407444444444
5/14/24,1025,NA,0.230303,NA,5.536364,NA,21.489583500000002,10.905092555555555
5/15/24,1017,NA,0.360606,NA,11.518182,NA,16.3916665,5.704166666666667
5/15/24,1022,NA,0.191625,0.006495667,3.365,0.038157250000000004,16.029166500000002,6.341176470588235
5/15/24,1025,NA,0.225947,NA,5.945455,NA,14.220833500000001,5.704166666666667
5/16/24,1017,NA,0.404356,NA,10.686364,NA,13.0208335,4.908796333333334
5/16/24,1022,NA,0.19280950000000002,0.0152235,2.819048,0.0444585,13.0270835,5.209722222222222
5/16/24,1025,NA,0.20263150000000002,NA,4.818182,NA,14.154166499999999,5.709259222222222
5/17/24,1017,NA,0.437121,NA,11.390909,NA,10.4791665,4.303240777777778
5/17/24,1022,NA,0.2048335,2.6566666666666666e-4,3.542857,0.041014,10.2020835,4.905555555555556
5/17/24,1025,NA,0.240643,NA,5.004545,NA,10.4541665,4.304629666666666
5/18/24,1017,NA,0.4477275,NA,8.218182,NA,11.4229165,5.0037036666666665
5/18/24,1022,NA,0.1967855,7.303333333333333e-4,2.309524,0.04537175,12.21875,5.6742647058823525
5/18/24,1025,NA,0.206818,NA,3.909091,NA,13.4645835,6.4032407777777784
5/19/24,1017,NA,0.3041665,NA,5.390909,NA,10.314583500000001,4.605092555555555
5/19/24,1022,NA,0.18138100000000001,0.010396666666666667,1.985714,0.047414,11.0375,5.008333333333334
5/19/24,1025,NA,0.2045455,NA,3.318182,NA,12.2333335,4.906018555555556
5/20/24,1017,NA,0.2863095,NA,8.55,NA,17.395833500000002,6.1101852222222215
5/20/24,1022,NA,0.18465,0.036904667,2.371429,0.04714475,16.1479165,6.907870333333333
5/20/24,1025,NA,0.1977275,NA,4.086364,NA,15.3625,6.206018555555556
5/21/24,1017,NA,0.33049249999999997,NA,10.145455,NA,22.3479165,8.407870333333333
5/21/24,1022,NA,0.18440800000000002,0.034430999999999996,2.905263,0.04561225,21.3125,8.709259222222222
5/21/24,1025,NA,0.22007549999999998,NA,5.672727,NA,24.220833499999998,9.307870333333334
5/22/24,1017,NA,0.330303,NA,10.222727,NA,28.3,10.800463
5/22/24,1022,NA,0.194262,0.025951666666666668,2.642857,0.04842825,26.127083499999998,11.003703666666667
5/22/24,1025,NA,0.2195075,NA,5.113636,NA,28.154166500000002,11.702314777777778
5/23/24,1017,NA,0.330303,NA,12.213636,NA,21.333333500000002,8.102314777777778
5/23/24,1022,NA,0.1817355,0.0276836,2.817647,0.03546025,21.135416499999998,8.406018555555557
5/23/24,1025,NA,0.2390155,NA,7.186364,NA,22.0541665,7.909259222222222
5/24/24,1017,NA,0.3416665,NA,9.222727,NA,17.01875,6.907870333333333
5/24/24,1022,NA,0.183857,0.003576167,2.3,0.04524425,15.3854165,6.764705882352941
5/24/24,1025,NA,0.2660715,NA,6.504545,NA,19.45625,7.808333333333334
5/25/24,1017,NA,0.3325755,NA,6.795455,NA,10.2395835,4.003240777777778
5/25/24,1022,NA,0.12918249999999998,6.633333333333334e-5,1.719048,0.02832675,8.283333500000001,3.6050925555555557
5/25/24,1025,NA,0.1977275,NA,2.986364,NA,10.0208335,3.9032407777777776
5/26/24,1017,NA,0.343561,NA,5.45,NA,10.4166665,4.508796333333334
5/26/24,1022,NA,0.1555875,0.0370675,1.971429,0.036386,11.1104165,5.100925888888889
5/26/24,1025,NA,0.1977275,NA,3.309091,NA,13,5.200463
5/27/24,1017,NA,0.38447,NA,6.840909,NA,14.275,6.701388888888889
5/27/24,1022,NA,0.1925715,0.011648833333333332,2.4095240000000002,0.03792425,14.408333500000001,7.062009823529412
5/27/24,1025,NA,0.2107955,NA,3.840909,NA,19.0041665,8.203703666666666
5/28/24,1017,NA,0.380303,NA,9.745455,NA,19.2979165,8.702314777777778
5/28/24,1022,NA,0.2049285,0.0108165,3.566667,0.04026975,19.1791665,9.806944444444445
5/28/24,1025,NA,0.22822,NA,5.059091,NA,20.225,9.902777777777779
5/29/24,1017,NA,0.395644,NA,12.318182,NA,24.3113635,10.003030333333333
5/29/24,1022,NA,0.1967855,0.037134,3.338095,0.03882925,22.425,10.602314777777778
5/29/24,1025,NA,0.243371,NA,7.309091,NA,29.28,13.008888888888889
5/30/24,1017,NA,0.3108185,NA,9.326316,NA,38.333333499999995,14.807870333333334
5/30/24,1022,NA,0.1974285,0.069024,3.109524,0.041847,29.2125,12.642401941176471
5/30/24,1025,NA,0.256629,NA,9.318182,NA,46.2958335,20.104629666666668
5/31/24,1017,NA,0.4245835,NA,11.481818,NA,32.0291665,13.504166666666666
5/31/24,1022,NA,0.210865,0.025885166666666667,3.361905,0.0449445,29.302083500000002,13.506018555555556
5/31/24,1025,NA,0.2392045,NA,6.513636,NA,37.11875,17.306481444444444
6/1/24,1017,NA,0.428409,NA,8.927273,NA,19.197916499999998,8.5
6/1/24,1022,NA,0.204024,0.0579745,2.595238,0.048683000000000004,21.2,10.202777777777778
6/1/24,1025,NA,0.20227250000000002,NA,4.218182,NA,23.36875,10.903703666666667
6/2/24,1017,NA,0.38427999999999995,NA,7.904545,NA,19.1708335,8.900925888888889
6/2/24,1022,NA,0.187095,0.019463666666666667,2.204762,0.0390135,21.06875,9.945098058823529
6/2/24,1025,NA,0.2,NA,4.668182,NA,20.49375,8.408796333333333
6/3/24,1017,NA,0.38731099999999996,NA,10.259091,NA,19.23125,7.605092555555555
6/3/24,1022,NA,0.1922855,0.032085999999999996,3.309524,0.031595250000000005,14.397916500000001,7.102314777777777
6/3/24,1025,NA,0.262879,NA,7.363636,NA,22.1166665,9.706481444444444
6/4/24,1017,NA,0.362879,NA,10.009091,NA,19.283333499999998,7.903703666666667
6/4/24,1022,NA,0.193135,0.066443833,3.861905,0.030016,15.185416499999999,7.002777777777778
6/4/24,1025,NA,0.3022725,NA,8.672727,NA,33.1729165,13.906481444444445
6/5/24,1017,NA,0.421591,NA,11.086364,NA,20.375,8.610185222222222
6/5/24,1022,NA,0.252905,0.060353833333333336,5.766667,0.03155775,19.402272500000002,8.414171118
6/5/24,1025,NA,0.2675,NA,6.452381,NA,28.46875,12.900925888888889
6/6/24,1017,NA,0.4111745,NA,11.559091,NA,20.14375,8.202777777777778
6/6/24,1022,NA,0.247595,0.025020333333333332,5.2,0.0366075,22.0166665,10.403240777777778
6/6/24,1025,NA,0.24583349999999998,NA,5.618182,NA,20.2333335,9.802314777777779
6/7/24,1017,NA,0.3804925,NA,9.486364,NA,17.2229165,7.804166666666666
6/7/24,1022,NA,0.2172775,0.024774333333333332,3.004762,0.0375195,16.470833499999998,8.309259222222224
6/7/24,1025,NA,0.262689,NA,6.790909,NA,17.4208335,8.200925888888888
6/8/24,1017,NA,0.3867425,NA,7.481818,NA,12.3395835,5.404166666666667
6/8/24,1022,NA,0.185143,0.062934,2.147619,0.033020999999999995,13.0666665,5.298039235294118
6/8/24,1025,NA,0.206629,NA,4.945455,NA,11.4645835,4.8050925555555555
6/9/24,1017,NA,0.3736745,NA,6.054545,NA,10.0625,4.803703666666666
6/9/24,1022,NA,0.17585699999999999,0.021614833333333333,2.461905,0.03399075,11.4479165,5.502777777777778
6/9/24,1025,NA,0.1954545,NA,4.363636,NA,12.4229165,5.600925888888889
6/10/24,1017,NA,0.39545450000000004,NA,10.031818,NA,16.3791665,6.404166666666667
6/10/24,1022,NA,0.1994285,0.037565,3.271429,0.0403335,16.122916500000002,7.6
6/10/24,1025,NA,0.230303,NA,5.386364,NA,20.34375,10.008796333333333
6/11/24,1017,NA,0.42178000000000004,NA,11.904545,NA,18.135416499999998,7.010185222222222
6/11/24,1022,NA,0.206275,4.065e-4,4.480952,0.03643275,17.2645835,7.8946078235294115
6/11/24,1025,NA,0.235065,NA,6.378571,NA,18.4541665,8.409722222222223
6/12/24,1017,NA,0.427841,NA,10.463636,NA,16.0125,6.802777777777778
6/12/24,1022,NA,0.237278,0.066510333,4.228571,0.0410775,18.052083500000002,8.806481444444445
6/12/24,1025,NA,0.21306799999999998,NA,5.072727,NA,18.4208335,9.200463
6/13/24,1017,NA,0.3651515,NA,8.904545,NA,16.2,5.908796333333334
6/13/24,1022,NA,0.20021450000000002,0.027070999999999998,3.309524,0.041244,16.1416665,7.6101852222222215
6/13/24,1025,NA,0.22583350000000002,NA,4.759091,NA,15.477083499999999,7.300463
6/14/24,1017,NA,0.381061,NA,9.704545,NA,18.279166500000002,6.9
6/14/24,1022,NA,0.20600000000000002,0.065379833,4.157143,0.0392755,17.083333500000002,6.555882352941176
6/14/24,1025,NA,0.202381,NA,4.563636,NA,17.38125,7.4106481111111115
6/15/24,1017,NA,0.5392045,NA,10.368182,NA,24.125,9.810185222222223
6/15/24,1022,NA,0.274651,0.094774833,5.3190480000000004,0.0415495,25.322916499999998,11.403703666666667
6/15/24,1025,NA,0.2111745,NA,4.422727,NA,32.25625,14.903240777777778
6/16/24,1017,NA,0.34053,NA,7.159091,NA,49.28125,19.710185222222222
6/16/24,1022,NA,0.18275,0.069862167,2.879167,0.034085000000000004,47.26875,19.504166666666666
6/16/24,1025,NA,0.209091,NA,5.236364,NA,53.475,19.70092588888889
6/17/24,1017,NA,0.33465900000000004,NA,9.318182,NA,48.3354165,18.102777777777778
6/17/24,1022,NA,0.1799685,0.079152,2.595238,0.036138000000000003,41.3,15.787990176470588
6/17/24,1025,NA,0.2683335,NA,7.446667,NA,50.2645835,18.2
6/18/24,1017,NA,0.32499999999999996,NA,9.731818,NA,45.0875,16.503240777777776
6/18/24,1022,NA,0.154772,0.069024,2.766667,0.03624575,40.1833335,15.106018555555556
6/18/24,1025,NA,0.3104165,NA,7.259091,NA,48.4979165,16.300463
6/19/24,1017,NA,0.3460225,NA,9.995455,NA,42.177083499999995,14.506018555555556
6/19/24,1022,NA,0.188413,0.091265,3.566667,0.045122999999999996,37.1645835,13.705555555555556
6/19/24,1025,NA,0.2825755,NA,5.727273,NA,44.479166500000005,16.604629666666668
6/20/24,1017,NA,0.40890150000000003,NA,10.963636,NA,34.325,12.11064811111111
6/20/24,1022,NA,0.20707150000000002,0.066178333,4,0.04401375,33.2875,11.498774529411763
6/20/24,1025,NA,0.28200749999999997,NA,5.018182,NA,34.4738095,13.501058222222222
6/21/24,1017,NA,0.472159,NA,11.231818,NA,31.4625,12.410648111111112
6/21/24,1022,NA,0.232627,0.10093116666666667,4.8,0.041629,28.064583499999998,11.309722222222224
6/21/24,1025,NA,0.2136905,NA,4.371429,NA,32.4041665,12.706018555555556
6/22/24,1017,NA,0.54375,NA,10.559091,NA,26.01875,11.705092555555554
6/22/24,1022,NA,0.2875795,0.10364416666666666,5.933333,0.045115249999999996,29.4,13.410185222222223
6/22/24,1025,NA,0.2276515,NA,3.572727,NA,33.0666665,14.809259222222224
6/23/24,1017,NA,0.5195075,NA,10.577273,NA,27.104166499999998,11.506018555555556
6/23/24,1022,NA,0.23413499999999998,0.17682783333333332,4.014286,0.04493975,23.154166500000002,10.63014705882353
6/23/24,1025,NA,0.3107955,NA,7.204545,NA,37.13125,15.109259222222223
6/24/24,1017,NA,0.4988095,NA,14.4,NA,29.083333500000002,9.801851888888889
6/24/24,1022,NA,0.234516,0.15789783333333332,4.857143,0.04556125,20.4375,8.602314777777778
6/24/24,1025,NA,0.21912900000000002,NA,4.95,NA,24.029166500000002,9.806018555555557
6/25/24,1017,NA,0.430655,NA,11.172727,NA,30.2136365,10.102525222222221
6/25/24,1022,NA,0.1897855,0.097222167,4.009524,0.030502,21.2458335,8.510185222222223
6/25/24,1025,NA,0.18839250000000002,NA,3.904545,NA,28.2229165,10.601851888888888
6/26/24,1017,NA,0.357778,NA,9.695455,NA,30.1729165,10.900925888888889
6/26/24,1022,NA,0.1785875,0.025486833333333334,3.447619,0.03171825,21.2895835,9.868382352941177
6/26/24,1025,NA,0.18958350000000002,NA,3.918182,NA,23.145652,9.802415444444446
6/27/24,1017,NA,0.3141665,NA,9.24,NA,30.4375,12.002314777777778
6/27/24,1022,NA,0.1756745,0.11568983333333334,3.133333,0.0365635,22.2645835,10.000925888888888
6/27/24,1025,NA,0.250189,NA,7.545455,NA,36.229166500000005,13.807870333333334
6/28/24,1017,NA,0.3763255,NA,9.895455,NA,35.20625,13.007870333333333
6/28/24,1022,NA,0.18167450000000002,0.0754445,3.595238,0.032091,28.175,11.904629666666667
6/28/24,1025,NA,0.249811,NA,6.563636,NA,41.0291665,15.900925888888889
6/29/24,1017,NA,0.4325755,NA,7.381818,NA,24.0791665,10.6
6/29/24,1022,NA,0.215746,0.065315,3.590476,0.041195999999999997,25.1,11.552205882352942
6/29/24,1025,NA,0.2,NA,3.754545,NA,28.425,12.708796333333332
6/30/24,1017,NA,0.45,NA,7.104545,NA,18.45,8.900463
6/30/24,1022,NA,0.2070475,0.0788875,3.547619,0.040532,16.3375,8.209722222222222
6/30/24,1025,NA,0.2,NA,3.427273,NA,18.041666499999998,8.810648111111112
7/1/24,1017,NA,0.408081,NA,10.575,NA,23.4770835,10.001388888888888
7/1/24,1022,NA,0.219,0.065098833,3.87619,0.034944499999999996,19.05,9.208333333333332
7/1/24,1025,NA,0.245644,NA,6.563636,NA,33.125,15.404166666666667
7/2/24,1017,NA,0.3827655,NA,9.7,NA,25.1833335,9.803240777777779
7/2/24,1022,NA,0.209738,0.067639167,5.109524,0.035359249999999995,22.2022725,9.123262059
7/2/24,1025,NA,0.257738,NA,5,NA,27.364583500000002,11.704629666666666
7/3/24,1017,NA,0.474053,NA,11.077273,NA,22.3354165,9.308796333333333
7/3/24,1022,NA,0.2496295,0.065019167,5.152381,0.040369,21.064583499999998,9.210185222222222
7/3/24,1025,NA,0.243371,NA,5.127273,NA,21.35625,9.807870333333334
7/4/24,1017,NA,0.4041665,NA,7.327273,NA,16.35,8.107870333333333
7/4/24,1022,NA,0.206857,0.068557667,3.309524,0.0395,18.4625,9.704166666666666
7/4/24,1025,NA,0.2,NA,3.672727,NA,17.0895835,7.9013888888888895
7/5/24,1017,NA,0.439394,NA,10.372727,NA,22.425,10.403240777777778
7/5/24,1022,NA,0.22235749999999999,0.074178,3.971429,0.037033750000000004,23.06875,11.293872529411765
7/5/24,1025,NA,0.2267045,NA,5.068182,NA,26.41875,13.506018555555556
7/6/24,1017,NA,0.45,NA,7.868182,NA,24.18125,11.806018555555557
7/6/24,1022,NA,0.2485315,0.118134,3.538095,0.03828725,26.470833499999998,13.506481444444445
7/6/24,1025,NA,0.2776515,NA,6.35,NA,35.24375,15.801388888888889
7/7/24,1017,NA,0.413068,NA,6.363636,NA,17.4770835,8.307407444444445
7/7/24,1022,NA,0.21787299999999998,0.09431,3.757143,0.03483875,18.44375,8.705092555555554
7/7/24,1025,NA,0.2429925,NA,4.777273,NA,28.2104165,13.105555555555556
7/8/24,1017,NA,0.4390155,NA,10.763636,NA,22.145833500000002,9.200463
7/8/24,1022,NA,0.2460715,0.019831833333333333,4.47619,0.040010000000000004,20.052083500000002,9.106617647058822
7/8/24,1025,NA,0.22613650000000002,NA,3.977273,NA,23.029166500000002,10.403240777777778
7/9/24,1017,NA,0.433631,NA,11.804545,NA,23.25625,10.502314777777778
7/9/24,1022,NA,0.283127,0.037398,5.871429,0.044255749999999996,23.3583335,10.810185222222223
7/9/24,1025,NA,0.2607955,NA,4.890909,NA,28.3791665,14.400463
7/10/24,1017,NA,0.39,NA,11.1125,NA,19.041304500000003,8.903864777777779
7/10/24,1022,NA,0.2982145,0.083848667,5.966667,0.044268,24.3604165,12.013235294117647
7/10/24,1025,NA,0.2672345,NA,5.831818,NA,28.322916499999998,15.010648111111111
7/11/24,1017,NA,0.4577075,NA,14.904545,NA,22.0479165,10.905092555555555
7/11/24,1022,NA,0.287611,0.097487833,5.542857,0.04400175,27.39375,13.311274529411765
7/11/24,1025,NA,0.29736850000000004,NA,6.736364,NA,33.18125,18.706018555555556
7/12/24,1017,NA,0.4454545,NA,13.65,NA,22.302083500000002,11.401851888888888
7/12/24,1022,NA,0.267667,0.071469833,5.638095,0.03746425,23.1604165,12.5
7/12/24,1025,NA,0.252778,NA,6.511111,NA,27.020833500000002,15.606018555555556
7/13/24,1017,NA,0.41761349999999997,NA,9.677273,NA,16.4416665,8.310185222222223
7/13/24,1022,NA,0.21242850000000002,0.079817,4.085714,0.039322,20.3520835,10.309259222222224
7/13/24,1025,NA,0.2270835,NA,4.783333,NA,25.010416499999998,12.506944444444445
7/14/24,1017,NA,0.395644,NA,8.090909,NA,14.477083499999999,7.3050925555555555
7/14/24,1022,NA,0.1989285,0.028330833333333333,2.938095,0.0370785,17.033333499999998,7.978921588235294
7/14/24,1025,NA,0.2041665,NA,3.741667,NA,19.3125,9.904166666666667
7/15/24,1017,NA,0.410606,NA,11.1,NA,18.020833500000002,7.700463
7/15/24,1022,NA,0.1947105,0.015363,3.457143,0.03889675,17.033333499999998,7.907870333333333
7/15/24,1025,NA,0.2041665,NA,3.920833,NA,18.35625,8.600925888888888
7/16/24,1017,NA,0.36553,NA,11.2,NA,19.4875,8.005555555555556
7/16/24,1022,NA,0.196357,0.0179365,3.647619,0.035385,17.0125,7.708796333333334
7/16/24,1025,NA,0.20500000000000002,NA,4.58,NA,17.26875,7.602314777777777
7/17/24,1017,NA,0.35131599999999996,NA,11.331579,NA,20.4625,8.303240777777779
7/17/24,1022,NA,0.1939525,0.021246666666666667,3.785714,0.0360915,18.1604165,7.529901941176471
7/17/24,1025,NA,0.1973685,NA,4.073684,NA,19.442857,7.909523777777778
7/18/24,1017,NA,0.3997075,NA,13.427273,NA,25.2875,9.310185222222223
7/18/24,1022,NA,0.2092855,0.030123666666666667,5.080952,0.0359385,21.0875,9.703703666666666
7/18/24,1025,NA,0.21060600000000002,NA,4.554545,NA,24.097619,10.705290999999999
7/19/24,1017,NA,0.5285985,NA,14.290909,NA,23.06875,8.806944444444445
7/19/24,1022,NA,0.2755795,0.072665167,6.071429,0.04055325,21.31875,9.3
7/19/24,1025,NA,0.200568,NA,4.495455,NA,24.1166665,10.505092555555555
7/20/24,1017,NA,0.586553,NA,11.727273,NA,18.104166499999998,8.002777777777778
7/20/24,1022,NA,0.305591,0.0961752,5.507143,0.05065225,20.273913,8.689258294117646
7/20/24,1025,NA,0.230303,NA,3.995455,NA,25.3166665,10.701388888888888
7/21/24,1017,NA,0.419129,NA,9.8,NA,22.372916500000002,10.106944444444444
7/21/24,1025,NA,0.1954545,NA,3.809091,NA,28.175,11.509722222222223
7/22/24,1017,NA,0.447159,NA,12.736364,NA,25.3666665,9.902116444444445
7/22/24,1022,NA,0.1934285,-1.8,NA,0.03662025,24.586667,10.833333
7/22/24,1025,NA,0.20227250000000002,NA,4.568182,NA,29.122916500000002,12.508333333333333
7/23/24,1017,NA,0.434659,NA,13.272727,NA,24.3916665,8.809722222222224
7/23/24,1022,NA,0.240278,NA,NA,0.03091775,21.1729165,9.718627470588235
7/23/24,1025,NA,0.2214015,NA,4.959091,NA,25.1166665,11.109259222222223
7/24/24,1017,NA,0.4645835,NA,13.513636,NA,22.2354165,8.105092555555554
7/24/24,1022,NA,0.2114165,NA,4.95,0.02715275,24.020833500000002,9.406018555555557
7/24/24,1025,NA,0.2247475,NA,5.281818,NA,27.4729165,11.404166666666667
7/25/24,1017,NA,0.4910175,NA,14.5125,NA,31.40625,12.408333333333333
7/25/24,1022,NA,0.255564,NA,5.225,0.04053475,29.4916665,12.503240777777778
7/25/24,1025,NA,0.2249485,NA,4.809524,NA,31.2270835,12.907407444444445
7/26/24,1017,NA,0.4916665,NA,14.25,NA,27.177083500000002,11.001388888888888
7/26/24,1022,NA,0.166,NA,5.83125,0.0327065,28.4,11.313071888888889
7/26/24,1025,NA,0.22178,NA,4.322727,NA,28.1020835,12.706481444444444
7/27/24,1017,NA,0.44999999999999996,NA,9.783333,NA,24.1625,11.110185222222222
7/27/24,1022,NA,0.2367225,NA,3.95,0.03248,24.0083335,11.6
7/27/24,1025,NA,0.206818,NA,3.718182,NA,27.44375,12.709722222222222
7/28/24,1017,NA,0.4395835,NA,8.808333,NA,18.354166499999998,8.902314777777779
7/28/24,1022,NA,0.2170955,NA,3.354545,0.034909,21.00625,10.103703666666666
7/28/24,1025,NA,0.2,NA,3.422727,NA,26.2583335,11.204629666666666
7/29/24,1017,NA,0.4589705,NA,12.2,NA,19.2041665,7.900925889
7/29/24,1022,NA,0.257687,NA,4.927273,0.03289325,19.2645835,7.773284294117647
7/29/24,1025,NA,0.2304925,NA,5.168182,NA,21.4604165,9.009722222222223
7/30/24,1017,NA,0.45744050000000003,NA,13.981818,NA,19.145833500000002,7.901851888888889
7/30/24,1022,NA,0.284238,NA,5.277273,0.03522525,20.090909,9.105050555555556
7/30/24,1025,NA,0.258712,NA,4.8,NA,20.18125,8.910185222222223
7/31/24,1017,NA,0.465341,NA,13.227273,NA,18.0270835,7.501851888888889
7/31/24,1022,NA,0.26529349999999996,NA,5.295455,0.03379575,20.18125,8.806018555555557
7/31/24,1025,NA,0.24545450000000002,NA,4.804545,NA,18.216666500000002,8.402777777777779
8/1/24,1017,NA,0.474432,NA,14.213636,NA,21.072916499999998,7.3050925555555555
8/1/24,1022,NA,0.27150799999999997,NA,6.131818,0.02940025,20.0125,7.667156882352941
8/1/24,1025,NA,0.22197,NA,5.413636,NA,15.481579,6.508187111111111
8/2/24,1017,NA,0.6116885000000001,NA,16.963636,NA,22.025,7.504166666666666
8/2/24,1022,NA,0.293204,NA,6.718182,0.042427,21.470833499999998,8.602314777777778
8/2/24,1025,NA,0.3015155,NA,5.731818,NA,20.033333499999998,8.002777777777778
8/3/24,1017,NA,0.6089015,NA,12.440909,NA,19.291666499999998,7.706944444444445
8/3/24,1022,NA,0.278111,NA,5.571429,0.04308525,20.4604165,8.604629666666666
8/3/24,1025,NA,0.225947,NA,4.259091,NA,21.0083335,9.106018555555556
8/4/24,1017,NA,0.555871,NA,11.4,NA,17.466666500000002,7.8087963333333335
8/4/24,1022,NA,0.276111,NA,4.919048,0.0376915,20.0458335,8.521813705882353
8/4/24,1025,NA,0.1977275,NA,3.122727,NA,19.177083500000002,8.801388888888889
8/5/24,1017,NA,0.5647724999999999,NA,16.363636,NA,25.3479165,9.406018555555557
8/5/24,1022,NA,0.25480749999999996,NA,6.223077,0.0279905,23.275,9.809722222222224
8/5/24,1025,NA,0.265341,NA,5.140909,NA,24.3791665,10.704629666666666
8/6/24,1017,NA,0.524432,NA,18.654545,NA,31.372916500000002,12.010648111111111
8/6/24,1022,NA,0.219206,NA,3.995238,0.039259749999999996,22.018182,9.904545444444445
8/6/24,1025,NA,0.2392045,NA,5.363636,NA,31.2541665,12.209259222222222
8/7/24,1017,NA,0.441288,NA,14.854545,NA,29.4604165,12.403703666666667
8/7/24,1022,NA,0.21454,NA,4.895238,0.02753675,29.34375,13
8/7/24,1025,NA,0.25,NA,6.45,NA,40.0625,16.404629666666665
8/8/24,1017,NA,0.39545450000000004,NA,13.722727,NA,26.072916499999998,11.105555555555556
8/8/24,1022,NA,0.209183,NA,4.663636,0.0322135,24.2666665,10.807407444444445
8/8/24,1025,NA,0.2695075,NA,5.804545,NA,28.2979165,12.103240777777778
8/9/24,1017,NA,0.43503800000000004,NA,12.231818,NA,23.44375,9.909722222222223
8/9/24,1022,NA,0.23606349999999998,NA,4.036364,0.0347225,25.0875,11.306018555555557
8/9/24,1025,NA,0.2410985,NA,4.8,NA,28.2625,12.407407444444445
8/10/24,1017,NA,0.5172345,NA,11.831818,NA,23.3979165,11.101851888888888
8/10/24,1022,NA,0.2680555,NA,4.281818,0.04077425,26.1645835,12.405092555555555
8/10/24,1025,NA,0.2151515,NA,4.009091,NA,24.439583499999998,11.5
8/11/24,1017,NA,0.545644,NA,12.713636,NA,28.385416499999998,14.407407444444445
8/11/24,1022,NA,0.2924285,NA,5.619048,0.026477,30.166666499999998,15.506481444444445
8/11/24,1025,NA,0.2132575,NA,4.336364,NA,37.1208335,17.509722222222223
8/12/24,1017,NA,0.530655,NA,15.595455,NA,29.2979165,12.804629666666667
8/12/24,1022,NA,0.2683095,NA,6.136364,0.03371425,28.4833335,15.007870333333333
8/12/24,1025,NA,0.23712100000000003,NA,4.672727,NA,28.489583500000002,15.100463
8/13/24,1017,NA,0.4395835,NA,15.422727,NA,26.260416499999998,12.008796333333333
8/13/24,1022,NA,0.228021,NA,5.329167,0.030399,26.0583335,12.070588235294117
8/13/24,1025,NA,0.252462,NA,5.422727,NA,34.4208335,17.00185188888889
8/14/24,1017,NA,0.458712,NA,15.5,NA,27.475,11.605050555555556
8/14/24,1022,NA,0.2442045,NA,6.042857,0.0289995,28.2979165,13.110185222222222
8/14/24,1025,NA,0.29981100000000005,NA,7.609091,NA,40.114583499999995,18.010185222222223
8/15/24,1017,NA,0.455556,NA,14.05,NA,26.010416499999998,9.700925888888888
8/15/24,1022,NA,0.251913,NA,6.173913,0.0328365,26.1,11
8/15/24,1025,NA,0.245644,NA,6.118182,NA,31.404166500000002,14.006018555555556
8/16/24,1017,NA,0.528205,NA,13.340909,NA,32.2145835,12.007407444444445
8/16/24,1022,NA,0.2392065,NA,5.209524,0.03453275,32,11.660539235294117
8/16/24,1025,NA,0.27822,NA,8.581818,NA,44.4458335,16.8
8/17/24,1017,NA,0.42613650000000003,NA,8.368182,NA,25.3083335,10.4
8/17/24,1022,NA,0.195,NA,3.540909,0.0316495,27.0708335,11.210185222222222
8/17/24,1025,NA,0.22197,NA,5.05,NA,35.3375,14.100925888888888
8/18/24,1017,NA,0.406439,NA,7.704545,NA,18.45625,8.008796333333333
8/18/24,1022,NA,0.19366650000000002,NA,2.895238,0.033925750000000005,20.4333335,8.905555555555555
8/18/24,1025,NA,0.2109845,NA,3.895455,NA,24.020833500000002,9.702777777777778
8/19/24,1017,NA,0.464881,NA,12.877273,NA,21.1833335,7.201388888888889
8/19/24,1022,NA,0.2299365,NA,5.05,0.0351775,21.4208335,7.163235294117647
8/19/24,1025,NA,0.284659,NA,6.622727,NA,24.1020835,8.703703666666666
8/20/24,1017,NA,0.59375,NA,17.118182,NA,26.20625,7.106944444444444
8/20/24,1022,NA,0.275706,NA,8.394737,0.03517825,23.33125,6.906944444444445
8/20/24,1025,NA,0.3625,NA,7.954545,NA,34.0708335,11.204629666666666
8/21/24,1017,NA,0.45625000000000004,NA,14.627273,NA,32.1625,11.11064811111111
8/21/24,1022,NA,0.24564550000000002,NA,4.959091,0.03674475,30.45,12.108333333333333
8/21/24,1025,NA,0.277381,NA,7.890476,NA,46.25,16.406018555555555
8/22/24,1017,NA,0.4477275,NA,12.968182,NA,31.0666665,11.002777777777778
8/22/24,1022,NA,0.240659,NA,4.533333,0.033535,30.0583335,11.155882352941177
8/22/24,1025,NA,0.2632575,NA,5.927273,NA,37.4104165,16.40185188888889
8/23/24,1017,NA,0.37458349999999996,NA,10.354545,NA,19.4875,7.208796333333334
8/23/24,1022,NA,0.191262,NA,3.113636,0.03063875,17.2979165,7.2
8/23/24,1025,NA,0.249432,NA,4.827273,NA,19.3291665,7.100925888888889
8/24/24,1017,NA,0.3804925,NA,7.990909,NA,18.1833335,8.009259222222223
8/24/24,1022,NA,0.199,NA,3.163636,0.0335495,19.1708335,8.500925888888888
8/24/24,1025,NA,0.25,NA,5.718182,NA,27.1604165,9.603703666666666
8/25/24,1017,NA,0.430871,NA,9.286364,NA,19.4520835,8.808796333333333
8/25/24,1022,NA,0.2,NA,2.719048,0.03759475,19.0708335,8.036274529411765
8/25/24,1025,NA,0.31553,NA,7.472727,NA,37.4145835,15.805092555555555
8/26/24,1017,NA,0.4622025,NA,13.759091,NA,27.1833335,9.109259222222223
8/26/24,1022,NA,0.2359365,NA,4.722727,0.0340415,22.38125,8.506018555555556
8/26/24,1025,NA,0.375379,NA,8.836364,NA,32.325,12.207407444444444
8/27/24,1017,NA,0.399621,NA,11.659091,NA,26.1020835,9.804629666666667
8/27/24,1022,NA,0.25152399999999997,NA,4.786364,0.03490175,25.1479165,10.409259222222223
8/27/24,1025,NA,0.22159099999999998,NA,4.686364,NA,26.30625,12.001851888888888
8/28/24,1017,NA,0.39147750000000003,NA,10.686364,NA,25.4604165,10.601851888888888
8/28/24,1022,NA,0.241635,NA,4.190909,0.038844,25.1295455,10.895454529411765
8/28/24,1025,NA,0.243371,NA,4.868182,NA,27.147619,12.503174555555555
8/29/24,1017,NA,0.38731099999999996,NA,10.631818,NA,23.4604165,9.107870333333333
8/29/24,1022,NA,0.2065475,NA,3.1,0.0419105,22.4770835,9.510648111111111
8/29/24,1025,NA,0.2283335,NA,5.131818,NA,24.16875,9.704629666666666
8/30/24,1017,NA,0.4265155,NA,11.295455,NA,26.091666500000002,10.705092555555554
8/30/24,1022,NA,0.2279365,NA,3.259091,0.040777,23.2979165,10.501851888888888
8/30/24,1025,NA,0.2801135,NA,6.472727,NA,24.4020835,9.408796333333333
8/31/24,1017,NA,0.48693200000000003,NA,10.186364,NA,23.375,11.006944444444445
8/31/24,1022,NA,0.27329400000000004,NA,4.109091,0.041972,26.1958335,11.409313705882353
8/31/24,1025,NA,0.29072,NA,5.136364,NA,24.0083335,11.200463
9/1/24,1017,NA,0.465341,NA,8.413636,NA,24.002083499999998,11.910185222222223
9/1/24,1022,NA,0.2707225,NA,3.128571,0.042527999999999996,28.2541665,14.405555555555555
9/1/24,1025,NA,0.230871,NA,5.1,NA,24.216666500000002,11.904166666666667
9/2/24,1017,NA,0.510606,NA,9.709091,NA,26.0895835,12.303703666666667
9/2/24,1022,NA,0.290246,NA,4.595455,0.03544925,28.3604165,13.806018555555557
9/2/24,1025,NA,0.269318,NA,5.154545,NA,35.0020835,17.10138888888889
9/3/24,1017,NA,0.575,NA,15.845455,NA,27.083333500000002,11.204166666666666
9/3/24,1022,NA,0.3059445,NA,7.327273,0.0289885,26.1333335,10.587009823529412
9/3/24,1025,NA,0.319318,NA,7.281818,NA,25.333333500000002,11.010648111111111
9/4/24,1017,NA,0.5785985,NA,16.813636,NA,29.0625,10.606481444444444
9/4/24,1022,NA,0.3244205,NA,7.1,0.038848,27.41875,10.908796333333333
9/4/24,1025,NA,0.2892045,NA,6.695455,NA,28.1395835,12.21064811111111
9/5/24,1017,NA,0.67197,NA,22.495455,NA,34.3272725,11.204040444444443
9/5/24,1022,NA,0.36609499999999995,NA,9.154545,0.04944725,33.26875,11.002314777777778
9/5/24,1025,NA,0.3708335,NA,9.1875,NA,31.354166499999998,10.808796333333333
9/6/24,1017,NA,0.7166665,NA,26.266667,NA,46.3979165,16.202777777777776
9/6/24,1022,NA,0.3980315,NA,9.745455,0.044409000000000004,45.4020835,14.846568647058824
9/6/24,1025,NA,0.5125,NA,13.454167,NA,58.1729165,17.500463
9/7/24,1022,NA,0.433381,NA,8.481818,0.054609000000000005,45.4458335,17.705092555555556
9/7/24,1025,NA,0.4473485,NA,8.345455,NA,44.1520835,16.105092555555558
9/8/24,1022,NA,0.40084600000000004,NA,6.495238,0.054925749999999995,45.020833499999995,15.510648111111111
9/8/24,1025,NA,0.46458350000000004,NA,9.004545,NA,47.0583335,17.210185222222222
9/9/24,1022,NA,0.41037500000000005,NA,7.394444,0.04968275,46.48125,16.152941176470588
9/9/24,1025,NA,0.32784100000000005,NA,6.627273,NA,36.1208335,12.803703666666667
9/10/24,1022,NA,0.260857,NA,8.009091,0.030442,30.2020835,9.206018555555556
9/10/24,1025,NA,0.373392,NA,7.557895,NA,28.260416499999998,9.907870333333333
9/11/24,1022,NA,0.1850715,NA,2.872727,0.032284,24.3791665,9.909259222222223
9/11/24,1025,NA,0.20714300000000002,NA,5.241667,NA,23.325,8.902314777777779
9/12/24,1017,NA,0.14,NA,8.418182,NA,31.3625,11.104166666666666
9/12/24,1022,NA,0.1905,NA,3.55,0.03011075,33.2020835,10.644607823529412
9/12/24,1025,NA,0.2392045,NA,6.790909,NA,33.0375,10.607407444444444
9/13/24,1017,NA,0.34621199999999996,NA,10.65,NA,30.3791665,9.609722222222222
9/13/24,1022,NA,0.193524,NA,3.131818,0.032817,28.3625,9.406481444444445
9/13/24,1025,NA,0.2695075,NA,7.377273,NA,31.29375,9.008796333333333
9/14/24,1017,NA,0.41950750000000003,NA,8.277273,NA,21.135416499999998,8.003240777777778
9/14/24,1022,NA,0.20166650000000003,NA,2.581818,0.039745249999999996,23.1125,8.570588235294117
9/14/24,1025,NA,0.249811,NA,5.127273,NA,26.11875,10.3
9/15/24,1017,NA,0.3672345,NA,8.15,NA,16.220833499999998,6.803240777777778
9/15/24,1022,NA,0.19259500000000002,NA,1.933333,0.04251125,17.283333499999998,7.3490195882352944
9/15/24,1025,NA,0.21287899999999998,NA,3.404545,NA,16.39375,6.802777777777778
9/16/24,1017,NA,0.330952,NA,10.4,NA,20.1,5.600925888888889
9/16/24,1022,NA,0.179905,NA,1.681818,0.03711,15.0416665,5.300463
9/16/24,1025,NA,0.2304925,NA,5.136364,NA,17.2666665,5.602314777777777
9/17/24,1017,NA,0.317831,NA,9.429412,NA,20.1416665,5.8069444444444445
9/17/24,1022,NA,0.189619,NA,2.781818,0.03402575,17.11875,5.708333333333334
9/17/24,1025,NA,0.256629,NA,7.263636,NA,19.333333500000002,6.203240777777778
9/18/24,1017,NA,0.337121,NA,10.513636,NA,21.1520835,6.909259222222222
9/18/24,1022,NA,0.1965,NA,2.890909,0.03808075,20.18125,6.913480411764706
9/18/24,1025,NA,0.2770835,NA,7.742857,NA,20.44375,7.108796333333333
9/19/24,1017,NA,0.357143,NA,11.477273,NA,23.025,7.006018555555555
9/19/24,1022,NA,0.1949525,NA,2.595455,0.0401615,20.127083499999998,7.503240777777778
9/19/24,1025,NA,0.275947,NA,6.472727,NA,19.404166500000002,6.501851888888889
9/20/24,1017,NA,0.3566665,NA,10.573333,NA,13.154166499999999,4.105555555555555
9/20/24,1022,NA,0.18712499999999999,NA,3.382353,0.03270275,11.102083499999999,4.010648111111111
9/20/24,1025,NA,0.2482955,NA,7.109091,NA,10.3479165,3.8009258888888886
9/21/24,1017,NA,0.400379,NA,7.85,NA,13.210416500000001,5.604166666666666
9/21/24,1022,NA,0.20564300000000002,NA,3.145455,0.03739075,15.085416500000001,5.786274529411765
9/21/24,1025,NA,0.3104165,NA,8.654545,NA,16.229166499999998,6.810648111111111
9/22/24,1017,NA,0.5,NA,7.9,NA,16.44375,8.6
9/22/24,1022,NA,0.2220635,NA,3.133333,0.04197475,19.05625,9.403703666666667
9/22/24,1025,NA,0.245644,NA,4.881818,NA,18.158333499999998,9.506944444444445
9/23/24,1017,NA,0.451809,NA,11.028571,NA,19.395833500000002,9.904166666666667
9/23/24,1022,NA,0.3002145,NA,4.613636,0.04918725,25.372916500000002,13.506018555555556
9/23/24,1025,NA,0.28863649999999996,NA,5.440909,NA,21.416666499999998,11.909259222222223
9/24/24,1017,NA,0.406439,NA,9.640909,NA,24.3395835,11.102314777777778
9/24/24,1022,NA,0.302365,NA,4.363636,0.0459495,30.122916500000002,12.365686294117648
9/24/24,1025,NA,0.26704550000000005,NA,5.45,NA,20.275,10.106944444444444
9/25/24,1017,NA,0.3848485,NA,10.377273,NA,18.122916500000002,7.906481444444445
9/25/24,1022,NA,0.2112145,NA,3.204545,0.04247875,20.25625,10.002777777777778
9/25/24,1025,NA,0.2320835,NA,5.275,NA,16.0458335,7.5037036666666665
9/26/24,1017,NA,0.40227250000000003,NA,11.859091,NA,22.492857,8.904232777777779
9/26/24,1022,NA,0.2290665,NA,4.925,0.0335375,23.231818,11.004040444444444
9/26/24,1025,NA,0.225,NA,5.918182,NA,20.097619,9.207936555555555
9/27/24,1017,NA,0.45454550000000005,NA,11.877273,NA,17.4958335,7.903703666666667
9/27/24,1022,NA,0.2648235,NA,6.872222,0.02994275,22.46875,9.458578411764705
9/27/24,1025,NA,0.277381,NA,7.745455,NA,22.25,11.009722222222223
9/28/24,1017,NA,0.4804925,NA,8.554545,NA,13.3916665,6.705555555555556
9/28/24,1022,NA,0.27763499999999997,NA,5.418182,0.038459,18.25,9.400463
9/28/24,1025,NA,0.256818,NA,6.568182,NA,20.0541665,9.805092555555555
9/29/24,1017,NA,0.493939,NA,9.877273,NA,13.3229165,7.608333333333333
9/29/24,1022,NA,0.284976,NA,5.666667,0.035502,18.41875,9.900463
9/29/24,1025,NA,0.2816175,NA,5.304167,NA,20.4229165,11.205092555555554
9/30/24,1017,NA,0.581818,NA,14.768182,NA,20.0875,7.907870333333333
9/30/24,1022,NA,0.3623015,NA,9.109091,0.03043175,25.091666500000002,10.178921588235294
9/30/24,1025,NA,0.30378799999999995,NA,6.986364,NA,29.427083500000002,14.908333333333333
10/1/24,1017,NA,0.600379,NA,16.268182,NA,24.4229165,10.009722222222223
10/1/24,1022,NA,0.33458350000000003,NA,10.7,0.01664725,33.3291665,13.606944444444444
10/1/24,1025,NA,0.3416665,NA,8.954545,NA,35.2041665,16.208796333333332
10/2/24,1017,NA,0.6738635,NA,22.113636,NA,33.45625,11.61064811111111
10/2/24,1022,NA,0.40897649999999997,NA,11.254545,0.037122499999999996,32.2479165,12.709722222222222
10/2/24,1025,NA,0.4492425,NA,10.359091,NA,32.3041665,13.605555555555556
10/3/24,1017,NA,0.5224025,NA,16.5125,NA,34.4375,13.602314777777778
10/3/24,1022,NA,0.32752349999999997,NA,8.409091,0.03306425,33.3833335,12.848529411764705
10/3/24,1025,NA,0.325568,NA,10.368182,NA,42.2875,19.107407444444444
10/4/24,1017,NA,0.6107955,NA,13.759091,NA,29.427083500000002,14.100463
10/4/24,1022,NA,0.38184949999999995,NA,9.604545,0.031648,39.229166500000005,18.502314777777777
10/4/24,1025,NA,0.330303,NA,8.881818,NA,46.270833499999995,21.00092588888889
10/5/24,1017,NA,0.604356,NA,10.536364,NA,22.447916499999998,12.500925888888888
10/5/24,1022,NA,0.386246,NA,7.886364,0.03963975,32.3833335,16.91018522222222
10/5/24,1025,NA,0.34375,NA,6.927273,NA,38.2041665,20.008796333333333
10/6/24,1017,NA,0.57125,NA,9.09375,NA,14.1833335,7.501388888888889
10/6/24,1022,NA,0.4117855,NA,8.504762,0.03763925,27.26875,12.569607823529411
10/6/24,1025,NA,0.360606,NA,5.781818,NA,29.416666499999998,16.504166666666666
10/7/24,1017,NA,0.7042615,NA,17.882353,NA,20.49375,7.207870333333333
10/7/24,1022,NA,0.474381,NA,13.340909,0.03299,26.052083500000002,9.609722222222222
10/7/24,1025,NA,0.38901549999999996,NA,8.495455,NA,22.3208335,11.100925888888888
10/8/24,1017,NA,0.639583,NA,18.991667,NA,23.333333500000002,8.007870333333333
10/8/24,1022,NA,0.46673,NA,12.645,0.03515,28.2729165,10.508333333333333
10/8/24,1025,NA,0.35359850000000004,NA,8.109091,NA,24.3375,12.006944444444445
10/9/24,1017,NA,0.4625,NA,11.495833,NA,19.3270835,8.500463
10/9/24,1022,NA,0.3354365,NA,7.263636,0.03398775,33.3708335,13.001960764705881
10/9/24,1025,NA,0.28939400000000004,NA,6.895455,NA,31.1416665,15.704629666666666
10/10/24,1017,NA,0.515954,NA,15.465,NA,25.135416499999998,10.508333333333333
10/10/24,1022,NA,0.3884605,NA,10.054545,0.03124325,32.270833499999995,14.901388888888889
10/10/24,1025,NA,0.3414775,NA,8.936364,NA,40.45625,19.702777777777776
10/11/24,1017,NA,0.7045455,NA,21.195455,NA,27.302083500000002,10.305092555555555
10/11/24,1022,NA,0.454013,NA,13.181818,0.035232,31.0458335,11.807870333333334
10/11/24,1025,NA,0.4174245,NA,10.413636,NA,24.416666499999998,12.603240777777778
10/12/24,1017,NA,0.70947,NA,15.340909,NA,21.458333500000002,9.7
10/12/24,1022,NA,0.35877000000000003,NA,8.681818,0.0396445,24.435416500000002,10.800925888888889
10/12/24,1025,NA,0.418939,NA,8.886364,NA,31.1104165,15.5
10/13/24,1017,NA,0.39128799999999997,NA,7.359091,NA,14.366666500000001,7.206944444444445
10/13/24,1022,NA,0.2201905,NA,3.995238,0.031232999999999997,19.3708335,9.108333333333333
10/13/24,1025,NA,0.2195075,NA,4.577273,NA,18.252083499999998,7.300925888888889
10/14/24,1017,NA,0.324561,NA,8.990909,NA,17.145833500000002,6.7
10/14/24,1022,NA,0.191262,NA,3.259091,0.0312885,17.029166500000002,7.001851888888889
10/14/24,1025,NA,0.262689,NA,6.313636,NA,16.3395835,6.104166666666666
10/15/24,1017,NA,0.41950750000000003,NA,11.790909,NA,17.3826085,6.800966222222222
10/15/24,1022,NA,0.205119,NA,4.068182,0.034655000000000005,17.3520835,7.806018555555555
10/15/24,1025,NA,0.30928,NA,9.9,NA,25.364583500000002,11.21064811111111
10/16/24,1017,NA,0.43625,NA,13.225,NA,25.2770835,10.010648111111111
10/16/24,1022,NA,0.2343495,NA,4.077273,0.03992925,25.260416499999998,12.509259222222223
10/16/24,1025,NA,0.3356725,NA,8.984211,NA,29.3891305,14.709661888888888
10/17/24,1017,NA,0.305263,NA,10.925,NA,18.14375,6.807870333333333
10/17/24,1022,NA,0.19316650000000002,NA,3.654545,0.040100250000000004,16.0979165,6.402314777777778
10/17/24,1025,NA,0.34478,NA,10.65,NA,24.033333499999998,7.509722222222222
10/18/24,1017,NA,0.42329550000000005,NA,14.268182,NA,35.2770835,7.804629666666666
10/18/24,1022,NA,0.199984,NA,4.559091,0.03592,33.1958335,8.206944444444444
10/18/24,1025,NA,0.405682,NA,14.686364,NA,38.0791665,11.105092555555554
10/19/24,1017,NA,0.596212,NA,15.445455,NA,41.479166500000005,6.902314777777778
10/19/24,1022,NA,0.2724685,NA,8.027273,0.0351975,44.3875,7.900925889
10/19/24,1025,NA,0.6397725000000001,NA,22.468182,NA,90.4020835,21.20092588888889
10/20/24,1017,NA,0.674811,NA,15.959091,NA,33.4104165,5.507870333333333
10/20/24,1022,NA,0.2964685,NA,8.790476,0.037331249999999996,32.2770835,6.210648111111111
10/20/24,1025,NA,0.447159,NA,16.281818,NA,58.4458335,12.203703666666666
10/21/24,1017,NA,0.6535715,NA,23.554545,NA,29.1166665,5.707870333333333
10/21/24,1022,NA,0.39791299999999996,NA,13.266667,0.036422500000000003,28.2458335,6.801388888888889
10/21/24,1025,NA,0.788068,NA,22.954545,NA,68.22708349999999,16.805555555555557
10/22/24,1017,NA,0.635038,NA,22.940909,NA,33.3770835,8.401851888888888
10/22/24,1022,NA,0.534091,0.103158,17.625,0.021166749999999998,32.3354165,8.701851888888887
10/22/24,1025,NA,0.8009470000000001,NA,22.586364,NA,69.4104165,20.60092588888889
10/23/24,1017,NA,0.6604165,NA,24.804545,NA,30.416666499999998,7.705555555555556
10/23/24,1022,NA,0.476635,0.1916601666666667,14.995238,0.0411805,35.3520835,10.306018555555557
10/23/24,1025,NA,0.9194445,NA,21.347619,NA,70.275,20.10185188888889
10/24/24,1017,NA,0.7134469999999999,NA,28.172727,NA,32.118182000000004,8.602020222222222
10/24/24,1022,NA,0.528143,0.14070850000000001,16.980952,0.03511525,36.1214285,11.70476188888889
10/24/24,1025,NA,0.6426135,NA,14.472727,NA,34.168182,13.810101000000001
10/25/24,1017,NA,0.6892045,NA,24.040909,NA,29.3604165,9.2
10/25/24,1022,NA,0.4718255,0.073594667,13.638095,0.03523425,32.4020835,12.609259222222223
10/25/24,1025,NA,0.5125,NA,12.736364,NA,32.4520835,17.10138888888889
10/26/24,1017,NA,0.8035985,NA,18.645455,NA,24.427083500000002,8.805092555555555
10/26/24,1022,NA,0.472,0.073928333,12.128571,0.0440385,30.0666665,12.106018555555556
10/26/24,1025,NA,0.7662880000000001,NA,15.790909,NA,53.4645835,25.503703666666667
10/27/24,1017,NA,0.64678,NA,14.640909,NA,22.2041665,8.604629666666666
10/27/24,1022,NA,0.38595250000000003,0.1074165,7.671429,0.04170175,27.2854165,11.406944444444445
10/27/24,1025,NA,0.6378790000000001,NA,12.631818,NA,48.30625,20.306944444444444
10/28/24,1017,NA,0.381818,NA,11.336364,NA,25.3604165,7.9013888888888895
10/28/24,1022,NA,0.221686,3.415e-4,5.014286,0.0366545,20.229166499999998,6.810648111111111
10/28/24,1025,NA,0.40322,NA,9.559091,NA,33.3104165,12.3
10/29/24,1017,NA,0.3354165,NA,11.945455,NA,25.2354165,6.604166666666666
10/29/24,1022,NA,0.1809445,7.683333333333334e-5,4.022222,0.03277225,19.34375,6.310648111111111
10/29/24,1025,NA,0.33333349999999995,NA,11.418182,NA,30.2854165,8.709722222222222
10/30/24,1017,NA,0.50947,NA,17.118182,NA,19.4541665,5.400463
10/30/24,1022,NA,0.31515,0.0841026,11.83,0.018425,19.345833499999998,5.302314777777777
10/30/24,1025,NA,0.4838885,NA,17.6,NA,40.3583335,12.704629666666666
10/31/24,1017,NA,0.47613649999999996,NA,15.809091,NA,20.4,5.803703666666666
10/31/24,1022,NA,0.31987299999999996,0.094774833,8.609524,0.03996025,20.310416500000002,5.800463
10/31/24,1025,NA,0.6367425,NA,19.545455,NA,51.2854165,15.902314777777779
11/1/24,1017,NA,0.568939,NA,18.268182,NA,20.104166499999998,5.9032407777777784
11/1/24,1022,NA,0.33613499999999996,0.076176,8.361905,0.043928249999999995,21.2770835,7.809722222222222
11/1/24,1025,NA,0.522538,NA,15.963636,NA,46.260416500000005,18.20138888888889
11/2/24,1017,NA,0.4823865,NA,11.459091,NA,17.23125,6.501851888888889
11/2/24,1022,NA,0.2362935,3.32e-4,3.933333,0.0422495,18.16875,7.3087963333333335
11/2/24,1025,NA,0.39488650000000003,NA,11.740909,NA,30.3604165,11.007407444444445
11/3/24,1017,NA,0.381439,NA,9.540909,NA,16.49375,6.8
11/3/24,1022,NA,0.227635,0,5.780952,0.03412825,17.2979165,7.8087963333333335
11/3/24,1025,NA,0.34053,NA,12.527273,NA,24.247916500000002,9.710185222222222
11/4/24,1017,NA,0.6870835,NA,20.5,NA,32.2458335,5.806481444444445
11/4/24,1022,NA,0.35880449999999997,0.028764166666666667,12.019048,0.02717675,21.104166499999998,7.0037036666666665
11/4/24,1025,NA,0.754044,NA,24.629412,NA,49.0458335,18.31064811111111
11/5/24,1017,NA,0.5017045,NA,20.968182,NA,24.1604165,4.2
11/5/24,1022,NA,0.3786745,0.0942435,14.061905,0.02707725,22.275,5.610648111111111
11/5/24,1025,NA,0.708144,NA,23.318182,NA,53.1916665,12.809722222222224
11/6/24,1017,NA,0.3013255,NA,9.645455,NA,53.275,6.705092555555556
11/6/24,1022,NA,0.30253149999999995,0.0731315,10.6,0.03302175,39.425,6.303240777777778
11/6/24,1025,NA,0.6617424999999999,NA,15.859091,NA,120.4041665,18.109722222222224
11/7/24,1017,NA,0.267803,NA,10.068182,NA,11.4229165,2.009259222222222
11/7/24,1022,NA,0.3330955,0.1907355,13.714286,0.025899,19.435416500000002,4.504166666666666
11/7/24,1025,NA,0.412689,NA,17.113636,NA,34.0145835,5.407870333333333
11/8/24,1017,NA,0.544697,NA,21.422727,NA,21.2666665,3.8032407777777775
11/8/24,1022,NA,0.42465050000000004,0.2333585,16.728571,0.025423,23.3208335,5.908333333333333
11/8/24,1025,NA,0.5325755,NA,21.95,NA,40.239583499999995,9.107870333333333
11/9/24,1017,NA,0.725947,NA,20.531818,NA,22.25625,6.802314777777777
11/9/24,1022,NA,0.46103150000000004,0.2586385,15.580952,0.034625750000000004,26.45,9.926225470588236
11/9/24,1025,NA,0.78447,NA,22.490909,NA,67.04375,24.403240777777775
11/10/24,1017,NA,0.6729165,NA,16.309091,NA,21.0458335,7.603240777777778
11/10/24,1022,NA,0.4845635,0.25744316666666667,13.114286,0.037275,30.175,15.207407444444444
11/10/24,1025,NA,0.8679925,NA,21.163636,NA,77.09375,34.60509255555556
11/11/24,1017,NA,0.562121,NA,16.154545,NA,26.283333499999998,9.504629666666666
11/11/24,1022,NA,0.4284365,0.113508,10.585714,0.03663125,27.40625,12.214215705882353
11/11/24,1025,NA,0.7793559999999999,NA,19.590909,NA,63.4083335,29.808796333333333
11/12/24,1017,NA,0.433144,NA,14.195455,NA,21.114583500000002,6.910185222222222
11/12/24,1022,NA,0.315816,0.0730775,9.48,0.03028225,21.147826000000002,8.308212555555556
11/12/24,1025,NA,0.5895835,NA,18.713636,NA,39.2458335,17.4
11/13/24,1017,NA,0.4700755,NA,18.681818,NA,21.104166499999998,4.206018555555556
11/13/24,1022,NA,0.3860625,0.099479167,13.116667,0.02578225,20.45625,5.506481444444445
11/13/24,1025,NA,0.897024,NA,27.147619,NA,50.48125,12.407870333333333
11/14/24,1017,NA,0.6098485,NA,22.304545,NA,26.197916499999998,5.810185222222222
11/14/24,1022,NA,0.43390300000000004,0.1237585,12.921739,0.034122,24.270833500000002,7.091421588235294
11/14/24,1025,NA,0.8287880000000001,NA,20.622727,NA,66.3125,20.00092588888889
11/15/24,1017,NA,0.3651515,NA,11.345455,NA,23.0083335,6.9
11/15/24,1022,NA,0.193053,1.8316666666666666e-4,3.840909,0.03734,16.4520835,6.010648111111111
11/15/24,1025,NA,0.30378799999999995,NA,8.031818,NA,23.0395835,6.405092555555556
11/16/24,1017,NA,0.4464015,NA,13.659091,NA,17.404166500000002,6.709259222222222
11/16/24,1022,NA,0.26288849999999997,0.019398333333333333,6.947619,0.03260975,15.3645835,6.709722222222222
11/16/24,1025,NA,0.4445075,NA,15.077273,NA,23.33125,9.506018555555556
11/17/24,1017,NA,0.5390155,NA,14.295455,NA,15.022916500000001,6.608796333333333
11/17/24,1022,NA,0.34935700000000003,0.10535966666666667,10.661905,0.027047,16.239583500000002,9.002205882352941
11/17/24,1025,NA,0.6047345,NA,18.972727,NA,43.0479165,21.706481444444442
11/18/24,1017,NA,0.4448865,NA,16.518182,NA,18.0354165,6.605555555555555
11/18/24,1022,NA,0.33058699999999996,0.085575,9.928571,0.028399,20.14375,9.003240777777778
11/18/24,1025,NA,0.5765155,NA,18.368182,NA,44.2625,21.306481444444444
11/19/24,1017,NA,0.6011365,NA,20.809091,NA,21.3272725,8.206565666666666
11/19/24,1022,NA,0.37605299999999997,0.093480667,11.442857,0.02589325,22.11875,9.602314777777778
11/19/24,1025,NA,0.627462,NA,19.859091,NA,44.2645835,19.71064811111111
11/20/24,1017,NA,0.6659090000000001,NA,25.972727,NA,24.1416665,5.5037036666666665
11/20/24,1022,NA,0.482711,0.18524133333333334,18.057143,0.02531725,24.413636500000003,8.297058823529412
11/20/24,1025,NA,0.9892045,NA,28.781818,NA,62.3416665,16.01064811111111
11/21/24,1017,NA,0.7170455,NA,29.5,NA,28.15,8.508333333333333
11/21/24,1022,NA,0.622399,0.2651265,24.455556,0.02089925,31.3791665,10.101388888888888
11/21/24,1025,NA,1.1095234999999999,NA,29.836364,NA,77.4208335,27.506018555555556
11/22/24,1017,NA,0.7954545,NA,27.413636,NA,26.36875,7.810185222222222
11/22/24,1022,NA,0.643222,0.2962053333333333,21.205263,0.02383175,32.275,12.706481444444444
11/22/24,1025,NA,1.1458335000000002,NA,23.004545,NA,63.257143,28.404232777777775
11/23/24,1017,NA,0.5212915,NA,12.389474,NA,14.2295455,6.702020222222222
11/23/24,1022,NA,0.3913335,0.110463,8.919048,0.03018975,20.135416499999998,9.648774529411764
11/23/24,1025,NA,0.469129,NA,10.990909,NA,20.4854165,10.002314777777778
11/24/24,1017,NA,0.44899,NA,9.040909,NA,6.0520835,3.3097222222222222
11/24/24,1022,NA,0.2566825,0.001128833,5.928571,0.02619525,8.025,4.901851888888889
11/24/24,1025,NA,0.4526515,NA,12.509091,NA,20.0854165,12.007870333333333
11/25/24,1017,NA,0.659064,NA,19.445455,NA,11.41875,4.109259222222222
11/25/24,1022,NA,0.4173335,0.131299,12.061111,0.020464,12.241666500000001,4.906018555555556
11/25/24,1025,NA,0.731629,NA,21.240909,NA,38.2833335,14.908333333333333
11/26/24,1017,NA,0.60075750000000006,NA,19.163636,NA,12.466666499999999,4.0074074444444445
11/26/24,1022,NA,0.430689,0.16159866666666667,14.128571,0.0238255,15.2625,5.762990176470588
11/26/24,1025,NA,1.084091,NA,24.568182,NA,62.3520835,23.907407444444445
11/27/24,1017,NA,0.499621,NA,14.136364,NA,10.4229165,4.401851888888889
11/27/24,1022,NA,0.39708350000000003,0.0387324,12.208333,0.014062749999999999,12.310416499999999,5.009259222222222
11/27/24,1025,NA,0.7291665,NA,15.918182,NA,41.4833335,16.206481444444442
11/28/24,1017,NA,0.552462,NA,10.231818,NA,12.470833500000001,4.609259222222222
11/28/24,1022,NA,0.33337300000000003,0.027336666666666665,8.280952,0.02320025,16.11875,7.300925888888889
11/28/24,1025,NA,0.549053,NA,11.377273,NA,27.41875,15.003703666666667
11/29/24,1017,NA,0.5986745,NA,22.313636,NA,13.1208335,3.3004629999999997
11/29/24,1022,NA,0.4755395,0.1209825,16.27619,0.01927375,20.11875,7.302451
11/29/24,1025,NA,0.63428,NA,23.986364,NA,46.4416665,8.401851888888888
11/30/24,1017,NA,0.69375,NA,21.990909,NA,15.0479165,4.206481444444445
11/30/24,1022,NA,0.48649200000000004,0.21602183333333336,17.519048,0.02471,24.4770835,8.010185222222223
11/30/24,1025,NA,0.727462,NA,22.445455,NA,48.09375,12.100463
12/1/24,1017,NA,0.6285985000000001,NA,16.495455,NA,17.2625,5.009722222222222
12/1/24,1022,NA,0.495746,0.227346,16.2,0.0274795,26.4875,10.505555555555556
12/1/24,1025,NA,1.0477275000000001,NA,21.768182,NA,81.08541650000001,32.80833333333333
12/2/24,1017,NA,0.5829545,NA,23.090909,NA,22.23125,6.504166666666666
12/2/24,1022,NA,0.5056350000000001,0.23124316666666667,16.861905,0.030903,27,9.135049
12/2/24,1025,NA,0.999053,NA,23.409091,NA,71.00625,29.104166666666668
12/3/24,1017,NA,0.516288,NA,18.486364,NA,23.1791665,8.9
12/3/24,1022,NA,0.456706,0.23395616666666666,14.4,0.03075825,32.458333499999995,13.810185222222223
12/3/24,1025,NA,0.9059524999999999,NA,19.368182,NA,55.260416500000005,25.206944444444442
12/4/24,1017,NA,0.503889,NA,14.609091,NA,27.439583499999998,15.201851888888887
12/4/24,1022,NA,0.41586500000000004,0.034875166666666665,10.604762,0.027768,39.2208335,21.004166666666666
12/4/24,1025,NA,0.472159,NA,12.213636,NA,43.2,23.603703666666668
12/5/24,1017,NA,0.72575750000000006,NA,18.877273,NA,35.2354165,21.403240777777775
12/5/24,1022,NA,0.569016,0.103377,14.152381,0.024611,46.0666665,25.401225470588233
12/5/24,1025,NA,0.543371,NA,15.940909,NA,48.375,29.706944444444442
12/6/24,1017,NA,0.8770835,NA,28,NA,27.177083500000002,12.108796333333332
12/6/24,1022,NA,0.6561745,0.20847100000000002,18.9,0.020254,40.4333335,19.40787033333333
12/6/24,1025,NA,1.0863635,NA,23.286364,NA,80.11875,45.403703666666665
12/7/24,1017,NA,0.7382575,NA,21.713636,NA,15.060416499999999,4.709722222222222
12/7/24,1022,NA,0.5703335,0.22337300000000002,19.071429,0.0239515,26.1604165,10.106018555555556
12/7/24,1025,NA,1.330303,NA,31.013636,NA,117.2,39.20879633333334
12/8/24,1017,NA,0.620644,NA,15.845455,NA,21.23125,10.104629666666666
12/8/24,1022,NA,0.408373,0.210863,11.214286,0.034388,30.0583335,15.820588235294117
12/8/24,1025,NA,0.84697,NA,15.154545,NA,72.0979165,32.9
12/9/24,1017,NA,0.5098484999999999,NA,16.409091,NA,33.1229165,16.209722222222222
12/9/24,1022,NA,0.410238,0.10109983333333333,10.6,0.02762925,39.3979165,21.5
12/9/24,1025,NA,0.499432,NA,15.836364,NA,53.385416500000005,30.404166666666665
12/10/24,1017,NA,0.306439,NA,11.477273,NA,31.00625,3.1032407777777777
12/10/24,1022,NA,0.488849,0.21469233333333332,18.119048,0.0234165,36.1625,9.706018555555556
12/10/24,1025,NA,0.436928,NA,14.683333,NA,124.38541649999999,13.203240777777777
12/11/24,1017,NA,0.7263255,NA,30.059091,NA,24.475,4.407407444444445
12/11/24,1022,NA,0.7193970000000001,0.4369346666666667,28.328571,0.01220625,37.447916500000005,10.226960764705883
12/11/24,1025,NA,0.5934525,NA,26.238095,NA,50.1104165,9.404629666666667
12/12/24,1017,NA,0.543561,NA,19.390909,NA,24.2541665,7.004166666666666
12/12/24,1022,NA,0.484159,0.2965598333333333,12.038095,0.03425575,29.1958335,9.706944444444444
12/12/24,1025,NA,0.8602274999999999,NA,17.631818,NA,59.3083335,20.002314777777777
12/13/24,1017,NA,0.4361745,NA,13.777273,NA,19.372916500000002,7.809259222222222
12/13/24,1022,NA,0.266897,0.075378167,8.380952,0.027976,20.4604165,9.200925888888888
12/13/24,1025,NA,0.5136905,NA,18.714286,NA,37.0625,14.206018555555556
12/14/24,1017,NA,0.6363635000000001,NA,15.509091,NA,23.4833335,10.508796333333333
12/14/24,1022,NA,0.45634949999999996,0.166311,11.72381,0.028642249999999998,27.4458335,14.483823529411765
12/14/24,1025,NA,0.8477275,NA,20.495455,NA,60.1541665,27.803703666666667
12/15/24,1017,NA,0.5732955,NA,11.977273,NA,13.3020835,6.201388888888889
12/15/24,1022,NA,0.3344365,0.094774833,7.490476,0.03052275,15.470833500000001,7.802777777777778
12/15/24,1025,NA,0.7482955,NA,17.763636,NA,39.1958335,18.805555555555557
12/16/24,1017,NA,0.67197,NA,22.363636,NA,20.243181999999997,7.907575777777778
12/16/24,1022,NA,0.4693795,0.21653033333333332,16.242857,0.025266,22.470833499999998,8.607407444444444
12/16/24,1025,NA,0.88428,NA,22.709091,NA,50.375,21.710185222222222
12/17/24,1017,NA,0.7503789999999999,NA,26.727273,NA,25.229166499999998,7.906481444444445
12/17/24,1022,NA,0.5842700000000001,0.2744485,19.2,0.023222,28.4363635,12.027540117647058
12/17/24,1025,NA,1.1437499999999998,NA,26.195455,NA,86.2,38.70185188888889
12/18/24,1017,NA,0.7573865,NA,28.159091,NA,23.0770835,5.210185222222222
12/18/24,1022,NA,0.687406,0.2670485,19.610526,0.017891,27.408333499999998,10.010648111111111
12/18/24,1025,NA,0.9285715000000001,NA,21.042857,NA,47.15,16.502777777777776
12/19/24,1017,NA,0.775,NA,27.95,NA,21.04375,5.806018555555555
12/19/24,1022,NA,0.663783,0.30040433333333333,21.178947,0.021725,31.1416665,10.510648111111111
12/19/24,1025,NA,0.991369,NA,21.704545,NA,47.35625,22.80092588888889
12/20/24,1017,NA,0.876488,NA,25.431818,NA,27.4104165,9.706944444444444
12/20/24,1022,NA,0.8131109999999999,0.30450733333333335,23.009524,0.01739475,38.083333499999995,17.431127470588237
12/20/24,1025,NA,1.035606,NA,19.818182,NA,55.1270835,31.202314777777776
12/21/24,1017,NA,0.859091,NA,18.181818,NA,26.20625,12.210185222222222
12/21/24,1022,NA,0.6345000000000001,0.24117333333333335,16.838095,0.02782375,32.25,17.50092588888889
12/21/24,1025,NA,0.9604165,NA,19.983333,NA,49.0354165,27.807407444444443
12/22/24,1017,NA,0.6581440000000001,NA,15.709091,NA,25.0708335,12.200463
12/22/24,1022,NA,0.5741985000000001,0.23753233333333335,14.395238,0.024285,32.44375,18.609259222222224
12/22/24,1025,NA,1.0572915,NA,18.6375,NA,71.27083350000001,41.10740744444445
12/23/24,1017,NA,0.6287879999999999,NA,15.863636,NA,18.314583499999998,8.308333333333334
12/23/24,1022,NA,0.471865,0.1377315,13.814286,0.02052975,25.3708335,11.309558823529411
12/23/24,1025,NA,0.4635965,NA,14.314286,NA,43.0645835,23.006944444444443
12/24/24,1017,NA,0.5267045,NA,11.336364,NA,15.2020835,8.201851888888887
12/24/24,1022,NA,0.39622199999999996,0.022377,8.338095,0.02518675,20.2583335,12.005555555555556
12/24/24,1025,NA,0.496212,NA,10.554545,NA,25.4208335,13.303703666666667
12/25/24,1017,NA,0.361553,NA,7.527273,NA,15.45625,6.805555555555555
12/25/24,1022,NA,0.2834525,0.076364167,7.2,0.03031175,18.4541665,9.706018555555556
12/25/24,1025,NA,0.383712,NA,10.704545,NA,38.3458335,22.210185222222222
12/26/24,1017,NA,0.5636365000000001,NA,18.595455,NA,17.15625,6.9032407777777784
12/26/24,1022,NA,0.46423800000000004,0.1739685,14.014286,0.02005525,25.2979165,12.307870333333334
12/26/24,1025,NA,0.612879,NA,17.272727,NA,52.4875,25.40092588888889
12/27/24,1017,NA,0.6301135,NA,19.522727,NA,19.09375,7.4
12/27/24,1022,NA,0.495254,0.175511,14.190476,0.01987725,25.0791665,12.000463
12/27/24,1025,NA,0.8490530000000001,NA,20.636364,NA,63.49375,27.604166666666668
12/28/24,1017,NA,0.5327655,NA,10.936364,NA,16.3083335,9.209722222222222
12/28/24,1022,NA,0.3870475,0.0700865,9,0.02221975,21.1875,11.106481444444444
12/28/24,1025,NA,0.5414775000000001,NA,12.904545,NA,35.3479165,18.90138888888889
12/29/24,1017,NA,0.622538,NA,9.609091,NA,18.1625,12.005555555555556
12/29/24,1022,NA,0.47426199999999996,0.10483933333333334,9.580952,0.0214225,25.104166499999998,16.503240777777776
12/29/24,1025,NA,0.5361745,NA,11.340909,NA,39.45625,24.603703666666668
12/30/24,1017,NA,0.41578950000000003,NA,10.331579,NA,14.375,7.704166666666667
12/30/24,1022,NA,0.379635,0.062081833333333336,8.709524,0.0227775,22.04375,12.502777777777778
12/30/24,1025,NA,0.6104780000000001,NA,14.611765,NA,33.2208335,18.210185222222222
12/31/24,1017,NA,0.535606,NA,10.972727,NA,16.25625,9.809259222222224
12/31/24,1022,NA,0.469421,0.089807167,10.947619,0.019213,28.4333335,18.39730394117647
12/31/24,1025,NA,0.4995835,NA,12.480952,NA,39.3208335,23.006018555555556
7/21/24,1022,NA,NA,-0.57012,NA,NA,NA,NA
1/1/24,0001,NA,NA,NA,9.881818,0.0213395,25.3708335,16.308333333333334
1/1/24,1006,NA,NA,NA,2.15,0.039718500000000004,NA,NA
1/1/24,1008,NA,NA,NA,6.913636,0.02578175,17.4770835,6.8050925555555555
1/1/24,1014,NA,NA,NA,4.8,0.03238,28.3666665,16.10138888888889
1/1/24,1016,NA,NA,NA,5.2,0.02598325,10.463541750000001,5.156481444444444
1/1/24,1026,NA,NA,NA,11.85,0.019480749999999998,21.354166499999998,13.303240777777779
1/2/24,0001,NA,NA,NA,10.736364,0.023183,18.1645835,7.908333333333333
1/2/24,1006,NA,NA,NA,3.945455,0.03840925,NA,NA
1/2/24,1008,NA,NA,NA,8.65,0.02646975,15.0666665,6.503240777777778
1/2/24,1014,NA,NA,NA,9.214286,0.0292835,29.2666665,9.307407444444445
1/2/24,1016,NA,NA,NA,7.604545,0.02747525,10.80833325,4.856018555555556
1/2/24,1026,NA,NA,NA,15.627273,0.01860075,16.10625,7.810185222222222
1/3/24,0001,NA,NA,NA,9.6,0.02694525,23.372916500000002,12.106481444444444
1/3/24,1006,NA,NA,NA,2.995455,0.03918525,NA,NA
1/3/24,1008,NA,NA,NA,5.909091,0.0333205,18.08125,6.4013888888888895
1/3/24,1014,NA,NA,NA,8.504545,0.0305705,24.3979165,10.001851888888888
1/3/24,1016,NA,NA,NA,8.995455,0.0259205,12.67395825,5.9060185
1/3/24,1026,NA,NA,NA,13.254545,0.02361875,18.4729165,9.503703666666667
1/4/24,0001,NA,NA,NA,13.163636,0.021602,17.3954545,7.201515111111111
1/4/24,1006,NA,NA,NA,4.359091,0.03632975,NA,NA
1/4/24,1008,NA,NA,NA,8.736364,0.02389525,16.2625,5.001851888888889
1/4/24,1014,NA,NA,NA,10.654545,0.02924425,19.267391500000002,6.100483111111111
1/4/24,1016,NA,NA,NA,9.95,0.02438075,11.740625,4.304398111111111
1/4/24,1026,NA,NA,NA,16.5,0.019237,16.495238,7.106878333333333
1/5/24,0001,NA,NA,NA,17.013636,0.019040249999999998,23.40625,8.200925888888888
1/5/24,1006,NA,NA,NA,4.090909,0.04031525,NA,NA
1/5/24,1008,NA,NA,NA,8.886364,0.02539775,13.1416665,4.7027777777777775
1/5/24,1014,NA,NA,NA,13.345455,0.026629,37.2041665,8.409722222222223
1/5/24,1016,NA,NA,NA,10.636364,0.0260925,12.746875,4.357175888888889
1/5/24,1026,NA,NA,NA,16.963636,0.018939749999999998,17.3,7.001851888888889
1/6/24,0001,NA,NA,NA,10.290909,0.0311965,22.49375,8.601388888888888
1/6/24,1006,NA,NA,NA,3.122727,0.04272825,NA,NA
1/6/24,1008,NA,NA,NA,5.152632,0.03730525,15,5.305314
1/6/24,1014,NA,NA,NA,11.140909,0.03173125,40.0458335,11.308796333333333
1/6/24,1016,NA,NA,NA,6.690909,0.035223500000000005,12.76770825,5.007638888888889
1/6/24,1026,NA,NA,NA,10.227273,0.03188925,15.23125,5.703703666666667
1/7/24,0001,NA,NA,NA,4.409091,0.0331745,15.2,5.305555555555555
1/7/24,1006,NA,NA,NA,1.604545,0.0402995,NA,NA
1/7/24,1008,NA,NA,NA,3.6,0.034752500000000006,28.127083499999998,5.504166666666666
1/7/24,1014,NA,NA,NA,2.527273,0.037048,15.41875,5.209259222222222
1/7/24,1016,NA,NA,NA,2.604545,0.0352815,12.43125,4.305787055555555
1/7/24,1026,NA,NA,NA,4.777273,0.0342275,14.133333499999999,4.5037036666666665
1/8/24,0001,NA,NA,NA,13.690909,0.0207535,17.0375,5.607870333333333
1/8/24,1006,NA,NA,NA,2.986364,0.03767425,NA,NA
1/8/24,1008,NA,NA,NA,9.381818,0.026925499999999998,11.11875,3.1013888888888888
1/8/24,1014,NA,NA,NA,11.190909,0.02493775,30.3354165,5.705092555555556
1/8/24,1016,NA,NA,NA,7.481818,0.02788725,9.892424333333333,3.2527273
1/8/24,1026,NA,NA,NA,15.086364,0.019951,14.2375,5.1004629999999995
1/9/24,0001,NA,NA,NA,14,0.02328875,16.3520835,5.9032407777777784
1/9/24,1006,NA,NA,NA,4.304545,0.03809325,9.833333,2.883333
1/9/24,1008,NA,NA,NA,11.604167,0.0226495,12.0770835,4.102314777777777
1/9/24,1014,NA,NA,NA,12.972727,0.02753425,43.0583335,7.700925888888889
1/9/24,1016,NA,NA,NA,10.904545,0.02630175,10.2041665,3.204629666666667
1/9/24,1026,NA,NA,NA,18.55,0.018697,15.0166665,5.601851888888889
1/10/24,0001,NA,NA,NA,9.481818,0.03079075,27.2020835,8.002314777777778
1/10/24,1006,NA,NA,NA,3.65625,0.037491,11.377083500000001,4.603240777777778
1/10/24,1008,NA,NA,NA,9.933333,0.030406,17.2958335,5.802777777777778
1/10/24,1014,NA,NA,NA,16.6875,0.0239555,49.225,10.900925888888889
1/10/24,1016,NA,NA,NA,8.15,0.03257525,13.696878666666667,4.8934783
1/10/24,1026,NA,NA,NA,11.259091,0.03024,18.2354165,6.307870333333333
1/11/24,0001,NA,NA,NA,7.936364,0.03167375,16.06875,5.700925888888889
1/11/24,1006,NA,NA,NA,2.613636,0.042440500000000006,9.054166500000001,2.9074074444444444
1/11/24,1008,NA,NA,NA,4.613636,0.03654525,23.1291665,5.506018555555555
1/11/24,1014,NA,NA,NA,5.172727,0.0348425,20.2583335,5.701851888888889
1/11/24,1016,NA,NA,NA,4.772727,0.036965,13.6708335,3.9555555555555557
1/11/24,1026,NA,NA,NA,8.5,0.031676,15.0458335,5.005092555555556
1/12/24,0001,NA,NA,NA,16.118182,0.02252725,26.175,8.500925888888888
1/12/24,1006,NA,NA,NA,3.961905,0.04318275,13.28125,3.5097222222222224
1/12/24,1008,NA,NA,NA,8.031818,0.02952675,12.4520835,4.201851888888889
1/12/24,1014,NA,NA,NA,15.504545,0.02651175,48.2625,11.500463
1/12/24,1016,NA,NA,NA,8.590909,0.0322625,13.88854175,3.75625
1/12/24,1026,NA,NA,NA,18.877273,0.020291,20.4333335,6.909259222222222
1/13/24,0001,NA,NA,NA,13.031818,0.0283605,25.439583499999998,12.402777777777779
1/13/24,1006,NA,NA,NA,3.8875,0.04579775,10.397916500000001,4.007870333333333
1/13/24,1008,NA,NA,NA,7.336364,0.0339325,12.470833500000001,5.704166666666667
1/13/24,1014,NA,NA,NA,13.727273,0.031649250000000004,46.0604165,15.702314777777778
1/13/24,1016,NA,NA,NA,7.504545,0.03558225,12.71979175,5.358101888888889
1/13/24,1026,NA,NA,NA,17.031818,0.0245395,20.1520835,10.104629666666666
1/14/24,0001,NA,NA,NA,10.477273,0.02246225,27.052083500000002,13.708796333333332
1/14/24,1006,NA,NA,NA,2.654167,0.0434105,13.35625,5.9
1/14/24,1008,NA,NA,NA,6.804545,0.031267,16.16875,7.906944444444445
1/14/24,1014,NA,NA,NA,6.981818,0.030724,35.38125,15.500463
1/14/24,1016,NA,NA,NA,5.540909,0.030200249999999998,14.15416675,6.552546277777777
1/14/24,1026,NA,NA,NA,13.363636,0.02161675,22.4875,12.208333333333332
1/15/24,0001,NA,NA,NA,12.018182,0.01999525,23.1479165,12.308333333333334
1/15/24,1006,NA,NA,NA,3.770833,0.04264225,13.4791665,5.606481444444444
1/15/24,1008,NA,NA,NA,8.040909,0.030649250000000003,19.2854165,10.606944444444444
1/15/24,1014,NA,NA,NA,7.759091,0.02797025,36.06875,16.805555555555557
1/15/24,1016,NA,NA,NA,7.459091,0.0300645,18.036458500000002,9.101851833333333
1/15/24,1026,NA,NA,NA,13.231818,0.02559375,22.0395835,12.505555555555556
1/16/24,0001,NA,NA,NA,10.222727,0.032488500000000003,29.341666500000002,19.009259222222223
1/16/24,1006,NA,NA,NA,4.604167,0.04517925,21.467391499999998,11.610144888888888
1/16/24,1008,NA,NA,NA,14.055,0.0336365,27.3375,19.1
1/16/24,1014,NA,NA,NA,10.136364,0.03261125,51.2145835,27.306018555555557
1/16/24,1016,NA,NA,NA,8.385,0.0372145,31.64375,20.60462961111111
1/16/24,1026,NA,NA,NA,9.61,0.04106225,35.3458335,24.905092555555555
1/17/24,0001,NA,NA,NA,6.82381,0.02873125,30.225,18.506018555555556
1/17/24,1006,NA,NA,NA,5.010526,0.0363745,17.364583500000002,9.000463
1/17/24,1008,NA,NA,NA,14.31875,0.0283085,32.1375,20.804629666666667
1/17/24,1014,NA,NA,NA,6.2,0.03131725,50.24375,26.003703666666667
1/17/24,1016,NA,NA,NA,5.736364,0.033498,23.6625,14.853935222222223
1/17/24,1026,NA,NA,NA,9.409091,0.029964249999999998,29.31875,18.203703666666666
1/18/24,0001,NA,NA,NA,14.090909,0.0153275,16.091666500000002,7.309259222222222
1/18/24,1006,NA,NA,NA,4.322727,0.03942725,10.1291665,4.200463
1/18/24,1008,NA,NA,NA,11.531818,0.02194625,18.0625,9.703240777777777
1/18/24,1014,NA,NA,NA,15.504545,0.021328,60.1854165,18.004166666666666
1/18/24,1016,NA,NA,NA,9.518182,0.02250475,13.0975295,5.704106277777777
1/18/24,1026,NA,NA,NA,16.390909,0.015712999999999998,16.2458335,7.509722222222222
1/19/24,0001,NA,NA,NA,16.227273,0.019188999999999998,34.075,16.21064811111111
1/19/24,1006,NA,NA,NA,6.9875,0.0313335,11.1625,3.5069444444444446
1/19/24,1008,NA,NA,NA,14.936364,0.01980975,23.333333500000002,11.710185222222222
1/19/24,1014,NA,NA,NA,15.390909,0.02499975,63.4125,19.303703666666667
1/19/24,1016,NA,NA,NA,11.481818,0.02435825,17.87916675,7.0060185
1/19/24,1026,NA,NA,NA,19.227273,0.01844925,27.1416665,12.606018555555556
1/20/24,0001,NA,NA,NA,18.431818,0.01165025,26.145833500000002,14.004629666666666
1/20/24,1006,NA,NA,NA,6.463636,0.02658925,14.314583500000001,6.109259222222222
1/20/24,1008,NA,NA,NA,11.495455,0.0192275,19.24375,11.804166666666667
1/20/24,1014,NA,NA,NA,14.440909,0.02158875,53.0333335,22.303703666666667
1/20/24,1016,NA,NA,NA,14.209091,0.017571,19.709375,11.502777777777778
1/20/24,1026,NA,NA,NA,13.422727,0.018724249999999998,23.052083500000002,12.902777777777779
1/21/24,0001,NA,NA,NA,7.690909,0.022998,12.4229165,5.802777777777778
1/21/24,1006,NA,NA,NA,2.290909,0.034307500000000005,7.0729165,3.3074074444444443
1/21/24,1008,NA,NA,NA,4.272727,0.03050275,18.122916500000002,6.408333333333333
1/21/24,1014,NA,NA,NA,6.072727,0.0294145,13.310416499999999,6.201851888888889
1/21/24,1016,NA,NA,NA,4.654545,0.02995775,12.6385415,5.157638888888889
1/21/24,1026,NA,NA,NA,6.609091,0.0287995,16.208333500000002,6.506944444444445
1/22/24,0001,NA,NA,NA,4.986364,0.03169875,8.1145835,3.400463
1/22/24,1006,NA,NA,NA,1.735,0.036833,3.0208335,1.2
1/22/24,1008,NA,NA,NA,4.859091,0.03011025,12.3395835,4.106944444444444
1/22/24,1014,NA,NA,NA,4.272727,0.0329395,6.19375,2.901388888888889
1/22/24,1016,NA,NA,NA,4.336364,0.03290975,6.346875,2.805092611111111
1/22/24,1026,NA,NA,NA,6.586364,0.031356999999999996,8.3333335,3.6037036666666666
1/23/24,0001,NA,NA,NA,7.127273,0.024462,17.020833500000002,6.107870333333333
1/23/24,1006,NA,NA,NA,1.931818,0.0360725,6.4229164999999995,3.309259222222222
1/23/24,1008,NA,NA,NA,8.6,0.025682,19.0586955,6.3067633333333335
1/23/24,1014,NA,NA,NA,5.063636,0.0295675,15.439583500000001,6.008333333333334
1/23/24,1016,NA,NA,NA,5.995455,0.02734725,11.329348,4.253623166666666
1/23/24,1026,NA,NA,NA,8.840909,0.02560725,15.3958335,5.404629666666667
1/24/24,0001,NA,NA,NA,10.159091,0.022107500000000002,22.158333499999998,9.003240777777778
1/24/24,1006,NA,NA,NA,5.495,0.025236500000000002,14.1375,6.906481444444445
1/24/24,1008,NA,NA,NA,8.918182,0.02190375,13.73,6.11
1/24/24,1014,NA,NA,NA,6.390909,0.025547,22.39375,8.700925888888888
1/24/24,1016,NA,NA,NA,8.627273,0.025292750000000003,16.16666675,6.451620388888889
1/24/24,1026,NA,NA,NA,10.731818,0.02720775,23.3791665,8.604166666666666
1/25/24,0001,NA,NA,NA,10.577273,0.02202225,24.0479165,11.302314777777779
1/25/24,1006,NA,NA,NA,3.871429,0.030901249999999998,13.13125,7.006018555555555
1/25/24,1008,NA,NA,NA,6.722727,0.0270335,9.636364,2.9
1/25/24,1014,NA,NA,NA,9.654545,0.02427825,33.1625,15.310185222222223
1/25/24,1016,NA,NA,NA,6.095455,0.0291995,16.7260415,7.053703666666666
1/25/24,1026,NA,NA,NA,6.663636,0.0299395,20.247916500000002,7.800925888888889
1/26/24,0001,NA,NA,NA,16.409091,0.0134225,21.0166665,8.104629666666666
1/26/24,1006,NA,NA,NA,3,0.0415135,5.2875,1.8023147777777777
1/26/24,1008,NA,NA,NA,17.259091,0.01888225,24.1708335,10.801388888888889
1/26/24,1014,NA,NA,NA,11.154545,0.02605975,31.0869565,7.210628
1/26/24,1016,NA,NA,NA,10.9,0.023393499999999998,14.648958499999999,5.009490722222222
1/26/24,1026,NA,NA,NA,18.609091,0.012715750000000001,22.4625,8.908796333333333
1/27/24,0001,NA,NA,NA,16.109091,0.02453425,16.2354165,5.006944444444445
1/27/24,1006,NA,NA,NA,2.095455,0.04849675,5.4,1.400463
1/27/24,1008,NA,NA,NA,10.145455,0.02944025,11.2645835,3.500925888888889
1/27/24,1014,NA,NA,NA,3.454545,0.04095825,19.470833499999998,2.501851888888889
1/27/24,1016,NA,NA,NA,9.231818,0.032337000000000005,11.2604165,3.405787
1/27/24,1026,NA,NA,NA,21.231818,0.018763000000000002,21.4145835,7.9013888888888895
1/28/24,0001,NA,NA,NA,11.954545,0.02816825,12.2645835,4.1
1/28/24,1006,NA,NA,NA,1,0.045725,3.3520835,0.7083333333333333
1/28/24,1008,NA,NA,NA,6.618182,0.0334245,15.497916499999999,4.107870333333333
1/28/24,1014,NA,NA,NA,3.677273,0.0410055,16.31875,2.5074074444444445
1/28/24,1016,NA,NA,NA,5.936364,0.03819775,8.864583249999999,2.651388888888889
1/28/24,1026,NA,NA,NA,18.913636,0.023893,19.1166665,6.103703666666666
1/29/24,0001,NA,NA,NA,17.259091,0.02082325,16.106818,4.806060555555556
1/29/24,1006,NA,NA,NA,3.961905,0.0444215,6.3104165000000005,1.5106481111111112
1/29/24,1008,NA,NA,NA,14.157143,0.0231395,20.2125,6.003240777777778
1/29/24,1014,NA,NA,NA,11.418182,0.0325855,41.0666665,5.409259222222222
1/29/24,1016,NA,NA,NA,11.159091,0.031247749999999998,9.68541675,2.5053241111111113
1/29/24,1026,NA,NA,NA,22.963636,0.0165605,22.1083335,6.009259222222222
1/30/24,0001,NA,NA,NA,15.109091,0.025501,24.4770835,8.410185222222223
1/30/24,1006,NA,NA,NA,4.94,0.04875225,10.1145835,2.2092592222222223
1/30/24,1008,NA,NA,NA,10.245455,0.030123,12.279166499999999,4.607870333333333
1/30/24,1014,NA,NA,NA,19.954545,0.030537500000000002,75.04166649999999,16.309259222222224
1/30/24,1016,NA,NA,NA,12.466667,0.02477575,19.596875,4.355555555555556
1/30/24,1026,NA,NA,NA,20.654545,0.0216855,22.475,7.500925888888889
1/31/24,0001,NA,NA,NA,16.65,0.021379250000000002,34.4208335,16.51064811111111
1/31/24,1006,NA,NA,NA,5.240909,0.04500725,16.020833500000002,4.804629666666666
1/31/24,1008,NA,NA,NA,12.909091,0.029129000000000002,16.2229165,8.204629666666666
1/31/24,1014,NA,NA,NA,21.763636,0.0239755,87.4229165,20.90694444444444
1/31/24,1016,NA,NA,NA,15.004545,0.027273,22.7489585,10.159953666666667
1/31/24,1026,NA,NA,NA,13.736364,0.027326999999999997,26.030952499999998,12.806878333333334
2/1/24,0001,NA,NA,NA,7.427273,0.035812000000000004,20.4416665,8.901388888888889
2/1/24,1006,NA,NA,NA,2,0.044007,6.0229165,2.600463
2/1/24,1008,NA,NA,NA,7.413636,0.0344435,15.3395835,6.406018555555556
2/1/24,1014,NA,NA,NA,8.213636,0.035387749999999996,31.279166500000002,10.304166666666667
2/1/24,1016,NA,NA,NA,7.140909,0.034651,13.7510415,6.205555555555556
2/1/24,1026,NA,NA,NA,8.518182,0.036106,19.1083335,8.307870333333334
2/2/24,0001,NA,NA,NA,3.531818,0.035813250000000005,14.320833499999999,5
2/2/24,1006,NA,NA,NA,1.613636,0.04241125,6.175,2.6064814444444444
2/2/24,1008,NA,NA,NA,3.69,0.04005575,21.458695499999997,5.300966222222222
2/2/24,1014,NA,NA,NA,2.872727,0.03877625,10.1,3.6097222222222225
2/2/24,1016,NA,NA,NA,3.218182,0.038233249999999996,10.833333249999999,3.8592592777777774
2/2/24,1026,NA,NA,NA,4.368182,0.03981475,12.175,4.2
2/3/24,0001,NA,NA,NA,6.463636,0.03410325,14.372916499999999,5.607870333333333
2/3/24,1006,NA,NA,NA,1.740909,0.043789999999999996,9.310416499999999,3.7078703333333336
2/3/24,1008,NA,NA,NA,3.24375,0.03612025,15.280435,4.901449222222222
2/3/24,1014,NA,NA,NA,2.436364,0.0400785,12.2083335,4.303703666666666
2/3/24,1016,NA,NA,NA,4.345455,0.03492025,11.17604175,4.0064815
2/3/24,1026,NA,NA,NA,7.354545,0.035728750000000004,14.0520835,4.701851888888889
2/4/24,0001,NA,NA,NA,5.65,0.0335335,18.135416499999998,7.107407444444444
2/4/24,1006,NA,NA,NA,2.359091,0.03950575,10.2020835,3.510648111111111
2/4/24,1008,NA,NA,NA,3.295455,0.03600025,26.2354165,5.600925888888889
2/4/24,1014,NA,NA,NA,5.495455,0.03619525,21.1645835,7.004629666666666
2/4/24,1016,NA,NA,NA,3.036364,0.03690675,10.380208249999999,4.052546277777777
2/4/24,1026,NA,NA,NA,5.381818,0.03514125,16.189583499999998,6.001388888888889
2/5/24,0001,NA,NA,NA,5.731818,0.03405275,10.4375,3.910185222222222
2/5/24,1006,NA,NA,NA,1.940909,0.03729025,4.01875,1.8101852222222223
2/5/24,1008,NA,NA,NA,4.431818,0.0355025,10.345833500000001,3.9069444444444446
2/5/24,1014,NA,NA,NA,4.636364,0.03506975,17.43125,3.409259222222222
2/5/24,1016,NA,NA,NA,4,0.037865499999999996,6.2458335,2.4060185555555553
2/5/24,1026,NA,NA,NA,6.486364,0.035471,10.133333499999999,3.5032407777777776
2/6/24,0001,NA,NA,NA,5.604545,0.036727499999999996,7.3270835000000005,3.2064814444444445
2/6/24,1006,NA,NA,NA,1.754545,0.0430175,2.4375,1.2050925555555556
2/6/24,1008,NA,NA,NA,2.995455,0.04021425,9.41875,2.9046296666666667
2/6/24,1014,NA,NA,NA,6.65,0.036541000000000004,5.4583335,2.308333333333333
2/6/24,1016,NA,NA,NA,6.077273,0.03635025,5.72083325,2.3074074444444443
2/6/24,1026,NA,NA,NA,7.604545,0.03672425,7.2291665,3.1
2/7/24,0001,NA,NA,NA,4.45,0.03849025,13.15625,4.603703666666666
2/7/24,1006,NA,NA,NA,2.009091,0.0415335,6.00625,2.5069444444444446
2/7/24,1008,NA,NA,NA,9.35,0.038803500000000005,13.2395835,3.904166666666667
2/7/24,1014,NA,NA,NA,9.331818,0.03374,13.15625,4.900925889
2/7/24,1016,NA,NA,NA,4.863636,0.03854175,10.3670455,3.7515151666666666
2/7/24,1026,NA,NA,NA,5.854545,0.039183,11.341666499999999,3.900463
2/8/24,0001,NA,NA,NA,5.940909,0.03434525,15.1208335,5.909722222222222
2/8/24,1006,NA,NA,NA,1.740909,0.04327575,6.4541664999999995,3.0055555555555555
2/8/24,1008,NA,NA,NA,2.86,0.03837325,18.056521500000002,4.701932333333334
2/8/24,1014,NA,NA,NA,4.422727,0.038259,13.0375,4.701851888888889
2/8/24,1016,NA,NA,NA,4.419048,0.03576575,10.65,4.1525463333333335
2/8/24,1026,NA,NA,NA,4.559091,0.03758125,12.4645835,4.506018555555555
2/9/24,0001,NA,NA,NA,10.368182,0.0304525,12.022916500000001,5.706481444444445
2/9/24,1006,NA,NA,NA,2.909091,0.04267725,5.35,2.7055555555555557
2/9/24,1008,NA,NA,NA,7.477273,0.0290865,9.0041665,3.510648111111111
2/9/24,1014,NA,NA,NA,6.009091,0.03605775,8.258333499999999,3.8074074444444443
2/9/24,1016,NA,NA,NA,8.622727,0.02966825,8.7145835,3.9543981666666665
2/9/24,1026,NA,NA,NA,12.277273,0.02812075,11.49375,5.407870333333333
2/10/24,0001,NA,NA,NA,7.640909,0.029464,11.1520835,5.404629666666667
2/10/24,1006,NA,NA,NA,2.095455,0.03997825,6.28125,2.8074074444444443
2/10/24,1008,NA,NA,NA,3.690909,0.032232250000000004,11.1708335,4.0023147777777774
2/10/24,1014,NA,NA,NA,4.636364,0.0359215,10.414583499999999,4.409259222222222
2/10/24,1016,NA,NA,NA,4.268182,0.0329285,7.4239585,3.3048611111111112
2/10/24,1026,NA,NA,NA,10.913636,0.0266975,12.2229165,6.103703666666666
2/11/24,0001,NA,NA,NA,8.909091,0.029291499999999998,14.26875,7.2
2/11/24,1006,NA,NA,NA,1.695455,0.0433925,7.0166664999999995,1.8083333333333333
2/11/24,1008,NA,NA,NA,3.222727,0.03308275,10.4,3.604629666666667
2/11/24,1014,NA,NA,NA,3.445455,0.03765375,15.1833335,4.908333333333333
2/11/24,1016,NA,NA,NA,3.722727,0.035997249999999995,9.69375,3.6546296666666667
2/11/24,1026,NA,NA,NA,10.659091,0.02942675,14.4729165,7.207407444444445
2/12/24,0001,NA,NA,NA,14.086364,0.0242155,13.41875,5.407407444444445
2/12/24,1006,NA,NA,NA,2.581818,0.044407999999999996,7.0854165,2.1106481111111113
2/12/24,1008,NA,NA,NA,6.077273,0.03249975,12.25625,4.702314777777778
2/12/24,1014,NA,NA,NA,9.940909,0.02980075,25.26875,6.606944444444444
2/12/24,1016,NA,NA,NA,8.022727,0.03126275,10.165625,3.6560185
2/12/24,1026,NA,NA,NA,15.540909,0.02417,14.45,5.710648111111111
2/13/24,0001,NA,NA,NA,12.622727,0.027831500000000002,19.2416665,8.003703666666667
2/13/24,1006,NA,NA,NA,3.805882,0.044609499999999996,10.4895835,4.402314777777778
2/13/24,1008,NA,NA,NA,6.238889,0.02603225,12.073913000000001,5.203381666666667
2/13/24,1014,NA,NA,NA,12.663636,0.03389975,50.270833499999995,14.107870333333333
2/13/24,1016,NA,NA,NA,8.131818,0.03233025,13.416666750000001,5.202546333333333
2/13/24,1026,NA,NA,NA,14.931579,0.0200535,16.4145835,7.103703666666666
2/14/24,0001,NA,NA,NA,11.218182,0.0268745,18.21875,8.602314777777778
2/14/24,1006,NA,NA,NA,3.313636,0.0417015,13.054166500000001,5.901851888888889
2/14/24,1008,NA,NA,NA,6.254545,0.0297755,11.4454545,5.203030333333333
2/14/24,1014,NA,NA,NA,6.681818,0.03371275,34.2875,12.709722222222222
2/14/24,1016,NA,NA,NA,7.345455,0.029899,12.1208335,5.008101833333333
2/14/24,1026,NA,NA,NA,12.354545,0.02706275,15.45625,7.106481444444444
2/15/24,0001,NA,NA,NA,7.836364,0.03263925,13.057143,6.402116444444445
2/15/24,1006,NA,NA,NA,3.840909,0.03549875,12.3142855,6.308994666666666
2/15/24,1008,NA,NA,NA,4.968182,0.0302635,12.497916499999999,5.407870333333333
2/15/24,1014,NA,NA,NA,4.7625,0.03633375,20.1958335,8.307407444444445
2/15/24,1016,NA,NA,NA,5.2,0.03342925,11.75104175,5.550462944444444
2/15/24,1026,NA,NA,NA,8.072727,0.03278875,13.3020835,6.1101852222222215
2/16/24,0001,NA,NA,NA,5.827273,0.03508625,18.1125,9.200463
2/16/24,1006,NA,NA,NA,4.690909,0.0374655,15.306521499999999,8.310144888888889
2/16/24,1008,NA,NA,NA,2.809091,0.034839,13.4416665,7.310185222222222
2/16/24,1014,NA,NA,NA,7.15,0.032776,32.2416665,15.606944444444444
2/16/24,1016,NA,NA,NA,4.254545,0.03809725,16.8,9.107175889
2/16/24,1026,NA,NA,NA,8.868182,0.0338695,19.0375,10.804166666666667
2/17/24,0001,NA,NA,NA,7.418182,0.026068,20.252083499999998,12.804166666666667
2/17/24,1006,NA,NA,NA,2.986364,0.03498875,17.064583499999998,10.001851888888888
2/17/24,1008,NA,NA,NA,4.2,0.0299145,15.0125,8.102777777777778
2/17/24,1014,NA,NA,NA,3.181818,0.03064375,22.2958335,13.603240777777778
2/17/24,1016,NA,NA,NA,3.963636,0.0333115,15.26354175,9.253009277777778
2/17/24,1026,NA,NA,NA,9.195455,0.0271575,21.11875,13.204166666666666
2/18/24,0001,NA,NA,NA,7.881818,0.023851499999999998,17.175,8.805092555555555
2/18/24,1006,NA,NA,NA,2.563636,0.033519,7.0625,3.504166666666667
2/18/24,1008,NA,NA,NA,3.372727,0.03021225,23,8.808796333333333
2/18/24,1014,NA,NA,NA,7.068182,0.02734075,28.3833335,12.606018555555556
2/18/24,1016,NA,NA,NA,3.859091,0.028879250000000002,10.68020825,6.008796333333334
2/18/24,1026,NA,NA,NA,10.768182,0.0244035,17.2645835,9.901388888888889
2/19/24,0001,NA,NA,NA,10.845455,0.022963499999999998,23.0083335,8.800463
2/19/24,1006,NA,NA,NA,2.995455,0.02999,8.3916665,3.8
2/19/24,1008,NA,NA,NA,3.981818,0.029601250000000003,17.18125,5.8069444444444445
2/19/24,1014,NA,NA,NA,10.195455,0.024572,36.0270835,8.406018555555557
2/19/24,1016,NA,NA,NA,6.268182,0.028039500000000002,12.0729165,4.657175888888888
2/19/24,1026,NA,NA,NA,10.027273,0.02453075,19.216666500000002,7.902314777777778
2/20/24,0001,NA,NA,NA,10.495455,0.024773,20.020833500000002,7.009259222222222
2/20/24,1006,NA,NA,NA,3.195455,0.028664500000000002,5.3604164999999995,2.3078703333333332
2/20/24,1008,NA,NA,NA,5.036364,0.0289645,11.4416665,4.004629666666666
2/20/24,1014,NA,NA,NA,8.677273,0.024649,24.4104165,6.904629666666667
2/20/24,1016,NA,NA,NA,6.763636,0.02770775,8.84166675,3.1548611111111113
2/20/24,1026,NA,NA,NA,10.227273,0.02744975,13.3,5.010185222222222
2/21/24,0001,NA,NA,NA,7.259091,0.02773675,8.49375,3.501388888888889
2/21/24,1006,NA,NA,NA,2.618182,0.036193,5.0875,2.401388888888889
2/21/24,1008,NA,NA,NA,5.027273,0.0325555,12.4375,3.8078703333333332
2/21/24,1014,NA,NA,NA,7.559091,0.0295955,15.0125,6.706944444444445
2/21/24,1016,NA,NA,NA,6.545455,0.03052125,7.24270825,2.6550926111111113
2/21/24,1026,NA,NA,NA,8.55,0.030599499999999998,9.075,3.408796333333333
2/22/24,0001,NA,NA,NA,11.077273,0.022290749999999998,13.125,5.400925889
2/22/24,1006,NA,NA,NA,2.718182,0.03734075,8.1604165,3.6037036666666666
2/22/24,1008,NA,NA,NA,5.973684,0.0262185,13.15,4.710185222222222
2/22/24,1014,NA,NA,NA,8.164286,0.01831425,20.3208335,7.408333333333333
2/22/24,1016,NA,NA,NA,6.145455,0.02953925,11.37291675,4.0562499999999995
2/22/24,1026,NA,NA,NA,10.236364,0.027667999999999998,14.15625,5.701388888888889
2/23/24,0001,NA,NA,NA,14.059091,0.02364275,14.4125,5.1
2/23/24,1006,NA,NA,NA,2.390909,0.04664275,5.3791665,1.4069444444444443
2/23/24,1008,NA,NA,NA,9.436364,0.02677575,18.28125,6.600925888888889
2/23/24,1014,NA,NA,NA,11.818182,0.03317175,50.163636499999996,8.706060555555554
2/23/24,1016,NA,NA,NA,10.277273,0.03114825,10.280208250000001,3.4516203333333335
2/23/24,1026,NA,NA,NA,17.809091,0.02248325,19.0229165,7.207407444444445
2/24/24,0001,NA,NA,NA,12.527273,0.026798750000000003,22.2145835,7.204166666666667
2/24/24,1006,NA,NA,NA,4.713636,0.04165725,9.070833499999999,2.3023147777777777
2/24/24,1008,NA,NA,NA,7.818182,0.0323625,19.2979165,6.4013888888888895
2/24/24,1014,NA,NA,NA,11.104545,0.03255425,41.1,9.508333333333333
2/24/24,1016,NA,NA,NA,8.604545,0.03330175,12.321875,3.752083333333333
2/24/24,1026,NA,NA,NA,18.768182,0.023206749999999998,18.36875,6.909722222222222
2/25/24,0001,NA,NA,NA,7.863636,0.03118075,20.125,9.908796333333333
2/25/24,1006,NA,NA,NA,3.659091,0.0406935,12.1354165,5.608796333333333
2/25/24,1008,NA,NA,NA,4.458333,0.02861875,16.423684,6.305263111111111
2/25/24,1014,NA,NA,NA,10.136364,0.03256375,49.3833335,22.904166666666665
2/25/24,1016,NA,NA,NA,4.613636,0.034729750000000004,13.78958325,6.256944444444445
2/25/24,1026,NA,NA,NA,12.522727,0.03134375,21.3270835,12.009259222222223
2/26/24,0001,NA,NA,NA,10.572727,0.02195325,24.408333499999998,13
2/26/24,1006,NA,NA,NA,7.636364,0.026335749999999998,19.4520835,11.106018555555556
2/26/24,1008,NA,NA,NA,8.138095,0.029373,19.3395835,8.400925888888889
2/26/24,1014,NA,NA,NA,12.227273,0.0226815,57.09375,25.5
2/26/24,1016,NA,NA,NA,8.986364,0.02453275,19.38125,8.455092555555556
2/26/24,1026,NA,NA,NA,11.740909,0.0278115,21.4770835,11.907407444444445
2/27/24,0001,NA,NA,NA,10.727273,0.027332,23.283333499999998,12.210185222222222
2/27/24,1006,NA,NA,NA,3.181818,0.033498,17.4916665,11.009722222222223
2/27/24,1008,NA,NA,NA,6.214286,0.02463625,17.4958335,6.206944444444445
2/27/24,1014,NA,NA,NA,10.4,0.0306475,42.2458335,14.506018555555556
2/27/24,1016,NA,NA,NA,6.909091,0.0317915,16.17708325,8.158796277777776
2/27/24,1026,NA,NA,NA,8.940909,0.03279125,20.302381,10.902645555555555
2/28/24,0001,NA,NA,NA,6.840909,0.032863500000000004,17.4416665,8.709722222222222
2/28/24,1006,NA,NA,NA,3.327273,0.03399275,13.377083500000001,7.010648111111111
2/28/24,1008,NA,NA,NA,6.581818,0.030369999999999998,15.258333499999999,6.510185222222222
2/28/24,1014,NA,NA,NA,6.313636,0.03112525,37.15,17.505092555555557
2/28/24,1016,NA,NA,NA,5.490909,0.03391675,15.21875,7.4553241111111115
2/28/24,1026,NA,NA,NA,6.390909,0.0360645,16.177083500000002,8.503703666666667
2/29/24,0001,NA,NA,NA,2.931818,0.038441,15.478261,7.3106279999999995
2/29/24,1006,NA,NA,NA,3.259091,0.034883000000000004,17.283333499999998,9.400463
2/29/24,1008,NA,NA,NA,3.640909,0.038655,16.1208335,6.205092555555556
2/29/24,1014,NA,NA,NA,6.05,0.0333615,42.29375,16.804166666666667
2/29/24,1016,NA,NA,NA,5.163636,0.03466375,14.321875,6.855555555555556
2/29/24,1026,NA,NA,NA,4.581818,0.03855175,14.1729165,6.206944444444445
3/1/24,0001,NA,NA,NA,5,0.032139,10.33125,3.808796333333333
3/1/24,1006,NA,NA,NA,1.936364,0.037841,9.4958335,4.0037036666666665
3/1/24,1008,NA,NA,NA,5.281818,0.03537925,9.3270835,3.3004629999999997
3/1/24,1014,NA,NA,NA,4.209091,0.034195750000000004,23.46875,4.606944444444444
3/1/24,1016,NA,NA,NA,6.963636,0.029599,9.2,3.353703722222222
3/1/24,1026,NA,NA,NA,6.263636,0.034327250000000004,9.3083335,3.309259222222222
3/2/24,0001,NA,NA,NA,3.227273,0.03590325,9.345833500000001,3.9050925555555556
3/2/24,1006,NA,NA,NA,1.313636,0.03720725,3.28125,1.7092592222222223
3/2/24,1008,NA,NA,NA,2.295455,0.03753775,9.0770835,3.0046296666666668
3/2/24,1014,NA,NA,NA,4.936364,0.03465525,12.060416499999999,4.706481444444445
3/2/24,1016,NA,NA,NA,3.295455,0.03475425,7.2760415,3.254861111111111
3/2/24,1026,NA,NA,NA,3.722727,0.0362065,8.470833500000001,3.501388888888889
3/3/24,0001,NA,NA,NA,2.609091,0.03751675,10.3479165,3.8037036666666664
3/3/24,1006,NA,NA,NA,1.25,0.0387305,5.2916665,2.6060185555555555
3/3/24,1008,NA,NA,NA,2.05,0.03855775,16.229166499999998,4.200925888888889
3/3/24,1014,NA,NA,NA,1.613636,0.03637625,9.1,3.502314777777778
3/3/24,1016,NA,NA,NA,3.122727,0.0342575,9.322916750000001,3.5053240555555556
3/3/24,1026,NA,NA,NA,4.204545,0.03851675,10.3916665,3.9050925555555556
3/4/24,0001,NA,NA,NA,5.413636,0.03290875,12.3,4.705314
3/4/24,1006,NA,NA,NA,1.990909,0.03774975,8.4333335,3.410185222222222
3/4/24,1008,NA,NA,NA,7.086364,0.03372525,13.2020835,4.0055555555555555
3/4/24,1014,NA,NA,NA,5.581818,0.03398875,14.435416499999999,5.6004629999999995
3/4/24,1016,NA,NA,NA,6.781818,0.02989425,10.58645825,3.754861111111111
3/4/24,1026,NA,NA,NA,6.9,0.0329715,11.1083335,4.109259222222222
3/5/24,0001,NA,NA,NA,6.618182,0.029395,12.477083499999999,4.506481444444445
3/5/24,1006,NA,NA,NA,3.168182,0.03602925,12.01875,4.9
3/5/24,1008,NA,NA,NA,6.61,0.03059875,12.0166665,4.009722222222222
3/5/24,1014,NA,NA,NA,7.431818,0.03097775,25.4770835,6.010648111111111
3/5/24,1016,NA,NA,NA,7.677273,0.02835275,11.64375,4.053703722222222
3/5/24,1026,NA,NA,NA,8.654545,0.03072675,13.033333500000001,4.703240777777778
3/6/24,0001,NA,NA,NA,7.368182,0.02988475,15.0145835,5.504629666666666
3/6/24,1006,NA,NA,NA,2.390476,0.034045,9.1875,4.3087963333333335
3/6/24,1008,NA,NA,NA,4.6,0.03091225,9.44375,3.7101852222222225
3/6/24,1014,NA,NA,NA,8.945455,0.03024425,28.3041665,7.508796333333334
3/6/24,1016,NA,NA,NA,6.240909,0.02999975,9.6677085,3.959490722222222
3/6/24,1026,NA,NA,NA,9,0.03081925,13.3625,5.406944444444445
3/7/24,0001,NA,NA,NA,4.618182,0.03287475,15.08125,5.104629666666666
3/7/24,1006,NA,NA,NA,1.863636,0.03553,7.2479165000000005,3.1087963333333333
3/7/24,1008,NA,NA,NA,4.622727,0.030239,11.375,3.6013888888888888
3/7/24,1014,NA,NA,NA,3.677273,0.0351055,11.3,4.402777777777778
3/7/24,1016,NA,NA,NA,5.277273,0.030203,12.31428575,4.406349166666667
3/7/24,1026,NA,NA,NA,7.359091,0.0303035,14.04375,5.104166666666666
3/8/24,0001,NA,NA,NA,7.973684,0.023294,19.385416499999998,7.107407444444444
3/8/24,1006,NA,NA,NA,2.963636,0.033335500000000004,10.354348,4.104347777777777
3/8/24,1008,NA,NA,NA,4.704545,0.030671749999999998,16.372916500000002,5.803703666666666
3/8/24,1014,NA,NA,NA,4.990909,0.031043,25.4291665,9.802314777777779
3/8/24,1016,NA,NA,NA,4.4,0.03053175,16.20625,5.8060184999999995
3/8/24,1026,NA,NA,NA,9.290909,0.027126249999999998,21.239583500000002,7.907870333333333
3/9/24,0001,NA,NA,NA,9.9,0.024978,22.21875,9.201851888888887
3/9/24,1006,NA,NA,NA,1.777273,0.0448115,10.0104165,3.0083333333333333
3/9/24,1008,NA,NA,NA,3.340909,0.033612,16.0541665,6.501851888888889
3/9/24,1014,NA,NA,NA,6.422727,0.029004250000000002,29.122916500000002,9.801851888888889
3/9/24,1016,NA,NA,NA,5.190909,0.0307755,14.859375,5.905324055555555
3/9/24,1026,NA,NA,NA,11.104545,0.02473125,20.0145835,8.103240777777778
3/10/24,0001,NA,NA,NA,5.872727,0.02993025,16.2375,6.806018555555555
3/10/24,1006,NA,NA,NA,2.427273,0.039594,9.15625,3.1097222222222225
3/10/24,1008,NA,NA,NA,3.704545,0.03278525,15.1291665,6.3
3/10/24,1014,NA,NA,NA,3.877273,0.033396,21.333333500000002,7.507870333333333
3/10/24,1016,NA,NA,NA,4.231818,0.031408,10.775,4.555324055555555
3/10/24,1026,NA,NA,NA,8.4,0.0302575,15.060416499999999,6.707870333333333
3/11/24,0001,NA,NA,NA,8.163636,0.029725750000000002,19.30625,7.309259222222222
3/11/24,1006,NA,NA,NA,2.713636,0.03687975,12.4854165,5.200463
3/11/24,1008,NA,NA,NA,6,0.03258325,14.16875,4.8
3/11/24,1014,NA,NA,NA,5.668182,0.0330875,33.4333335,11.201388888888888
3/11/24,1016,NA,NA,NA,6.366667,0.031853,12.19479175,4.758796277777778
3/11/24,1026,NA,NA,NA,9.940909,0.030333,18.0791665,7.002777777777778
3/12/24,0001,NA,NA,NA,6.731818,0.03391425,21.333333500000002,8.000463
3/12/24,1006,NA,NA,NA,2.768182,0.03820975,13.147916500000001,5.501388888888889
3/12/24,1008,NA,NA,NA,5.495455,0.03357675,13.26875,4.810185222222222
3/12/24,1014,NA,NA,NA,6.328571,0.03398225,32.2,8.902777777777779
3/12/24,1016,NA,NA,NA,4.895652,0.03383,12.647916500000001,4.653472222222222
3/12/24,1026,NA,NA,NA,7.790909,0.0337465,18.125,7.108333333333333
3/13/24,0001,NA,NA,NA,7.777273,0.02826325,19.052083500000002,7.208796333333334
3/13/24,1006,NA,NA,NA,1.977778,0.0362145,12.3916665,5.007870333333333
3/13/24,1008,NA,NA,NA,5.086364,0.032951,17.2613635,6.101010111111111
3/13/24,1014,NA,NA,NA,4.8375,0.0320525,21.30625,7.510185222222222
3/13/24,1016,NA,NA,NA,5.518182,0.030161,14.303125,5.357870388888889
3/13/24,1026,NA,NA,NA,6.613636,0.0302835,19.140909,7.408080777777778
3/14/24,0001,NA,NA,NA,11.595455,0.0286895,41.0083335,10.600463
3/14/24,1006,NA,NA,NA,2.081818,0.03637475,20.025,5.007870333333333
3/14/24,1008,NA,NA,NA,6.759091,0.03578825,30.3708335,5.601851888888889
3/14/24,1014,NA,NA,NA,4.029167,0.03499025,77.10625,11.100463
3/14/24,1016,NA,NA,NA,7.740909,0.0300705,25.159375,6.407175888888888
3/14/24,1026,NA,NA,NA,12.436364,0.02790825,36.0666665,9.3
3/15/24,0001,NA,NA,NA,7.540909,0.034534,22.15625,5.703703666666667
3/15/24,1006,NA,NA,NA,2.222727,0.04038975,10.0791665,3.0069444444444446
3/15/24,1008,NA,NA,NA,5.640909,0.0352315,12.03125,3.2041666666666666
3/15/24,1014,NA,NA,NA,7.204545,0.0365405,32.1875,5.705092555555556
3/15/24,1016,NA,NA,NA,5.286364,0.03772575,13.859375,3.8078703333333332
3/15/24,1026,NA,NA,NA,7.190909,0.03582075,17.185416500000002,4.408796333333334
3/16/24,0001,NA,NA,NA,6.878947,0.0347335,16.034091,5.1015151111111106
3/16/24,1006,NA,NA,NA,1.331818,0.042509,9.3541665,3.0078703333333334
3/16/24,1008,NA,NA,NA,3.490909,0.036416250000000004,15.1520835,4.4106481111111115
3/16/24,1014,NA,NA,NA,5.309091,0.039216,28.04375,5.709259222222222
3/16/24,1016,NA,NA,NA,3.672727,0.0367975,10.648958499999999,3.3055555555555554
3/16/24,1026,NA,NA,NA,8.031818,0.033502500000000004,14.0833335,4.608796333333333
3/17/24,0001,NA,NA,NA,5.45,0.031483,15.0479165,5.2027777777777775
3/17/24,1006,NA,NA,NA,1.609091,0.04055375,12.475,4.404166666666667
3/17/24,1008,NA,NA,NA,3.577273,0.0314355,15.1145835,5.200925888888889
3/17/24,1014,NA,NA,NA,3.827273,0.03492275,28.08125,6.810185222222222
3/17/24,1016,NA,NA,NA,2.854545,0.03293575,12.68125,4.355787055555556
3/17/24,1026,NA,NA,NA,7.954545,0.0296615,16.3916665,6.109722222222222
3/18/24,0001,NA,NA,NA,9.240909,0.0279215,19.125,6.206944444444445
3/18/24,1006,NA,NA,NA,2.268182,0.0412765,5.0395835,1.8027777777777778
3/18/24,1008,NA,NA,NA,6.172727,0.0295505,14.060416499999999,4.802777777777778
3/18/24,1014,NA,NA,NA,8.009091,0.03245875,65.2520835,9
3/18/24,1016,NA,NA,NA,7.468182,0.029987,12.5333335,3.957870388888889
3/18/24,1026,NA,NA,NA,16.045455,0.0227615,20.2895835,6.810185222222222
3/19/24,0001,NA,NA,NA,9.540909,0.029324,22.0458335,7.605555555555555
3/19/24,1006,NA,NA,NA,3.340909,0.04767475,10.247916499999999,3.701851888888889
3/19/24,1008,NA,NA,NA,6.322727,0.02940475,13.3125,5.307870333333333
3/19/24,1014,NA,NA,NA,9.431818,0.033091,40.15625,9.207870333333332
3/19/24,1016,NA,NA,NA,8.159091,0.03157025,13.79479175,4.753240722222222
3/19/24,1026,NA,NA,NA,13.536364,0.027545,20.010416499999998,7.802777777777778
3/20/24,0001,NA,NA,NA,8.25625,0.03192375,28.425,13.802777777777779
3/20/24,1006,NA,NA,NA,3.763636,0.04648725,16.0625,7.104629666666666
3/20/24,1008,NA,NA,NA,7.009091,0.03456625,16.239583500000002,7.010185222222222
3/20/24,1014,NA,NA,NA,8.790909,0.03495325,50.090908999999996,21.20353533333333
3/20/24,1016,NA,NA,NA,8.513636,0.0360185,19.66666675,9.153935166666667
3/20/24,1026,NA,NA,NA,9.681818,0.036725999999999995,26.15625,13.204166666666666
3/21/24,0001,NA,NA,NA,6.240909,0.035730250000000005,30.158333499999998,15.806481444444445
3/21/24,1006,NA,NA,NA,3.522727,0.04929875,18.1729165,7.804166666666666
3/21/24,1008,NA,NA,NA,5.095455,0.03797325,19.2645835,8.900925888888889
3/21/24,1014,NA,NA,NA,6.227273,0.03626875,56.4520835,25.706481444444442
3/21/24,1016,NA,NA,NA,5.340909,0.036865249999999995,26.67395825,12.751157388888888
3/21/24,1026,NA,NA,NA,7.377273,0.03769975,28.1708335,14.903240777777778
3/22/24,0001,NA,NA,NA,8.004545,0.02815575,22.114583500000002,10.809722222222224
3/22/24,1006,NA,NA,NA,3.527273,0.041707,12.1083335,4.905555555555556
3/22/24,1008,NA,NA,NA,5.368182,0.032273750000000004,17.19375,8.509722222222223
3/22/24,1014,NA,NA,NA,5.613636,0.03307775,41.0083335,15.406481444444445
3/22/24,1016,NA,NA,NA,6.077273,0.03208175,18.869791499999998,8.150462944444444
3/22/24,1026,NA,NA,NA,9.163636,0.031168,24.1958335,12.409259222222223
3/23/24,0001,NA,NA,NA,5.809091,0.03823575,21.35,8.806481444444445
3/23/24,1006,NA,NA,NA,2.090909,0.03854075,11.085416500000001,5.306481444444445
3/23/24,1008,NA,NA,NA,3.190909,0.04063125,17.154166500000002,5.605092555555555
3/23/24,1014,NA,NA,NA,2.113636,0.03932675,23.322916499999998,6.906018555555556
3/23/24,1016,NA,NA,NA,2.877273,0.03945375,12.9197915,5.453935166666667
3/23/24,1026,NA,NA,NA,6.204545,0.03811925,16.229166499999998,6.710185222222222
3/24/24,0001,NA,NA,NA,1.704545,0.04151025,15.4625,5.206481444444445
3/24/24,1006,NA,NA,NA,0.636364,0.04210675,8.11875,3.500463
3/24/24,1008,NA,NA,NA,2.018182,0.0414235,35.260416500000005,7.403703666666667
3/24/24,1014,NA,NA,NA,0.054545,0.0424595,12.164583499999999,4.203703666666667
3/24/24,1016,NA,NA,NA,0.795455,0.04183925,14.83125,5.004166666666666
3/24/24,1026,NA,NA,NA,2.936364,0.04129475,15.2854165,5.200463
3/25/24,0001,NA,NA,NA,5.086364,0.037011999999999996,21.04375,7.104166666666666
3/25/24,1006,NA,NA,NA,2.11875,0.03834275,12.26875,5.009722222222222
3/25/24,1008,NA,NA,NA,5.563636,0.030768,19.2041665,6.610648111111111
3/25/24,1014,NA,NA,NA,4.145455,0.0368575,20.2854165,7.201388888888889
3/25/24,1016,NA,NA,NA,4.95,0.0344615,16.96354175,6.154166666666667
3/25/24,1026,NA,NA,NA,6.740909,0.0365865,21.3270835,7.5055555555555555
3/26/24,0001,NA,NA,NA,5.333333,0.02873325,21.064583499999998,6.810648111111111
3/26/24,1006,NA,NA,NA,1.0625,0.03972825,14.19375,5.709722222222222
3/26/24,1008,NA,NA,NA,5.75,0.034199,16.127083499999998,6.006481444444445
3/26/24,1014,NA,NA,NA,6.018182,0.03496325,26.2458335,8.801388888888889
3/26/24,1016,NA,NA,NA,6.122727,0.03317925,16.91979175,6.107638888888889
3/26/24,1026,NA,NA,NA,4.886364,0.03673975,18.33,6.09
3/27/24,0001,NA,NA,NA,6.345455,0.038178000000000004,23.3291665,9.701388888888888
3/27/24,1006,NA,NA,NA,2.981818,0.04468775,19.23125,8.001851888888888
3/27/24,1008,NA,NA,NA,5.959091,0.03411025,19.0854165,7.008333333333334
3/27/24,1014,NA,NA,NA,4.895455,0.03680675,33.06875,12.006944444444445
3/27/24,1016,NA,NA,NA,6.877273,0.034012,20.35,8.153009222222222
3/27/24,1026,NA,NA,NA,10.354545,0.03389575,NA,NA
3/28/24,0001,NA,NA,NA,4.390909,0.0362635,16.10625,7.502777777777778
3/28/24,1006,NA,NA,NA,2.715,0.04039325,12.28125,5.303703666666666
3/28/24,1008,NA,NA,NA,3.718182,0.033994750000000004,16.010416499999998,6.206944444444445
3/28/24,1014,NA,NA,NA,1.859091,0.03564175,20.2375,8.905555555555555
3/28/24,1016,NA,NA,NA,3.595455,0.0357805,15.71354175,6.407638888888889
3/28/24,1026,NA,NA,NA,5.995455,0.03571775,NA,NA
3/29/24,0001,NA,NA,NA,6.304545,0.035547749999999996,16.1416665,5.806018555555555
3/29/24,1006,NA,NA,NA,2.785,0.042844,10.429166500000001,4.107407444444444
3/29/24,1008,NA,NA,NA,4.336364,0.03826375,13.1458335,4.900463
3/29/24,1014,NA,NA,NA,4.45,0.038836999999999997,26.1729165,7.610648111111111
3/29/24,1016,NA,NA,NA,5.4,0.037378999999999996,12.760416750000001,4.804398166666667
3/29/24,1026,NA,NA,NA,7.754545,0.03664425,NA,NA
3/30/24,0001,NA,NA,NA,4.363636,0.040273,11.0770835,4.500463
3/30/24,1006,NA,NA,NA,1.290909,0.0426315,3.45625,1.6083333333333334
3/30/24,1008,NA,NA,NA,3.563636,0.040077,9.2041665,3.602777777777778
3/30/24,1014,NA,NA,NA,0.918182,0.044287,15.36875,3.1032407777777777
3/30/24,1016,NA,NA,NA,2.945455,0.039016,7.1739585,2.953703722222222
3/30/24,1026,NA,NA,NA,6.05,0.03743,NA,NA
3/31/24,0001,NA,NA,NA,4.427273,0.037388,9.2354165,3.8023147777777777
3/31/24,1006,NA,NA,NA,1.295455,0.0427055,5.3208335,2.306481444444444
3/31/24,1008,NA,NA,NA,2.390909,0.03835625,10.1729165,3.0078703333333334
3/31/24,1014,NA,NA,NA,0.968182,0.04339425,8.4854165,3.1074074444444446
3/31/24,1016,NA,NA,NA,2.165,0.0385515,9.2608695,3.5533816666666667
3/31/24,1026,NA,NA,NA,4.204545,0.038828,NA,NA
4/1/24,0001,NA,NA,NA,7.45,0.033869250000000004,9.1458335,3.508796333333333
4/1/24,1006,NA,NA,NA,2.068182,0.04527075,4.4791665,2.010648111111111
4/1/24,1008,NA,NA,NA,4.336364,0.0379505,11.1104165,3.5050925555555557
4/1/24,1014,NA,NA,NA,3.909091,0.03988275,10.21875,3.4060185555555553
4/1/24,1016,NA,NA,NA,4.836364,0.03657425,7.68020825,2.7025463333333333
4/1/24,1026,NA,NA,NA,8.736364,0.0337955,NA,NA
4/2/24,0001,NA,NA,NA,10.895455,0.02825875,15.477083499999999,6.208796333333334
4/2/24,1006,NA,NA,NA,2.9,0.04637975,8.008333499999999,2.810648111111111
4/2/24,1008,NA,NA,NA,5.004545,0.03548,11.05,4.508333333333334
4/2/24,1014,NA,NA,NA,8.472727,0.03245775,30.2729165,8.608333333333333
4/2/24,1016,NA,NA,NA,7.618182,0.032244999999999996,12.296875,4.004166666666666
4/2/24,1026,NA,NA,NA,12.504545,0.0296605,NA,NA
4/3/24,0001,NA,NA,NA,8.7,0.03569325,21.282608500000002,8.904830889
4/3/24,1006,NA,NA,NA,2.773684,0.04845725,10.3020835,3.7041666666666666
4/3/24,1008,NA,NA,NA,4.036364,0.04025475,15.227083499999999,6.6004629999999995
4/3/24,1014,NA,NA,NA,8.021053,0.03560475,45.14375,12.708796333333332
4/3/24,1016,NA,NA,NA,6.6,0.036795499999999995,17.7375,6.554629611111111
4/3/24,1026,NA,NA,NA,12.604545,0.03259125,NA,NA
4/4/24,0001,NA,NA,NA,2.163636,0.0428715,11.4333335,4.604629666666666
4/4/24,1006,NA,NA,NA,2.55,0.04227625,11.1826085,5.405314000000001
4/4/24,1008,NA,NA,NA,3.090909,0.0430825,19.0270835,5.408333333333333
4/4/24,1014,NA,NA,NA,2.786364,0.04201125,22.43125,8.208333333333332
4/4/24,1016,NA,NA,NA,2.331818,0.04093125,11.865118500000001,5.2530083888888885
4/4/24,1026,NA,NA,NA,3.213636,0.042910500000000004,NA,NA
4/5/24,0001,NA,NA,NA,3.118182,0.045976,11.375,4.204166666666667
4/5/24,1006,NA,NA,NA,1.545455,0.04468025,7.1,3.0035353333333332
4/5/24,1008,NA,NA,NA,2.304545,0.047057,15.439583500000001,4.310185222222222
4/5/24,1014,NA,NA,NA,3.036364,0.044315,9.48125,3.509259222222222
4/5/24,1016,NA,NA,NA,2.336364,0.0441745,10.609375,3.659490777777778
4/5/24,1026,NA,NA,NA,3.404545,0.04641725,NA,NA
4/6/24,0001,NA,NA,NA,6.436364,0.03558225,17.225,6.807407444444444
4/6/24,1006,NA,NA,NA,2.131818,0.042438500000000004,10.445833499999999,4.304629666666666
4/6/24,1008,NA,NA,NA,2.413636,0.038699,14.4270835,5.008333333333334
4/6/24,1014,NA,NA,NA,2.472727,0.04093025,15.033333500000001,5.108333333333333
4/6/24,1016,NA,NA,NA,4.104545,0.037011999999999996,13.609375,4.9085647777777774
4/6/24,1026,NA,NA,NA,6.704545,0.0361685,NA,NA
4/7/24,0001,NA,NA,NA,5.022727,0.0376475,14.475,6.103703666666666
4/7/24,1006,NA,NA,NA,1.954545,0.04370125,10.43125,4.3087963333333335
4/7/24,1008,NA,NA,NA,3.622727,0.0359415,12.310416499999999,5.105555555555555
4/7/24,1014,NA,NA,NA,3.568182,0.04031825,20.4208335,7.102777777777778
4/7/24,1016,NA,NA,NA,3.313636,0.03729175,12.272916500000001,5.008564777777778
4/7/24,1026,NA,NA,NA,6.581818,0.036763000000000004,NA,NA
4/8/24,0001,NA,NA,NA,9.486364,0.03436275,22.127083499999998,8.005555555555556
4/8/24,1006,NA,NA,NA,2.809091,0.04630075,15.0125,5.510648111111111
4/8/24,1008,NA,NA,NA,6.168182,0.03779875,15.216666499999999,5.810185222222222
4/8/24,1014,NA,NA,NA,7.509091,0.03844875,31.091666500000002,9.803240777777779
4/8/24,1016,NA,NA,NA,5.395455,0.038585,15.22604175,5.854629611111111
4/8/24,1026,NA,NA,NA,11.385,0.03355375,NA,NA
4/9/24,0001,NA,NA,NA,15.395455,0.0338605,22.4020835,8.210648111
4/9/24,1006,NA,NA,NA,2.236364,0.05556225,11.2145835,3.0101852222222223
4/9/24,1008,NA,NA,NA,11.225,0.01975,12.616667,5.7
4/9/24,1014,NA,NA,NA,14.195455,0.03926275,60.072916500000005,13.904166666666667
4/9/24,1016,NA,NA,NA,8.018182,0.0424745,17.64375,5.358333333333333
4/9/24,1026,NA,NA,NA,18.025,0.03068675,NA,NA
4/10/24,0001,NA,NA,NA,12.705556,0.031253500000000004,38.2854165,13.505092555555555
4/10/24,1006,NA,NA,NA,3.763636,0.060434249999999995,17.0479165,3.900463
4/10/24,1014,NA,NA,NA,11.518182,0.037988999999999995,63.25,15.004545444444444
4/10/24,1016,NA,NA,NA,9.794444,0.03232,20.57604175,5.959722222222222
4/10/24,1026,NA,NA,NA,16.95,0.03185475,NA,NA
4/11/24,0001,NA,NA,NA,5.173684,0.04110125,22.3979165,11.701851888888887
4/11/24,1006,NA,NA,NA,5.045455,0.052740999999999996,20.2583335,5.609722222222222
4/11/24,1014,NA,NA,NA,9.286364,0.0360665,42.35625,17.005555555555556
4/11/24,1016,NA,NA,NA,5.878947,0.039381,20.76156125,8.552986389
4/11/24,1026,NA,NA,NA,8.945455,0.03965725,NA,NA
4/12/24,0001,NA,NA,NA,4.413636,0.04807825,24.0458335,11.407407444444445
4/12/24,1006,NA,NA,NA,5.018182,0.04020825,24.489583500000002,11.310648111111112
4/12/24,1008,NA,NA,NA,1.25,0.0505655,22.254545,6.909091
4/12/24,1014,NA,NA,NA,8.354545,0.0427325,46.2645835,20.106944444444444
4/12/24,1016,NA,NA,NA,3.340909,0.04845925,16.98541675,8.605092611111111
4/12/24,1026,NA,NA,NA,2.942857,0.050035500000000004,NA,NA
4/13/24,0001,NA,NA,NA,2.931818,0.0515075,19.388095,5.804761888888889
4/13/24,1006,NA,NA,NA,2.227273,0.0504435,16.291666499999998,5.702314777777778
4/13/24,1008,NA,NA,NA,2.9,0.05114225,16.41875,5.209259222222222
4/13/24,1014,NA,NA,NA,3.277273,0.050722500000000004,24.01875,5.606944444444444
4/13/24,1016,NA,NA,NA,2.85,0.05055375,12.790625,4.657407444444444
4/13/24,1026,NA,NA,NA,3.059091,0.05159725,NA,NA
4/14/24,0001,NA,NA,NA,2.1,0.05018025,NA,NA
4/14/24,1006,NA,NA,NA,1.281818,0.047132,5.1875,2.401851888888889
4/14/24,1008,NA,NA,NA,2.327273,0.04604875,9.1916665,3.1013888888888888
4/14/24,1014,NA,NA,NA,1.554545,0.04776775,8.279166499999999,3.104629666666667
4/14/24,1016,NA,NA,NA,1.636364,0.047883,7.2864585,2.8569444444444443
4/14/24,1026,NA,NA,NA,3.718182,0.04991925,NA,NA
4/15/24,0001,NA,NA,NA,5.495455,0.04666325,12,4.4125
4/15/24,1006,NA,NA,NA,2.131818,0.048996,8.064583500000001,2.8037036666666664
4/15/24,1008,NA,NA,NA,4.368182,0.042483,13.2645835,4.206481444444445
4/15/24,1014,NA,NA,NA,4.181818,0.046716,12.279166499999999,4.206018555555556
4/15/24,1016,NA,NA,NA,3.945455,0.0460965,9.34583325,3.4057870555555554
4/15/24,1026,NA,NA,NA,5.845,0.0473475,NA,NA
4/16/24,0001,NA,NA,NA,8.677273,0.035827250000000005,21.145833500000002,8.507407444444445
4/16/24,1006,NA,NA,NA,2.981818,0.05422325,10.0145835,3.000925888888889
4/16/24,1008,NA,NA,NA,5.631818,0.038420750000000004,17.3979165,6.804629666666666
4/16/24,1014,NA,NA,NA,7.145455,0.0395325,37.333333499999995,11.409722222222223
4/16/24,1016,NA,NA,NA,7.731818,0.03983025,16.6958335,6.155324055555555
4/16/24,1026,NA,NA,NA,12.659091,0.03441475,NA,NA
4/17/24,0001,NA,NA,NA,8.336364,0.03895725,23.1166665,10.102314777777778
4/17/24,1006,NA,NA,NA,4.886364,0.06205575,14.116666500000001,4.6101852222222215
4/17/24,1008,NA,NA,NA,6.927273,0.0335055,19.208333500000002,8.209259222222222
4/17/24,1014,NA,NA,NA,9.931818,0.04043425,52.0291665,13.803703666666667
4/17/24,1016,NA,NA,NA,9.077273,0.0366825,18.25652175,7.0045893333333336
4/17/24,1026,NA,NA,NA,13.318182,0.0347865,NA,NA
4/18/24,0001,NA,NA,NA,4.15,0.04553,31.34375,13.105092555555554
4/18/24,1006,NA,NA,NA,4.254545,0.04923725,26.083333500000002,8.910185222222223
4/18/24,1008,NA,NA,NA,4.677273,0.0426765,23.291666499999998,10.507407444444445
4/18/24,1014,NA,NA,NA,5.804545,0.04241325,53.1208335,17.503703666666667
4/18/24,1016,NA,NA,NA,4.304545,0.044311,24.703125,11.357870333333333
4/18/24,1026,NA,NA,NA,4.831818,0.04572925,NA,NA
4/19/24,0001,NA,NA,NA,2.104545,0.04936775,20.385416499999998,9.302777777777779
4/19/24,1006,NA,NA,NA,3.654545,0.043285000000000004,20.3875,10.400463
4/19/24,1008,NA,NA,NA,2.8,0.044063500000000005,18.060416500000002,7.7046296666666665
4/19/24,1014,NA,NA,NA,2.413636,0.04622075,27.4477275,11.403535333333334
4/19/24,1016,NA,NA,NA,2.927273,0.046439,19.28229175,9.056712944444444
4/19/24,1026,NA,NA,NA,3.418182,0.0490025,NA,NA
4/20/24,0001,NA,NA,NA,1.742105,0.049947000000000005,18.009090999999998,7.603535333333333
4/20/24,1006,NA,NA,NA,3.222727,0.04260125,19.2541665,9.402314777777779
4/20/24,1008,NA,NA,NA,2.163636,0.04578875,16.3833335,7.110648111111111
4/20/24,1014,NA,NA,NA,1.581818,0.04777175,21.125,9.606481444444444
4/20/24,1016,NA,NA,NA,1.654545,0.04757375,16.721875,7.958333333333334
4/20/24,1026,NA,NA,NA,3.713636,0.04868825,NA,NA
4/21/24,0001,NA,NA,NA,2.472727,0.050448,24.1958335,13.207407444444444
4/21/24,1006,NA,NA,NA,5,0.041307,22.197916499999998,10.806944444444445
4/21/24,1008,NA,NA,NA,1.618182,0.052296499999999996,18.475,9.808333333333334
4/21/24,1014,NA,NA,NA,1.631818,0.0455405,31.395833500000002,16.208333333333332
4/21/24,1016,NA,NA,NA,1.35,0.04939925,20.028125,10.255787055555556
4/21/24,1026,NA,NA,NA,3.895455,0.050930500000000004,NA,NA
4/22/24,0001,NA,NA,NA,2.618182,0.049474500000000005,20.0166665,9.710185222222222
4/22/24,1006,NA,NA,NA,5.004545,0.0401835,20.08125,10.503240777777778
4/22/24,1008,NA,NA,NA,2.3,0.04913675,13.429166500000001,7.110648111111111
4/22/24,1014,NA,NA,NA,4.954545,0.04142375,39.2208335,19.104166666666668
4/22/24,1016,NA,NA,NA,3.527273,0.047161,18.08125,9.1060185
4/22/24,1026,NA,NA,NA,3.722727,0.048844,NA,NA
4/23/24,0001,NA,NA,NA,2.845,0.04484025,16.3166665,6.210185222222222
4/23/24,1006,NA,NA,NA,2.4,0.039865,17.4333335,5.9013888888888895
4/23/24,1008,NA,NA,NA,2.386364,0.04603975,14.09375,5.010185222222222
4/23/24,1014,NA,NA,NA,2.6,0.04315,24.18125,8.6
4/23/24,1016,NA,NA,NA,2.327273,0.04461875,15.795833250000001,6.155324055555555
4/23/24,1026,NA,NA,NA,3.386364,0.04498175,NA,NA
4/24/24,0001,NA,NA,NA,2.336364,0.04390025,13.1979165,4.704166666666667
4/24/24,1006,NA,NA,NA,1.633333,0.03811675,9.2645835,4.001388888888889
4/24/24,1008,NA,NA,NA,2.990909,0.0436365,17.497916500000002,5.7
4/24/24,1014,NA,NA,NA,1.722727,0.04383675,16.322916499999998,5.200463
4/24/24,1016,NA,NA,NA,1.904545,0.04219025,12.7958335,4.459953666666667
4/24/24,1026,NA,NA,NA,3.75,0.0428225,NA,NA
4/25/24,0001,NA,NA,NA,2.095455,0.0419465,9.497916499999999,3.600463
4/25/24,1006,NA,NA,NA,1.545455,0.03942125,7.2895835,3.2064814444444445
4/25/24,1008,NA,NA,NA,2.359091,0.040146,14.03125,4.201388888888889
4/25/24,1014,NA,NA,NA,1.554545,0.040674,12.0125,3.700925888888889
4/25/24,1016,NA,NA,NA,2.077273,0.040906250000000005,9.24791675,3.2537036666666665
4/25/24,1026,NA,NA,NA,3.654545,0.04054875,7.72,2.94
4/26/24,0001,NA,NA,NA,1.986364,0.03749825,19,6.206481444444445
4/26/24,1006,NA,NA,NA,1.609091,0.03622225,12.2395835,5.007870333333333
4/26/24,1008,NA,NA,NA,4.090909,0.034980500000000005,20.279166500000002,6.204166666666667
4/26/24,1014,NA,NA,NA,3.045455,0.035803749999999995,20.091666500000002,6.609259222222222
4/26/24,1016,NA,NA,NA,2.077273,0.03707725,16.74479175,5.707638888888889
4/26/24,1026,NA,NA,NA,2.818182,0.036557,18.1625,6.300463
4/27/24,0001,NA,NA,NA,3.418182,0.033141000000000004,24.4604165,7.607870333333333
4/27/24,1006,NA,NA,NA,1.881818,0.0386435,18.30625,6.606944444444444
4/27/24,1008,NA,NA,NA,2.477273,0.0337785,24.2541665,7.207870333333333
4/27/24,1014,NA,NA,NA,3.513636,0.03496825,34.01875,10.007407444444445
4/27/24,1016,NA,NA,NA,3.068182,0.0338165,19.91041675,6.708101888888889
4/27/24,1026,NA,NA,NA,4.25,0.033527,22.4604165,7.701851888888889
4/28/24,0001,NA,NA,NA,4.672727,0.03130175,27.1395835,10.809722222222224
4/28/24,1006,NA,NA,NA,1.945455,0.0425895,17.395833500000002,6.403703666666667
4/28/24,1008,NA,NA,NA,2.75,0.03246825,20.2770835,7.509722222222222
4/28/24,1014,NA,NA,NA,4.386364,0.03241675,49.1125,16.903240777777775
4/28/24,1016,NA,NA,NA,3.990909,0.03258425,22.55833325,9.00625
4/28/24,1026,NA,NA,NA,8.554545,0.029929499999999998,27.3875,11.705555555555556
4/29/24,0001,NA,NA,NA,5.754545,0.0314185,28.202381000000003,12.1
4/29/24,1006,NA,NA,NA,3.154545,0.042487250000000004,20.0791665,6.708333333333334
4/29/24,1008,NA,NA,NA,4.331818,0.031028,20.4854165,7.706944444444445
4/29/24,1014,NA,NA,NA,6.804545,0.03115375,62.2791665,22.606481444444444
4/29/24,1016,NA,NA,NA,6.140909,0.03250025,25.1708335,9.755092611111111
4/29/24,1026,NA,NA,NA,6.795455,0.03433,31.1291665,13.602314777777778
4/30/24,0001,NA,NA,NA,5.672727,0.0400335,32.3604165,13.502777777777778
4/30/24,1006,NA,NA,NA,3.55,0.04214375,25.021739,9.708695666666666
4/30/24,1008,NA,NA,NA,4.313636,0.04289525,23.185416500000002,8.908796333333333
4/30/24,1014,NA,NA,NA,5.145455,0.039217,50.28125,19.510185222222223
4/30/24,1016,NA,NA,NA,4.35,0.042382,30.56041675,12.953703666666668
4/30/24,1026,NA,NA,NA,4.772727,0.0414725,32.0958335,13.402777777777779
5/1/24,0001,NA,NA,NA,2.418182,0.0468935,32.2125,12.607870333333333
5/1/24,1006,NA,NA,NA,2.931818,0.044371,26.375,11.509722222222223
5/1/24,1008,NA,NA,NA,3.740909,0.04396675,28.18125,9.810648111111112
5/1/24,1014,NA,NA,NA,2.877273,0.04392325,45.4645835,16.6
5/1/24,1016,NA,NA,NA,3.336364,0.0440605,29.7920455,11.505555555555556
5/1/24,1026,NA,NA,NA,3.459091,0.0479455,30.3565215,12.202898555555555
5/2/24,0001,NA,NA,NA,3.536364,0.047065499999999996,42.3875,17.010185222222223
5/2/24,1006,NA,NA,NA,3.577273,0.042521500000000004,33.0363635,13.909596
5/2/24,1008,NA,NA,NA,3.545455,0.048605999999999996,26.029166500000002,10.506481444444445
5/2/24,1014,NA,NA,NA,4.054545,0.043706,59.31875,24.610185222222224
5/2/24,1016,NA,NA,NA,4.004545,0.04648525,35.21875,14.703935222222222
5/2/24,1026,NA,NA,NA,3.85,0.048506,36.1479165,14.709259222222222
5/3/24,0001,NA,NA,NA,3,0.048343,33.2895835,14.005555555555556
5/3/24,1006,NA,NA,NA,3.236364,0.04767275,34.2875,15.609722222222222
5/3/24,1008,NA,NA,NA,3.05,0.0522585,26.4958335,10.500463
5/3/24,1014,NA,NA,NA,3.522727,0.04524375,46.39375,17.510185222222223
5/3/24,1016,NA,NA,NA,3.354545,0.04880025,31.90416675,14.255092611111111
5/3/24,1026,NA,NA,NA,4.109091,0.0489815,33.1083335,13.908796333333333
5/4/24,0001,NA,NA,NA,2.163636,0.0380755,25.0583335,9.109722222222222
5/4/24,1006,NA,NA,NA,2.818182,0.03899975,23.09375,10.905092555555555
5/4/24,1008,NA,NA,NA,2.027273,0.040016750000000004,19.4854165,7.604166666666666
5/4/24,1014,NA,NA,NA,2.513636,0.03761825,33.1604165,12.609722222222222
5/4/24,1016,NA,NA,NA,1.85,0.039119,20.7260415,8.405555555555555
5/4/24,1026,NA,NA,NA,2.627273,0.03759075,21.145833500000002,8.306944444444445
5/5/24,0001,NA,NA,NA,2.213636,0.038436,14.0520835,4.708796333333334
5/5/24,1006,NA,NA,NA,1.413636,0.04004975,9.4895835,4.009259222222222
5/5/24,1008,NA,NA,NA,2.090909,0.0398365,15.40625,4.906481444444445
5/5/24,1014,NA,NA,NA,1.681818,0.03908475,15.147916500000001,4.607407444444444
5/5/24,1016,NA,NA,NA,3.040909,0.036047499999999996,12.70520825,4.504861111111111
5/5/24,1026,NA,NA,NA,3.654545,0.037788749999999996,12.3395835,4.602314777777777
5/6/24,0001,NA,NA,NA,6.9,0.0350095,18.104166499999998,6.803240777777778
5/6/24,1006,NA,NA,NA,2.359091,0.0458475,14.30625,5.105092555555555
5/6/24,1008,NA,NA,NA,5.363636,0.039525,17.4625,6.303240777777778
5/6/24,1014,NA,NA,NA,3.757143,0.04009675,27.4125,7.204166666666667
5/6/24,1016,NA,NA,NA,4.718182,0.0380265,16.8625,6.002083333333333
5/6/24,1026,NA,NA,NA,7.145455,0.03741625,17.4020835,6.5074074444444445
5/7/24,0001,NA,NA,NA,6.686364,0.03768475,30.185416500000002,11.006481444444445
5/7/24,1006,NA,NA,NA,3.813636,0.0450225,21.185416500000002,7.4013888888888895
5/7/24,1008,NA,NA,NA,4.131818,0.03883525,18.2375,7.006944444444445
5/7/24,1014,NA,NA,NA,8.268182,0.036491499999999996,59.0708335,16.91064811111111
5/7/24,1016,NA,NA,NA,5.875,0.040226,23.14895825,8.507407389
5/7/24,1026,NA,NA,NA,6.809091,0.038408,23.4958335,9.202777777777778
5/8/24,0001,NA,NA,NA,4.477273,0.04135425,34.260416500000005,12.706944444444444
5/8/24,1006,NA,NA,NA,3.290909,0.04179975,30.0458335,11.702314777777778
5/8/24,1008,NA,NA,NA,3.359091,0.04224175,26.3022725,9.906060555555555
5/8/24,1014,NA,NA,NA,8.213636,0.03598875,59.208333499999995,19.706944444444442
5/8/24,1016,NA,NA,NA,3.241667,0.04405725,31.2760415,12.253935166666666
5/8/24,1026,NA,NA,NA,2.954545,0.0434545,31.310416500000002,12.207407444444444
5/9/24,0001,NA,NA,NA,4.268182,0.0423235,35.431818,14.807575777777778
5/9/24,1006,NA,NA,NA,2.863636,0.0402035,32.1395835,14.005555555555556
5/9/24,1008,NA,NA,NA,4.536364,0.04107975,29.2145835,11.302777777777779
5/9/24,1014,NA,NA,NA,5.5,0.04267725,54.3729165,19.81064811111111
5/9/24,1016,NA,NA,NA,4.2375,0.04116775,35.0885415,14.053472222222222
5/9/24,1026,NA,NA,NA,4.154545,0.04555025,36.1916665,15.208796333333332
5/10/24,0001,NA,NA,NA,6.745455,0.04652175,30.470833499999998,12.6
5/10/24,1006,NA,NA,NA,3.231818,0.044928249999999996,32.0229165,13.810185222222223
5/10/24,1008,NA,NA,NA,3.404545,0.045922,29.2270835,11.401851888888888
5/10/24,1014,NA,NA,NA,3.418182,0.047025,44.1104165,16.103240777777778
5/10/24,1016,NA,NA,NA,5.386364,0.046647,27.58854175,11.301388888888889
5/10/24,1026,NA,NA,NA,7.777273,0.046009999999999995,31.489583500000002,13.407870333333333
5/11/24,0001,NA,NA,NA,3.840909,0.04944175,22.0479165,9.306944444444445
5/11/24,1006,NA,NA,NA,2.968182,0.0387045,21.122916500000002,9.807870333333334
5/11/24,1008,NA,NA,NA,1.713636,0.04818025,22.30625,9.200925888888888
5/11/24,1014,NA,NA,NA,1.409091,0.048024250000000004,29.1916665,12.700925888888888
5/11/24,1016,NA,NA,NA,1.377273,0.047852,18.8041665,8.206249999999999
5/11/24,1026,NA,NA,NA,3.695455,0.048168,22.247916500000002,10.205555555555556
5/12/24,0001,NA,NA,NA,1.881818,0.04886375,23.375,11.304166666666667
5/12/24,1006,NA,NA,NA,3.827273,0.03702775,21.3520835,9.109259222222223
5/12/24,1008,NA,NA,NA,1.395455,0.04609725,20.252083499999998,8.102314777777778
5/12/24,1014,NA,NA,NA,1.759091,0.0457925,36.145833499999995,17.30185188888889
5/12/24,1016,NA,NA,NA,1.65,0.0462845,22.27604175,11.106481444444444
5/12/24,1026,NA,NA,NA,4.204545,0.047523750000000003,24.283333499999998,11.801388888888889
5/13/24,0001,NA,NA,NA,2.37619,0.04409775,16.01875,7.310185222222222
5/13/24,1006,NA,NA,NA,4.640909,0.03491525,19.0458335,8.505092555555555
5/13/24,1008,NA,NA,NA,1.936364,0.04319775,15.085416500000001,6.308333333333334
5/13/24,1014,NA,NA,NA,2.354545,0.04061875,31.208333500000002,13.305555555555555
5/13/24,1016,NA,NA,NA,2.745833,0.0418655,17.26354175,8.455787055555556
5/13/24,1026,NA,NA,NA,5.15,0.0399985,16.2458335,8.107870333333333
5/14/24,0001,NA,NA,NA,2.245833,0.044671,16.4958335,8.104629666666666
5/14/24,1006,NA,NA,NA,3.509091,0.041477,18.325,8.310185222222223
5/14/24,1008,NA,NA,NA,2.336364,0.04509125,9.2413045,4.409661888888889
5/14/24,1014,NA,NA,NA,3.7,0.04073125,35.05625,13.205092555555554
5/14/24,1016,NA,NA,NA,2.704545,0.04504075,13.72604175,6.853935166666667
5/14/24,1026,NA,NA,NA,3.277273,0.04456575,14.154166499999999,6.407407444444445
5/15/24,0001,NA,NA,NA,2.6,0.0413085,12.175,4.901851888888889
5/15/24,1006,NA,NA,NA,3.318182,0.036885749999999995,23.1020835,10.105092555555554
5/15/24,1008,NA,NA,NA,3.086364,0.0420115,10.21875,4.105092555555555
5/15/24,1014,NA,NA,NA,3.504545,0.0380705,21.43125,8.004629666666666
5/15/24,1016,NA,NA,NA,3.568182,0.03956,12.22395825,5.207870388888889
5/15/24,1026,NA,NA,NA,3.245455,0.04002,11.1625,4.902314777777778
5/16/24,0001,NA,NA,NA,2.257143,0.045163999999999996,12.3895835,4.9
5/16/24,1006,NA,NA,NA,2.490909,0.0420355,18.1104165,7.9106481111111115
5/16/24,1008,NA,NA,NA,3.140909,0.042932,11.029166499999999,4.408333333333333
5/16/24,1014,NA,NA,NA,1.909091,0.044284,17.193182,6.603030333333333
5/16/24,1016,NA,NA,NA,2.545455,0.0428425,11.3375,4.801620388888889
5/16/24,1026,NA,NA,NA,4.454545,0.04195025,11.3,5.1
5/17/24,0001,NA,NA,NA,2.654545,0.043554999999999996,10.2770835,4.210648111111111
5/17/24,1006,NA,NA,NA,2.986364,0.0388595,17.03125,8.306018555555557
5/17/24,1008,NA,NA,NA,2.863636,0.042734,13.1,4.601388888888889
5/17/24,1014,NA,NA,NA,2.3,0.040864250000000005,13.0270835,5.907407444444445
5/17/24,1016,NA,NA,NA,2.75,0.04239325,10.78541675,4.35625
5/17/24,1026,NA,NA,NA,4.309091,0.041806499999999996,10.025,4.706018555555556
5/18/24,0001,NA,NA,NA,2.05,0.0439755,12.2645835,5.404166666666667
5/18/24,1006,NA,NA,NA,2.509091,0.04033325,17.083333500000002,8.000925888888888
5/18/24,1008,NA,NA,NA,1.454545,0.04257725,19.239583500000002,5.510185222222222
5/18/24,1014,NA,NA,NA,1.545455,0.042808250000000006,17.0395835,7.809722222222222
5/18/24,1016,NA,NA,NA,1.727273,0.04326,11.140625,4.953935166666667
5/18/24,1026,NA,NA,NA,2.854545,0.04256,10.4520835,5.205092555555556
5/19/24,0001,NA,NA,NA,2.1,0.04653275,10.4958335,4.501851888888889
5/19/24,1006,NA,NA,NA,2.213636,0.042452500000000004,14.2645835,6.700463
5/19/24,1008,NA,NA,NA,1.827273,0.04418325,14.3854165,4.703240777777778
5/19/24,1014,NA,NA,NA,1.318182,0.04398125,18.2125,6.3
5/19/24,1016,NA,NA,NA,2.027273,0.04376125,9.875,4.357175944444444
5/19/24,1026,NA,NA,NA,2.972727,0.0466385,10.1291665,4.504166666666666
5/20/24,0001,NA,NA,NA,1.945455,0.047100500000000003,15.4875,6.108333333333333
5/20/24,1006,NA,NA,NA,2.513636,0.04460975,21.2354165,9.701851888888887
5/20/24,1008,NA,NA,NA,3.013636,0.042910500000000004,16.4875,5.902314777777778
5/20/24,1014,NA,NA,NA,2.804762,0.04467675,27.2416665,9.501851888888888
5/20/24,1016,NA,NA,NA,2.522727,0.0456885,14.694791500000001,5.758564833333334
5/20/24,1026,NA,NA,NA,2.581818,0.045815499999999995,14.43125,6.201851888888889
5/21/24,0001,NA,NA,NA,2.204167,0.048094250000000005,24.2108695,9.205797111
5/21/24,1006,NA,NA,NA,3.268182,0.0427965,26.13125,10.500925888888888
5/21/24,1008,NA,NA,NA,4.009091,0.04137025,30.345833499999998,9.605555555555556
5/21/24,1014,NA,NA,NA,3.25,0.04475225,45.4,12.702314777777778
5/21/24,1016,NA,NA,NA,4.654545,0.04177825,21.88125,8.85625
5/21/24,1026,NA,NA,NA,3.357895,0.046524499999999996,22.1791665,9.101388888888888
5/22/24,0001,NA,NA,NA,2.295833,0.049980250000000004,27.1791665,10.901851888888888
5/22/24,1006,NA,NA,NA,3.018182,0.04608375,27.275,11.703240777777777
5/22/24,1008,NA,NA,NA,3.713636,0.0475825,28.0166665,10.003703666666667
5/22/24,1014,NA,NA,NA,3.090909,0.046258,45.4729165,15.5
5/22/24,1016,NA,NA,NA,3.059091,0.0491425,25.6083335,10.553240722222222
5/22/24,1026,NA,NA,NA,2.168182,0.050258250000000004,26.4,10.9
5/23/24,0001,NA,NA,NA,2.268182,0.039331,17.447916499999998,6.710185222222222
5/23/24,1006,NA,NA,NA,2.4095240000000002,0.039435,28.0229165,11.300925888888889
5/23/24,1008,NA,NA,NA,2.381818,0.03835,21.2229165,6.008333333333334
5/23/24,1014,NA,NA,NA,5.045455,0.038422,34.3625,10.403703666666667
5/23/24,1016,NA,NA,NA,2.681818,0.039764,16.22604175,6.5567129444444445
5/23/24,1026,NA,NA,NA,2.118182,0.03849175,14.415909,6.203030333333333
5/24/24,0001,NA,NA,NA,2.17,0.045186,18.40625,7.606481444444444
5/24/24,1006,NA,NA,NA,2.463636,0.04286975,23.010416499999998,9.404166666666667
5/24/24,1008,NA,NA,NA,2.436364,0.04192175,16.49375,6.405555555555556
5/24/24,1014,NA,NA,NA,3.095455,0.04405325,26.3625,9.607870333333333
5/24/24,1016,NA,NA,NA,2.377273,0.04311025,15.359375,6.505787
5/24/24,1026,NA,NA,NA,3.063636,0.042548,17.31875,7.408796333333334
5/25/24,0001,NA,NA,NA,1.327273,0.029645,9.227083499999999,3.8027777777777776
5/25/24,1006,NA,NA,NA,1.536364,0.03028925,12.4520835,5.603703666666666
5/25/24,1008,NA,NA,NA,1.75,0.02962125,10.408333500000001,4.404629666666667
5/25/24,1014,NA,NA,NA,1.381818,0.0293385,13.158333500000001,4.703703666666667
5/25/24,1016,NA,NA,NA,1.659091,0.02912,8.364583249999999,3.5530092222222223
5/25/24,1026,NA,NA,NA,2.363636,0.027004,8.4125,3.702777777777778
5/26/24,0001,NA,NA,NA,2.227273,0.034367,12.23125,5.201388888888889
5/26/24,1006,NA,NA,NA,2.159091,0.03140325,15.0458335,6.4013888888888895
5/26/24,1008,NA,NA,NA,1.768182,0.033730750000000004,12.4958335,4.606018555555555
5/26/24,1014,NA,NA,NA,1.4,0.03465975,20.3270835,6.201388888888889
5/26/24,1016,NA,NA,NA,1.395455,0.0350755,11.13854175,4.852546277777778
5/26/24,1026,NA,NA,NA,3.118182,0.03295825,12.49375,5.706018555555556
5/27/24,0001,NA,NA,NA,3.036364,0.0385645,16.33125,7.705092555555556
5/27/24,1006,NA,NA,NA,2.795455,0.03380525,16.34375,7.501851888888889
5/27/24,1008,NA,NA,NA,1.663636,0.040080000000000005,16.2625,6.809259222222222
5/27/24,1014,NA,NA,NA,1.618182,0.0378185,23.3395835,9.204166666666666
5/27/24,1016,NA,NA,NA,1.404545,0.03988975,14.666666750000001,6.751388888888889
5/27/24,1026,NA,NA,NA,3.909091,0.03785,17.2458335,8.200463
5/28/24,0001,NA,NA,NA,3.068182,0.040314749999999996,20.4625,9.801388888888889
5/28/24,1006,NA,NA,NA,4.85,0.036110500000000004,21.4145835,8.705092555555554
5/28/24,1008,NA,NA,NA,2.922222,0.041859,15.05625,7.209259222222222
5/28/24,1014,NA,NA,NA,2.8,0.03861375,28.033333499999998,12.900925888888889
5/28/24,1016,NA,NA,NA,2.925,0.04044975,19.33541675,8.857638889
5/28/24,1026,NA,NA,NA,3.814286,0.039346,19.4104165,9.409722222222223
5/29/24,0001,NA,NA,NA,3.127273,0.0377185,24.35625,10.502777777777778
5/29/24,1006,NA,NA,NA,4.768182,0.04021275,25.002083499999998,10.108796333333332
5/29/24,1008,NA,NA,NA,3.06,0.0386885,15.341666499999999,7.105092555555555
5/29/24,1014,NA,NA,NA,4.372727,0.034951,50.4395835,17.509722222222223
5/29/24,1016,NA,NA,NA,3.88,0.034641500000000006,21.8927085,10.559027777777777
5/29/24,1026,NA,NA,NA,3.354167,0.037350499999999995,23.05,10.61064811111111
5/30/24,0001,NA,NA,NA,4.4,0.0395475,40.10625,17.005092555555557
5/30/24,1006,NA,NA,NA,5.236364,0.03945125,31.45,11.806280222222222
5/30/24,1008,NA,NA,NA,2.635,0.041903499999999996,28.166666499999998,12.009722222222223
5/30/24,1014,NA,NA,NA,6.981818,0.03530375,71.21875,24.106018555555558
5/30/24,1016,NA,NA,NA,4.338889,0.039961000000000003,35.2151785,15.85641538888889
5/30/24,1026,NA,NA,NA,2.83913,0.0414615,33.0875,14.301851888888889
5/31/24,0001,NA,NA,NA,3.118182,0.043181500000000005,34.0395835,15.210185222222222
5/31/24,1006,NA,NA,NA,3.831818,0.04317375,28.4,12.903240777777778
5/31/24,1008,NA,NA,NA,3.240909,0.044004,25.1479165,10.901388888888889
5/31/24,1014,NA,NA,NA,3.027273,0.040995500000000004,41.0979165,16.004166666666666
5/31/24,1016,NA,NA,NA,3.331818,0.04341125,31.36190475,13.858234111111111
5/31/24,1026,NA,NA,NA,3.377273,0.04308625,31.404166500000002,13.801388888888889
6/1/24,0001,NA,NA,NA,2.181818,0.04666425,23.1020835,9.903240777777778
6/1/24,1006,NA,NA,NA,2.681818,0.0480695,28.1395835,13.509722222222223
6/1/24,1008,NA,NA,NA,1.413636,0.04656175,13.0625,5.806018555555555
6/1/24,1014,NA,NA,NA,2.518182,0.0439635,38.225,16.002777777777776
6/1/24,1016,NA,NA,NA,2.154545,0.04602775,19.779166500000002,8.906481444444445
6/1/24,1026,NA,NA,NA,2.913636,0.0456415,20.1375,9.3
6/2/24,0001,NA,NA,NA,1.404545,0.03652775,17.1,7.010648111111111
6/2/24,1006,NA,NA,NA,2.790909,0.039488499999999996,30.19375,15.404166666666667
6/2/24,1008,NA,NA,NA,1.095455,0.03999675,15.0041665,6.3069444444444445
6/2/24,1014,NA,NA,NA,3.418182,0.0352605,45.3583335,19.4
6/2/24,1016,NA,NA,NA,2.059091,0.0381685,18.19375,8.4064815
6/2/24,1026,NA,NA,NA,2.218182,0.035886749999999995,14.341666499999999,6.3087963333333335
6/3/24,0001,NA,NA,NA,2.65,0.028155,13.21875,6.100925888888889
6/3/24,1006,NA,NA,NA,2.840909,0.03307075,21.033333499999998,9.503240777777778
6/3/24,1008,NA,NA,NA,1.863158,0.036844999999999996,13.475,6.008333333333334
6/3/24,1014,NA,NA,NA,3.722727,0.028262250000000003,27.2145835,10.306944444444445
6/3/24,1016,NA,NA,NA,3.340909,0.03065175,12.3479165,5.8067129444444445
6/3/24,1026,NA,NA,NA,2.518182,0.02796875,8.2291665,3.6097222222222225
6/4/24,0001,NA,NA,NA,3.963636,0.024802499999999998,17.1375,7.0037036666666665
6/4/24,1006,NA,NA,NA,4.581818,0.03537475,21.0270835,8.702314777777778
6/4/24,1008,NA,NA,NA,2.381818,0.03580925,16.189583499999998,7.107870333333333
6/4/24,1014,NA,NA,NA,5.036364,0.0264835,58.0791665,16.200463
6/4/24,1016,NA,NA,NA,4.777273,0.026631250000000002,16.2125,7.752546333333333
6/4/24,1026,NA,NA,NA,4.122727,0.02461775,12.4645835,5.507870333333333
6/5/24,0001,NA,NA,NA,4.081818,0.028844750000000002,22.0145835,10.206018555555556
6/5/24,1006,NA,NA,NA,6.359091,0.0426645,28.3291665,10.501388888888888
6/5/24,1008,NA,NA,NA,1.945455,0.032946249999999996,14.347727500000001,6.606060555555556
6/5/24,1014,NA,NA,NA,3.740909,0.02874525,32.2833335,13.807870333333334
6/5/24,1016,NA,NA,NA,5.418182,0.03074025,22.69895825,9.854861111111111
6/5/24,1026,NA,NA,NA,5.072727,0.02755475,19.497916500000002,9.306481444444445
6/6/24,0001,NA,NA,NA,3.045455,0.03476725,16.4291665,7.500925888888889
6/6/24,1006,NA,NA,NA,6.072727,0.04145375,29.0083335,11.506944444444445
6/6/24,1008,NA,NA,NA,2.322727,0.03762,12.3020835,5.510648111111111
6/6/24,1014,NA,NA,NA,3.354545,0.03292525,30.083333500000002,13
6/6/24,1016,NA,NA,NA,4.131818,0.033996,16.728125,7.553703722222222
6/6/24,1026,NA,NA,NA,5.604545,0.03243425,17.25625,8.600925888888888
6/7/24,0001,NA,NA,NA,3.345455,0.0327575,14.3916665,6.704166666666667
6/7/24,1006,NA,NA,NA,5.677273,0.03636875,21.075,9.805092555555555
6/7/24,1008,NA,NA,NA,1.995455,0.03429525,9.1208335,3.808333333333333
6/7/24,1014,NA,NA,NA,4.754545,0.0311645,32.425,15.2
6/7/24,1016,NA,NA,NA,4.004545,0.033066,13.1739585,6.909259277777778
6/7/24,1026,NA,NA,NA,3.190909,0.03221625,11.025,5.105092555555555
6/8/24,0001,NA,NA,NA,2.209091,0.030390999999999998,9.029166499999999,3.703240777777778
6/8/24,1006,NA,NA,NA,3.272727,0.033797,17.0166665,8.910185222222223
6/8/24,1008,NA,NA,NA,1.068182,0.0293355,5.41875,2.206944444444445
6/8/24,1014,NA,NA,NA,4.154545,0.02842375,28.4333335,11.209259222222222
6/8/24,1016,NA,NA,NA,2.595455,0.03064075,9.60625,4.458333333333334
6/8/24,1026,NA,NA,NA,2.045455,0.029507000000000002,5.3625,2.4078703333333333
6/9/24,0001,NA,NA,NA,1.354545,0.03323425,9.4520835,4.107870333333333
6/9/24,1006,NA,NA,NA,2.65,0.03289775,14.2979165,7.2046296666666665
6/9/24,1008,NA,NA,NA,1.004545,0.03524025,7.4479165,3.509259222222222
6/9/24,1014,NA,NA,NA,2.140909,0.032265,24.4333335,8.810185222222223
6/9/24,1016,NA,NA,NA,1.740909,0.0341175,9.090625,4.505324111111111
6/9/24,1026,NA,NA,NA,2.395455,0.0323075,8.2125,3.8023147777777777
6/10/24,0001,NA,NA,NA,2.913636,0.03738375,19.239583500000002,9.2
6/10/24,1006,NA,NA,NA,3.368182,0.0379575,19.2854165,8.601851888888888
6/10/24,1008,NA,NA,NA,2.577273,0.03939,14.375,6.010648111111111
6/10/24,1014,NA,NA,NA,2.640909,0.0367435,27.075,11.308796333333333
6/10/24,1016,NA,NA,NA,2.922727,0.0386745,15.728125,7.552777777777778
6/10/24,1026,NA,NA,NA,4.94,0.034988000000000005,16.279166500000002,8.303703666666667
6/11/24,0001,NA,NA,NA,3.768182,0.038281499999999996,16.1,7.0023147777777774
6/11/24,1006,NA,NA,NA,3.895455,0.038353,22.072916499999998,10.706018555555556
6/11/24,1008,NA,NA,NA,2.6,0.040902,12.4166665,5.406018555555556
6/11/24,1014,NA,NA,NA,2.722727,0.038087750000000004,26.158333499999998,11.902777777777779
6/11/24,1016,NA,NA,NA,3.245455,0.038381,13.3625,6.054861111111111
6/11/24,1026,NA,NA,NA,6.36875,0.03703575,14.4104165,7.010648111111111
6/12/24,0001,NA,NA,NA,3.918182,0.0379355,16.3916665,7.905555555555556
6/12/24,1006,NA,NA,NA,4.631818,0.03964575,17.220833499999998,7.708796333333334
6/12/24,1008,NA,NA,NA,2.338095,0.03876125,9.1979165,4.106944444444444
6/12/24,1014,NA,NA,NA,3.627273,0.038348,28.0979165,12.609722222222222
6/12/24,1016,NA,NA,NA,4.666667,0.03372325,16.7520835,6.759490722222222
6/12/24,1026,NA,NA,NA,6.759091,0.036485,13.16875,6.409722222222222
6/13/24,0001,NA,NA,NA,3.786364,0.037918,15.460416500000001,6.900463
6/13/24,1006,NA,NA,NA,4.763636,0.03720125,19.4625,7.208333333333334
6/13/24,1008,NA,NA,NA,1.909524,0.03959875,14.4333335,5.306018555555555
6/13/24,1014,NA,NA,NA,3.072727,0.03737725,26.4104165,11.502777777777778
6/13/24,1016,NA,NA,NA,2.704545,0.0389545,15.197916750000001,6.504861111111111
6/13/24,1026,NA,NA,NA,6.009091,0.03737525,14.1375,6.807222222222222
6/14/24,0001,NA,NA,NA,3.363636,0.03628025,17.4104165,7.305555555555555
6/14/24,1006,NA,NA,NA,4.740909,0.04477075,21.104166499999998,6.904166666666667
6/14/24,1008,NA,NA,NA,1.786364,0.037866,17.2020835,6.502777777777778
6/14/24,1014,NA,NA,NA,2.695455,0.036192999999999996,23.388095,9.8
6/14/24,1016,NA,NA,NA,2.668182,0.036095749999999996,17.364583500000002,6.552777777777778
6/14/24,1026,NA,NA,NA,7.568182,0.033756,17.09375,7.006018555555555
6/15/24,0001,NA,NA,NA,3.168182,0.0378215,29.479166499999998,13.604629666666666
6/15/24,1006,NA,NA,NA,3.136364,0.05985825,26.24375,8.805555555555555
6/15/24,1008,NA,NA,NA,1.854545,0.03804525,21.2645835,9.706481444444444
6/15/24,1014,NA,NA,NA,3.413636,0.037805,39.3479165,16.1
6/15/24,1016,NA,NA,NA,4.845455,0.03727075,27.20520825,11.308333333333334
6/15/24,1026,NA,NA,NA,8.354545,0.03604675,29.0479165,12.909722222222223
6/16/24,0001,NA,NA,NA,2.668182,0.0340865,50.3604165,19.403703666666665
6/16/24,1006,NA,NA,NA,3.354545,0.0371275,38.1125,13.600925888888888
6/16/24,1008,NA,NA,NA,1.327273,0.03707675,51.2895835,18.006018555555556
6/16/24,1014,NA,NA,NA,6.077273,0.0320675,71.4958335,24.903240777777775
6/16/24,1016,NA,NA,NA,2.377273,0.035873249999999995,48.628125,18.959722222222222
6/16/24,1026,NA,NA,NA,3.822727,0.035098250000000004,46.19375,17.302777777777777
6/17/24,0001,NA,NA,NA,2.381818,0.03655525,45.3270835,17.10185188888889
6/17/24,1006,NA,NA,NA,3.15,0.037338249999999996,38.275,15.004166666666666
6/17/24,1008,NA,NA,NA,2.118182,0.03783375,40.0041665,14.71064811111111
6/17/24,1014,NA,NA,NA,5.645455,0.033485,82.14791650000001,26.903240777777775
6/17/24,1016,NA,NA,NA,3.477273,0.035903,45.7572915,18.107870333333334
6/17/24,1026,NA,NA,NA,4.547619,0.035922,41.3145835,15.801851888888889
6/18/24,0001,NA,NA,NA,2.477273,0.03597925,41.06875,14.502777777777778
6/18/24,1006,NA,NA,NA,3.036364,0.037372499999999996,36.0645835,13.509259222222223
6/18/24,1008,NA,NA,NA,2.704545,0.0361565,41.135416500000005,12.700463
6/18/24,1014,NA,NA,NA,4.15,0.03350575,72.1,23.30138888888889
6/18/24,1016,NA,NA,NA,3.609091,0.03641875,39.18020825,15.108564833333332
6/18/24,1026,NA,NA,NA,4.468421,0.03533975,35.05,12.309722222222224
6/19/24,0001,NA,NA,NA,3.409091,0.039875,44.0354165,16.308333333333334
6/19/24,1006,NA,NA,NA,3.422727,0.04574625,41.3458335,14.1
6/19/24,1008,NA,NA,NA,2.327273,0.0425475,33.3041665,11.600925888888888
6/19/24,1014,NA,NA,NA,3.4,0.03839475,64.4875,23.100463
6/19/24,1016,NA,NA,NA,3.127273,0.044902,41.284375,15.005092611111111
6/19/24,1026,NA,NA,NA,5.895833,0.042147500000000004,43.3416665,15.302777777777779
6/20/24,0001,NA,NA,NA,4.240909,0.03807075,32.4795455,12.509596
6/20/24,1006,NA,NA,NA,4.445455,0.04814575,36.21875,12.104629666666666
6/20/24,1008,NA,NA,NA,1.968182,0.039658,30.1083335,10.810185222222223
6/20/24,1014,NA,NA,NA,2.75,0.038059499999999996,47.427083499999995,17.502777777777776
6/20/24,1016,NA,NA,NA,3.154545,0.04024675,34.33020825,11.853240722222221
6/20/24,1026,NA,NA,NA,6.095,0.03771125,34.072916500000005,12.906018555555557
6/21/24,0001,NA,NA,NA,3.331818,0.0366205,32.01875,12.8
6/21/24,1006,NA,NA,NA,4.359091,0.05369725,34.39375,11.61064811111111
6/21/24,1008,NA,NA,NA,2.7,0.03474975,24.1083335,9.703240777777777
6/21/24,1014,NA,NA,NA,2.972727,0.036078,42.2458335,14.903703666666667
6/21/24,1016,NA,NA,NA,3.168182,0.0370335,34.09375,12.452546277777778
6/21/24,1026,NA,NA,NA,8.727273,0.03433375,31.145833500000002,12.702314777777778
6/22/24,0001,NA,NA,NA,3.204545,0.0394015,32.4854165,15.201388888888888
6/22/24,1006,NA,NA,NA,2.463636,0.0562095,26.010416499999998,9.306944444444445
6/22/24,1008,NA,NA,NA,1.995455,0.037081249999999996,24.2458335,10.901388888888889
6/22/24,1014,NA,NA,NA,2.481818,0.039399000000000003,38.4875,15.810648111111112
6/22/24,1016,NA,NA,NA,2.986364,0.03729575,30.04583325,13.106018555555556
6/22/24,1026,NA,NA,NA,11.2,0.032923,32.177083499999995,14.401388888888889
6/23/24,0001,NA,NA,NA,3.809091,0.0399,30.15625,13.009722222222223
6/23/24,1006,NA,NA,NA,3.109091,0.049376500000000004,22.375,9.305092555555555
6/23/24,1008,NA,NA,NA,1.786364,0.03466375,20.220833499999998,7.908333333333333
6/23/24,1014,NA,NA,NA,6.65,0.03935775,72.3083335,23.009259222222223
6/23/24,1016,NA,NA,NA,4.795455,0.039685,25.83333325,11.109259277777777
6/23/24,1026,NA,NA,NA,10.027273,0.03597575,27.1625,11.607870333333333
6/24/24,0001,NA,NA,NA,3.65,0.03632375,23.2625,9.700925888888888
6/24/24,1006,NA,NA,NA,3.481818,0.05006975,23.015909,8.107575777777777
6/24/24,1008,NA,NA,NA,2.754545,0.03314375,24.1791665,8.807870333333334
6/24/24,1014,NA,NA,NA,4.813636,0.0414095,45.275,13.102314777777778
6/24/24,1016,NA,NA,NA,6.863636,0.03946875,35.678125,10.90532411111111
6/24/24,1026,NA,NA,NA,10.831818,0.03408325,21.26875,8.902314777777779
6/25/24,0001,NA,NA,NA,1.909091,0.02790125,24.4229165,10.102777777777778
6/25/24,1006,NA,NA,NA,4.513636,0.036157999999999996,25.31875,8.607870333333333
6/25/24,1008,NA,NA,NA,2.95,0.028643250000000002,28.354166499999998,10.903703666666667
6/25/24,1014,NA,NA,NA,1.936364,0.03073625,31.1645835,11.301388888888889
6/25/24,1016,NA,NA,NA,4.413636,0.029339,24.375,9.557407444444445
6/25/24,1026,NA,NA,NA,4.909091,0.02537275,22.1166665,8.809722222222224
6/26/24,0001,NA,NA,NA,1.813636,0.03042175,24.15625,9.804166666666667
6/26/24,1006,NA,NA,NA,3.977273,0.031335749999999996,28.1604165,11.300463
6/26/24,1008,NA,NA,NA,2.086364,0.02930425,21.41875,8.406481444444445
6/26/24,1014,NA,NA,NA,1.954545,0.03010775,30.375,12.4
6/26/24,1016,NA,NA,NA,3.177273,0.030043,22.27083325,9.650462944444445
6/26/24,1026,NA,NA,NA,4.409091,0.029330250000000002,20.1375,8.7
6/27/24,0001,NA,NA,NA,2.8,0.03109775,29.0875,11.902777777777779
6/27/24,1006,NA,NA,NA,4.85,0.03817125,30.1645835,11.804166666666667
6/27/24,1008,NA,NA,NA,2.027273,0.03254575,21.207143000000002,8.702116444444444
6/27/24,1014,NA,NA,NA,4.577273,0.031977,46.4104165,15.609259222222223
6/27/24,1016,NA,NA,NA,4.15,0.0333435,26.25,11.456712944444444
6/27/24,1026,NA,NA,NA,3.972727,0.032144,22.2145835,9.609722222222222
6/28/24,0001,NA,NA,NA,3.459091,0.0297235,36.3875,14.504166666666666
6/28/24,1006,NA,NA,NA,6.331818,0.0383125,34.0145835,12.003240777777778
6/28/24,1008,NA,NA,NA,2.881818,0.029337,27.39375,10.501388888888888
6/28/24,1014,NA,NA,NA,3.731818,0.02959225,53.0708335,18.00185188888889
6/28/24,1016,NA,NA,NA,5.313636,0.0278395,30.8375,12.453030277777778
6/28/24,1026,NA,NA,NA,5.304545,0.02762025,27.0083335,10.708796333333332
6/29/24,0001,NA,NA,NA,3.372727,0.033308000000000004,29.114583500000002,12.905555555555555
6/29/24,1006,NA,NA,NA,4.068182,0.050930249999999996,23.4333335,8.607870333333333
6/29/24,1008,NA,NA,NA,1.936364,0.03490625,25.075,10.200463
6/29/24,1014,NA,NA,NA,2.35,0.03437875,34.4354165,14.407870333333333
6/29/24,1016,NA,NA,NA,3.513636,0.034834000000000004,29.30520825,12.108796277777778
6/29/24,1026,NA,NA,NA,7.354545,0.0331165,27.4416665,12.508333333333333
6/30/24,0001,NA,NA,NA,2.495455,0.036705249999999995,18.1833335,8.701851888888887
6/30/24,1006,NA,NA,NA,2.445455,0.0515175,19.4458335,7.9
6/30/24,1008,NA,NA,NA,1.641667,0.03666175,14,6.701851888888889
6/30/24,1014,NA,NA,NA,2.313636,0.03677,32.225,12.501851888888888
6/30/24,1016,NA,NA,NA,2.968182,0.0354715,17.28020825,8.657175944444445
6/30/24,1026,NA,NA,NA,6.436364,0.03686775,17.1333335,8.500925888888888
7/1/24,0001,NA,NA,NA,3.072727,0.0307185,26.1729165,12.205092555555554
7/1/24,1006,NA,NA,NA,4.313636,0.04831175,20.189583499999998,6.707870333333333
7/1/24,1008,NA,NA,NA,3.163636,0.0303745,18.1729165,8.306018555555557
7/1/24,1014,NA,NA,NA,3.768182,0.030975,43.25,15.903703666666667
7/1/24,1016,NA,NA,NA,6.172727,0.028757,25.215625,11.805324055555555
7/1/24,1026,NA,NA,NA,4.868182,0.030595,20.45625,10.109722222222222
7/2/24,0001,NA,NA,NA,3.009091,0.031831,28.46875,11.1
7/2/24,1006,NA,NA,NA,4.545455,0.0517165,24.0895835,7.8050925555555555
7/2/24,1008,NA,NA,NA,2.940909,0.0307705,20.48125,9.100463
7/2/24,1014,NA,NA,NA,2.613636,0.0338685,37.2958335,13.100463
7/2/24,1016,NA,NA,NA,5.35,0.0315975,26.18125,10.503240722222221
7/2/24,1026,NA,NA,NA,6.954545,0.03055075,21.189583499999998,9.101851888888888
7/3/24,0001,NA,NA,NA,3.836364,0.034217250000000005,21.404166500000002,9.504629666666666
7/3/24,1006,NA,NA,NA,4.931818,0.054197499999999996,27.3041665,9.809259222222224
7/3/24,1008,NA,NA,NA,2.254545,0.03726225,17.39375,8.208333333333332
7/3/24,1014,NA,NA,NA,3.189474,0.0334775,35.0229165,12.909259222222223
7/3/24,1016,NA,NA,NA,3.677273,0.03694675,27.2989585,9.953472222222222
7/3/24,1026,NA,NA,NA,8.336364,0.03392875,21.03125,9.601851888888888
7/4/24,0001,NA,NA,NA,3.009091,0.03379225,23.1729165,8.710648111
7/4/24,1006,NA,NA,NA,3.581818,0.0479085,23.20625,9.605555555555556
7/4/24,1008,NA,NA,NA,1.386364,0.03746525,18.375,8.608333333333333
7/4/24,1014,NA,NA,NA,2.2,0.03459025,26.247916500000002,11.305092555555555
7/4/24,1016,NA,NA,NA,2.336364,0.03478275,16.78333325,8.857638889
7/4/24,1026,NA,NA,NA,7.313636,0.0331075,20.0666665,10.405555555555555
7/5/24,0001,NA,NA,NA,4.147368,0.03157525,25.033333499999998,12.000463
7/5/24,1006,NA,NA,NA,5.609091,0.051751,30.03125,12.005092555555555
7/5/24,1008,NA,NA,NA,1.377273,0.0320745,19.1166665,8.503703666666667
7/5/24,1014,NA,NA,NA,3.318182,0.032709749999999996,38.4104165,17.100463
7/5/24,1016,NA,NA,NA,3.640909,0.03204175,21.29479175,9.954398166666667
7/5/24,1026,NA,NA,NA,5.636364,0.03236575,20.475,9.808796333333333
7/6/24,0001,NA,NA,NA,3.486364,0.02852425,32.114583499999995,15.202777777777778
7/6/24,1006,NA,NA,NA,4.1,0.051044,31.21875,13.007407444444445
7/6/24,1008,NA,NA,NA,1.709091,0.0319275,20.127083499999998,9.701851888888887
7/6/24,1014,NA,NA,NA,3.4,0.02978925,43.3104165,17.90138888888889
7/6/24,1016,NA,NA,NA,3.690909,0.030403,22.80416675,11.254398166666666
7/6/24,1026,NA,NA,NA,4.313636,0.028411,19.0229165,9.301388888888889
7/7/24,0001,NA,NA,NA,2.95,0.031447,24.310416500000002,10.910648111111112
7/7/24,1006,NA,NA,NA,3.645455,0.047427,26.0791665,9.906944444444445
7/7/24,1008,NA,NA,NA,1.213636,0.03419375,16.3708335,6.801388888888889
7/7/24,1014,NA,NA,NA,2.672727,0.0315185,31.1375,11.603703666666666
7/7/24,1016,NA,NA,NA,2.809091,0.03388175,19.74375,9.607407389
7/7/24,1026,NA,NA,NA,6.527273,0.030744,20.4625,9.304629666666667
7/8/24,0001,NA,NA,NA,4.7,0.034600000000000006,21.09375,9.808796333333333
7/8/24,1006,NA,NA,NA,5.336364,0.0509265,27.479166499999998,10.703240777777777
7/8/24,1008,NA,NA,NA,2.295455,0.03830425,19.002083499999998,7.607407444444444
7/8/24,1014,NA,NA,NA,2.459091,0.03721725,32.4520835,12.61064811111111
7/8/24,1016,NA,NA,NA,2.942857,0.03712625,21.19375,9.05625
7/8/24,1026,NA,NA,NA,6.690909,0.036532499999999996,19.3208335,8.901388888888889
7/9/24,0001,NA,NA,NA,4.55,0.04306275,25.177083500000002,13.303240777777779
7/9/24,1006,NA,NA,NA,5.795455,0.06845625,36.4208335,16.004629666666666
7/9/24,1008,NA,NA,NA,2.204545,0.039426749999999997,16.0541665,7.508333333333334
7/9/24,1014,NA,NA,NA,3.218182,0.042848,42.3395835,16.208796333333332
7/9/24,1016,NA,NA,NA,4.086364,0.03909675,24.18958325,10.15625
7/9/24,1026,NA,NA,NA,9.785714,0.038849499999999995,23.06875,11.707870333333332
7/10/24,0001,NA,NA,NA,4.668182,0.040713,26.2458335,13.810648111111112
7/10/24,1006,NA,NA,NA,5.7,0.06903825,38.020833499999995,18.609722222222224
7/10/24,1008,NA,NA,NA,2.472727,0.040217,15.1,7.506944444444445
7/10/24,1014,NA,NA,NA,5.1,0.040116,43.0854165,21.110185222222224
7/10/24,1016,NA,NA,NA,5.136364,0.03857475,21.17604175,10.2028885
7/10/24,1026,NA,NA,NA,8.645455,0.03903675,22.0363635,12.506565666666667
7/11/24,0001,NA,NA,NA,5.394444,0.03738525,27.302083500000002,15.408333333333333
7/11/24,1006,NA,NA,NA,4.357143,0.0588915,36.0270835,15.402314777777779
7/11/24,1008,NA,NA,NA,2.059091,0.043962,13.40625,7.402777777777778
7/11/24,1014,NA,NA,NA,4.354545,0.039981,47.114583499999995,21.605555555555558
7/11/24,1016,NA,NA,NA,4.840909,0.03904575,21.95,11.403703722222222
7/11/24,1026,NA,NA,NA,9.168182,0.0366475,21.4229165,12.501388888888888
7/12/24,0001,NA,NA,NA,4.095455,0.035982749999999994,20.3357145,11.206349222222222
7/12/24,1006,NA,NA,NA,12.45,0.04801,33.0625,14.804166666666667
7/12/24,1008,NA,NA,NA,2.381818,0.039504,14.022916500000001,7.904166666666667
7/12/24,1014,NA,NA,NA,3.154545,0.03543625,33.4979165,16.705092555555556
7/12/24,1016,NA,NA,NA,4.640909,0.03242875,26.215625,13.606712944444444
7/12/24,1026,NA,NA,NA,9.677273,0.03208725,19.4145835,11.109722222222222
7/13/24,0001,NA,NA,NA,3.754545,0.03417375,20.4375,10.606018555555556
7/13/24,1006,NA,NA,NA,6.095833,0.044621499999999995,27.489583500000002,12.105092555555554
7/13/24,1008,NA,NA,NA,1.363636,0.0328605,13.2958335,6.606481444444444
7/13/24,1014,NA,NA,NA,2.831818,0.03441525,32.1083335,13.508796333333333
7/13/24,1016,NA,NA,NA,3.413636,0.0340365,18.8291665,9.654629611111112
7/13/24,1026,NA,NA,NA,7.222727,0.031531500000000004,18.091666500000002,9.402777777777779
7/14/24,0001,NA,NA,NA,3.913636,0.03435925,18.1083335,8.805092555555555
7/14/24,1006,NA,NA,NA,4.325,0.037932,23.2895835,10.301388888888889
7/14/24,1008,NA,NA,NA,2.013636,0.03341525,13.2875,6.206944444444445
7/14/24,1014,NA,NA,NA,2.068182,0.033758500000000004,26.002083499999998,10.510185222222223
7/14/24,1016,NA,NA,NA,1.831818,0.03449025,14.41770825,7.5039351666666665
7/14/24,1026,NA,NA,NA,6.681818,0.032034,17.0166665,8.708796333333332
7/15/24,0001,NA,NA,NA,4.122727,0.0305,19.09375,8.409259222222223
7/15/24,1006,NA,NA,NA,4.458333,0.03699375,23.3395835,9.2
7/15/24,1008,NA,NA,NA,2.177273,0.0380475,17.4104165,7.402777777777778
7/15/24,1014,NA,NA,NA,2.454545,0.03548275,22.140909,9.709596
7/15/24,1016,NA,NA,NA,2.118182,0.036878999999999995,17.85520825,7.508796333333334
7/15/24,1026,NA,NA,NA,7.081818,0.03324975,18.177083500000002,8.300463
7/16/24,0001,NA,NA,NA,3.281818,NA,17.3666665,7.301388888888889
7/16/24,1006,NA,NA,NA,3.933333,0.03497475,23.4916665,9.705092555555554
7/16/24,1008,NA,NA,NA,2.590909,0.03329925,24.0083335,7.7
7/16/24,1014,NA,NA,NA,2.372727,0.034737000000000004,25.1375,9.403240777777778
7/16/24,1016,NA,NA,NA,3.122727,0.03311525,18.70625,7.407407388888889
7/16/24,1026,NA,NA,NA,8.154545,0.0300555,16.4916665,7.301851888888889
7/17/24,0001,NA,NA,NA,2.940909,0.03577975,19.2895835,8.001388888888888
7/17/24,1006,NA,NA,NA,4.533333,0.0340385,24.4541665,9.409722222222223
7/17/24,1008,NA,NA,NA,1.768182,0.0330225,27.385416499999998,8.800463
7/17/24,1014,NA,NA,NA,2.181818,0.0350025,25.2270835,10.006944444444445
7/17/24,1016,NA,NA,NA,3.613636,0.03347025,22.665625,8.604861111111111
7/17/24,1026,NA,NA,NA,5.605556,0.03233325,19.333333500000002,8.004629666666666
7/18/24,0001,NA,NA,NA,3.295455,0.0339505,21.497916500000002,9.609722222222222
7/18/24,1006,NA,NA,NA,8.689474,0.03730775,29.158333499999998,11.603240777777778
7/18/24,1008,NA,NA,NA,2.313636,0.03471375,23.154166500000002,9.2
7/18/24,1014,NA,NA,NA,2.472727,0.0342435,30.3291665,12.108796333333332
7/18/24,1016,NA,NA,NA,4.159091,0.03216625,22.8270835,10.010185166666666
7/18/24,1026,NA,NA,NA,6.568182,0.030287,22.189583499999998,9.207870333333332
7/19/24,0001,NA,NA,NA,6.518182,0.0306475,22.260416499999998,10.003703666666667
7/19/24,1006,NA,NA,NA,3.486364,0.05967775,26.3354165,9.701388888888888
7/19/24,1008,NA,NA,NA,3.413636,0.03144225,21.0895835,8.003703666666667
7/19/24,1014,NA,NA,NA,4.018182,0.03332525,36.19375,13.009259222222223
7/19/24,1016,NA,NA,NA,3.577273,0.03393475,22.63958325,8.801388888888889
7/19/24,1026,NA,NA,NA,8.445455,0.0307145,20.44375,9.100925888888888
7/20/24,0001,NA,NA,NA,5.604545,0.03190325,22.0666665,10.210185222222222
7/20/24,1006,NA,NA,NA,2.904545,0.051997,16.114583500000002,5.210185222222222
7/20/24,1008,NA,NA,NA,2.15,0.03564525,18.35,8.301388888888889
7/20/24,1014,NA,NA,NA,3.95,0.0338925,39.020833499999995,12.701388888888888
7/20/24,1016,NA,NA,NA,2.368182,0.03460825,18.552083500000002,8.305324055555555
7/20/24,1026,NA,NA,NA,10.709091,0.028914250000000002,21.15625,9.906018555555557
7/21/24,0001,NA,NA,NA,3.054545,0.02963325,23.060416500000002,10.402314777777779
7/21/24,1006,NA,NA,NA,3.127273,0.0497035,23.3208335,8.905092555555555
7/21/24,1008,NA,NA,NA,1.5,0.02731325,21.3604165,9.002777777777778
7/21/24,1014,NA,NA,NA,2.181818,0.030024500000000003,34.1583335,13.406018555555557
7/21/24,1016,NA,NA,NA,3.390909,0.0295795,23.81875,10.700231500000001
7/21/24,1026,NA,NA,NA,5.190909,0.0274525,20.2375,9.400463
7/22/24,0001,NA,NA,NA,4.118182,0.02991725,26.2958335,11.802314777777779
7/22/24,1006,NA,NA,NA,5.45,0.04658725,26.6125,10.0875
7/22/24,1008,NA,NA,NA,3.331818,0.026646999999999997,22.4541665,9.206481444444444
7/22/24,1014,NA,NA,NA,2.995455,0.031677250000000004,37.175,14.004166666666666
7/22/24,1016,NA,NA,NA,5.072727,0.027632749999999998,27.315625,11.256481444444445
7/22/24,1026,NA,NA,NA,7.922727,0.026436499999999998,23.13125,10.101851888888888
7/23/24,0001,NA,NA,NA,5.159091,0.02941175,21.4145835,9.708796333333332
7/23/24,1006,NA,NA,NA,5.35,0.046407000000000004,27.24,9.94
7/23/24,1008,NA,NA,NA,3.445455,0.028507,22.05,8.206666666666665
7/23/24,1014,NA,NA,NA,4.8,0.03077375,37.1229165,13.104629666666666
7/23/24,1016,NA,NA,NA,4.327273,0.029114750000000002,25.296875,9.454629666666667
7/23/24,1026,NA,NA,NA,8.168182,0.02626875,20.4208335,9.103703666666666
7/24/24,0001,NA,NA,NA,5.372727,0.02522775,28.060416500000002,12.104166666666666
7/24/24,1006,NA,NA,NA,5.308333,0.0436275,27.325,9.001851888888888
7/24/24,1008,NA,NA,NA,5.309091,0.024484,28.21875,10.304629666666667
7/24/24,1014,NA,NA,NA,3.463636,0.02802075,34.2729165,12.206018555555556
7/24/24,1016,NA,NA,NA,3.631818,0.02928775,25.078125,9.704166666666667
7/24/24,1026,NA,NA,NA,9.522727,0.0231595,24.46875,10.309722222222224
7/25/24,0001,NA,NA,NA,6.35,0.0240555,33.0375,14.407870333333333
7/25/24,1006,NA,NA,NA,4.973684,0.0405695,26.3916665,8.608796333333332
7/25/24,1008,NA,NA,NA,4.504545,0.026042000000000003,30.475,11.808796333333333
7/25/24,1014,NA,NA,NA,4.395455,0.0272535,41.2166665,15.308333333333334
7/25/24,1016,NA,NA,NA,3.631818,0.02920175,31.29791675,13.053703722222222
7/25/24,1026,NA,NA,NA,10.213636,0.0223995,29.0375,12.510185222222223
7/26/24,0001,NA,NA,NA,4.940909,0.02906775,29.0666665,13.303240777777779
7/26/24,1006,NA,NA,NA,5.718182,0.041193,25.4520835,9.402314777777779
7/26/24,1008,NA,NA,NA,3.795455,0.028371,24.470833499999998,10.509259222222223
7/26/24,1014,NA,NA,NA,2.977273,0.03041,33.18125,13.406481444444445
7/26/24,1016,NA,NA,NA,3.636364,0.0295785,26.246591000000002,11.102525222222223
7/26/24,1026,NA,NA,NA,10.063636,0.024727,25.34375,11.9
7/27/24,0001,NA,NA,NA,4.013636,0.0315335,25.3395835,12.103703666666666
7/27/24,1006,NA,NA,NA,4.072727,0.04016825,24.1791665,8.800463
7/27/24,1008,NA,NA,NA,2.122727,0.03050875,25.3375,11.7
7/27/24,1014,NA,NA,NA,2.15,0.03075775,36.31875,14.303703666666667
7/27/24,1016,NA,NA,NA,3.918182,0.029457,25.3760415,11.503703666666667
7/27/24,1026,NA,NA,NA,8.972727,0.0283285,24.3270835,11.803240777777779
7/28/24,0001,NA,NA,NA,4.109091,0.03111725,25.425,12.101388888888888
7/28/24,1006,NA,NA,NA,2.381818,0.04087525,15.1083335,5.301851888888889
7/28/24,1008,NA,NA,NA,1.613636,0.029951000000000002,21.2625,8.907407444444445
7/28/24,1014,NA,NA,NA,2.572727,0.031398,35.1270835,14.301851888888889
7/28/24,1016,NA,NA,NA,2.45,0.032827999999999996,21.753125,10.353703722222221
7/28/24,1026,NA,NA,NA,7.518182,0.03054075,23.09375,11.010648111111111
7/29/24,0001,NA,NA,NA,6.277273,0.030162750000000002,21.3083335,9.705092555555554
7/29/24,1006,NA,NA,NA,4.413636,0.044507000000000005,17.260416499999998,5.402314777777778
7/29/24,1008,NA,NA,NA,4.118182,0.03105025,18.41875,7.500925888888889
7/29/24,1014,NA,NA,NA,3.536364,0.032166,32.0291665,11.507870333333333
7/29/24,1016,NA,NA,NA,3.563636,0.03138875,21.28020825,8.006712944444445
7/29/24,1026,NA,NA,NA,7.936364,0.030867,20.1729165,9.000925888888888
7/30/24,0001,NA,NA,NA,5.068182,0.034676,18.3125,8.302314777777779
7/30/24,1006,NA,NA,NA,3.519048,0.05366675,18.0395835,6.110648111111111
7/30/24,1008,NA,NA,NA,4.959091,0.02910475,15.414583499999999,6.510185222222222
7/30/24,1014,NA,NA,NA,3.818182,0.0347275,40.1229165,12.601851888888888
7/30/24,1016,NA,NA,NA,5.4,0.02579625,18.184375,8.257870389
7/30/24,1026,NA,NA,NA,8.236364,0.03239,17.2020835,8.100925888888888
7/31/24,0001,NA,NA,NA,5.063636,0.0321885,18.0854165,8.104166666666666
7/31/24,1006,NA,NA,NA,5.081818,0.049525,22.1520835,7.909259222222222
7/31/24,1008,NA,NA,NA,2.963636,0.0265,14.2458335,6.401851888888889
7/31/24,1014,NA,NA,NA,3.9,0.03303575,37.23125,12.207407444444444
7/31/24,1016,NA,NA,NA,4.572727,0.03172025,19.928125,7.8060185
7/31/24,1026,NA,NA,NA,9.227273,0.02909525,17.0583335,8.301388888888889
8/1/24,0001,NA,NA,NA,5.740909,0.02807125,17.408333499999998,7.803240777777778
8/1/24,1006,NA,NA,NA,7.213636,0.041671,26.23125,9.310648111111112
8/1/24,1008,NA,NA,NA,2.957895,NA,15.41875,6.006481444444445
8/1/24,1014,NA,NA,NA,6.854545,0.027026,39.447916500000005,11.805092555555555
8/1/24,1016,NA,NA,NA,5.672727,0.02572825,19.27395825,6.908333333333333
8/1/24,1026,NA,NA,NA,9.404545,0.02453175,17.091666500000002,7.406018555555556
8/2/24,0001,NA,NA,NA,7.75,0.02984225,21.40625,9.105092555555554
8/2/24,1006,NA,NA,NA,4.213636,0.05666825,18.4916665,7.303240777777778
8/2/24,1008,NA,NA,NA,5.06,0.03415025,16.2625,6.3069444444444445
8/2/24,1014,NA,NA,NA,8.013636,0.03414575,48.1833335,13.702314777777778
8/2/24,1016,NA,NA,NA,4.209091,0.03562825,18.682291499999998,7.155555555555555
8/2/24,1026,NA,NA,NA,13.877273,0.02566925,18.416666499999998,7.903703666666667
8/3/24,0001,NA,NA,NA,5.113636,0.0298075,21.0770835,9.909259222222223
8/3/24,1006,NA,NA,NA,3.259091,0.05328,17.1875,6.404166666666667
8/3/24,1008,NA,NA,NA,3.25,0.0288575,15.2458335,6.304629666666666
8/3/24,1014,NA,NA,NA,5.068182,0.03138525,54.052083499999995,13.707407444444444
8/3/24,1016,NA,NA,NA,2.790909,0.034002000000000004,17.7333335,7.9018518888888885
8/3/24,1026,NA,NA,NA,11.677273,0.02634,19.4854165,9.400463
8/4/24,0001,NA,NA,NA,4.354545,0.030724,21.41875,10.309722222222224
8/4/24,1006,NA,NA,NA,2.813636,0.04912675,15.210416500000001,6.107870333333333
8/4/24,1008,NA,NA,NA,2.595455,0.032252,14.4375,6.6101852222222215
8/4/24,1014,NA,NA,NA,3.472727,0.031119,40.0583335,11.807407444444445
8/4/24,1016,NA,NA,NA,2.045455,0.03217375,18.92395825,8.459953666666667
8/4/24,1026,NA,NA,NA,10.4,0.02600025,21.0791665,10.204166666666666
8/5/24,0001,NA,NA,NA,5.386364,0.030438,21.1333335,10.101851888888888
8/5/24,1006,NA,NA,NA,4.977273,0.05251825,20.2020835,7.302777777777778
8/5/24,1008,NA,NA,NA,4.327778,0.034784,23.1875,9.704629666666666
8/5/24,1014,NA,NA,NA,6.281818,0.03055775,52.3,15.004629666666666
8/5/24,1016,NA,NA,NA,5.122727,0.03158,29.15208325,9.904398111
8/5/24,1026,NA,NA,NA,9.490909,0.028835,21.3354165,9.904166666666667
8/6/24,0001,NA,NA,NA,4.309091,0.02977175,24.2041665,11.400925888888889
8/6/24,1006,NA,NA,NA,4.031818,0.05764875,21.49375,7.9013888888888895
8/6/24,1008,NA,NA,NA,2.405556,0.029713999999999997,22.40625,10.204629666666666
8/6/24,1014,NA,NA,NA,7.22,0.023033249999999998,61.3791665,16.710185222222222
8/6/24,1016,NA,NA,NA,7.877273,0.02837675,30.72083325,12.653935222222223
8/6/24,1026,NA,NA,NA,7.804545,0.02753375,21.11875,10.610185222222222
8/7/24,0001,NA,NA,NA,4.509091,0.02582375,29.159091,13.903535333333334
8/7/24,1006,NA,NA,NA,5.086364,0.04070225,25.052083500000002,9.304166666666667
8/7/24,1008,NA,NA,NA,2.440909,0.02742225,23.3604165,11.207870333333332
8/7/24,1014,NA,NA,NA,5.981818,0.023659,50.0395835,17.40879633333333
8/7/24,1016,NA,NA,NA,5.659091,0.0243685,27.3,12.701851833333333
8/7/24,1026,NA,NA,NA,5.864706,0.024945500000000002,23.189583499999998,11.509722222222223
8/8/24,0001,NA,NA,NA,4.059091,0.032131,24.14375,11.602314777777778
8/8/24,1006,NA,NA,NA,5.040909,0.04058925,23.0458335,9.304166666666667
8/8/24,1008,NA,NA,NA,3.335294,0.028122750000000002,20.145833500000002,9.109722222222222
8/8/24,1014,NA,NA,NA,4.536364,0.030255,46.2104165,15.803240777777779
8/8/24,1016,NA,NA,NA,5.436364,0.02860375,26.159375,10.754629666666666
8/8/24,1026,NA,NA,NA,7.454545,0.029059500000000002,22.322499999999998,10.205
8/9/24,0001,NA,NA,NA,3.990909,0.03569,27.314583499999998,11.71064811111111
8/9/24,1006,NA,NA,NA,6.363636,0.041601,23.4229165,9.206481444444444
8/9/24,1008,NA,NA,NA,4.036364,0.0307645,19.0770835,7.706481444444445
8/9/24,1014,NA,NA,NA,2.809091,0.034347,38.05625,13.207407444444444
8/9/24,1016,NA,NA,NA,3.413636,0.0331445,24.38541675,10.208796333333334
8/9/24,1026,NA,NA,NA,5.995455,0.03444,22.1291665,9.806018555555557
8/10/24,0001,NA,NA,NA,3.85,0.03486675,23.189583499999998,11.309722222222224
8/10/24,1006,NA,NA,NA,5.981818,0.04922775,26.49375,11.006944444444445
8/10/24,1008,NA,NA,NA,2.35,0.0313905,20.1791665,9.610648111
8/10/24,1014,NA,NA,NA,2.604545,0.0350915,37.34375,14.205092555555554
8/10/24,1016,NA,NA,NA,2.695455,0.03344725,24.75104175,11.457175888888889
8/10/24,1026,NA,NA,NA,6.872727,0.03251725,22.33125,10.806944444444445
8/11/24,0001,NA,NA,NA,3.772727,0.0316555,30.0458335,15.61064811111111
8/11/24,1006,NA,NA,NA,5.113636,0.033778,25.3583335,10.109259222222223
8/11/24,1008,NA,NA,NA,2.277273,0.03115025,24.45625,12.103703666666666
8/11/24,1014,NA,NA,NA,4.263636,0.026714250000000002,50.4729165,20.703703666666666
8/11/24,1016,NA,NA,NA,4.413636,0.028939,30.221875,15.553240722222222
8/11/24,1026,NA,NA,NA,9.390909,0.027059,27.3270835,14.007870333333333
8/12/24,0001,NA,NA,NA,4.722727,0.03369975,28.279166500000002,14.904166666666667
8/12/24,1006,NA,NA,NA,5.336364,0.04184525,21.489583500000002,9.601388888888888
8/12/24,1008,NA,NA,NA,3.940909,0.02947125,22.38125,10.704629666666666
8/12/24,1014,NA,NA,NA,7.363636,0.0311865,55.225,21.403240777777775
8/12/24,1016,NA,NA,NA,5.231818,0.031115249999999997,28.80520825,14.004861111111111
8/12/24,1026,NA,NA,NA,11.645455,0.028941500000000002,27.2979165,14.104629666666666
8/13/24,0001,NA,NA,NA,4.618182,0.03436375,29.166666499999998,14.706944444444444
8/13/24,1006,NA,NA,NA,4.213636,0.04326,19.354166499999998,8.009722222222223
8/13/24,1008,NA,NA,NA,5.795455,0.02720125,22.279166500000002,9.510648111111111
8/13/24,1014,NA,NA,NA,4.245455,0.0329955,49.23125,18.508333333333333
8/13/24,1016,NA,NA,NA,5.545455,0.0297395,26.334375,13.251157444444445
8/13/24,1026,NA,NA,NA,9.768182,0.030685499999999998,24.404166500000002,12.2
8/14/24,0001,NA,NA,NA,6.009091,0.0290615,35.4520835,16.309722222222224
8/14/24,1006,NA,NA,NA,3.518182,0.04785425,17.479166499999998,7.100925888888889
8/14/24,1008,NA,NA,NA,4.281818,0.02928275,27.114583500000002,11.708796333333332
8/14/24,1014,NA,NA,NA,4.822727,0.0292875,60.08125,18.503703666666667
8/14/24,1016,NA,NA,NA,6.161111,0.0222605,26.72826075,12.356763277777777
8/14/24,1026,NA,NA,NA,9.040909,0.02825875,29.439583499999998,13.409259222222223
8/15/24,0001,NA,NA,NA,5.095455,0.03169125,33.020833499999995,14.3
8/15/24,1006,NA,NA,NA,4.004545,0.048214,19.466666500000002,6.407870333333333
8/15/24,1008,NA,NA,NA,3.627273,0.026946499999999998,24.2416665,10.305555555555555
8/15/24,1014,NA,NA,NA,4.736364,0.0310825,72.468182,16.110606111111114
8/15/24,1016,NA,NA,NA,7.05,0.02594575,22.69895825,9.853240777777778
8/15/24,1026,NA,NA,NA,9.65,0.0304755,26.216666500000002,11.503703666666667
8/16/24,0001,NA,NA,NA,6.386364,0.02726725,36.15,14.109722222222222
8/16/24,1006,NA,NA,NA,5.986364,0.047224,26.208333500000002,9.500925888888888
8/16/24,1008,NA,NA,NA,2.977273,0.032758,24.075,9.703240777777777
8/16/24,1014,NA,NA,NA,4.431818,0.029232,61.43125,18.81064811111111
8/16/24,1016,NA,NA,NA,6.522727,0.02980075,29.79270825,12.952314833333334
8/16/24,1026,NA,NA,NA,6.654545,0.02953725,32.4625,13.107407444444444
8/17/24,0001,NA,NA,NA,4.977273,0.025352,34.1333335,14.004166666666666
8/17/24,1006,NA,NA,NA,4.481818,0.03555425,23.029166500000002,9.3
8/17/24,1008,NA,NA,NA,1.781818,0.02839525,21.497916500000002,8.408333333333333
8/17/24,1014,NA,NA,NA,2.536364,0.025766,46.3416665,15.010648111111111
8/17/24,1016,NA,NA,NA,3.204545,0.028098,23.4364585,9.757638889
8/17/24,1026,NA,NA,NA,5.440909,0.026756,27.122916500000002,10.203240777777777
8/18/24,0001,NA,NA,NA,4.404545,0.02996675,22.2416665,9.510648111111111
8/18/24,1006,NA,NA,NA,2.518182,0.0411765,16.3041665,6.206481444444445
8/18/24,1008,NA,NA,NA,1.672727,0.02984925,18.470833499999998,7.200925888888889
8/18/24,1014,NA,NA,NA,2.290909,0.03110075,35.1791665,11.910648111111112
8/18/24,1016,NA,NA,NA,2.872727,0.03058125,17.78854175,7.703703666666667
8/18/24,1026,NA,NA,NA,6.55,0.03049025,20.0854165,8.407407444444445
8/19/24,0001,NA,NA,NA,8.277273,0.025437,22.3916665,8.703240777777777
8/19/24,1006,NA,NA,NA,3.919048,0.05138025,20.479166499999998,6.210185222222222
8/19/24,1008,NA,NA,NA,3.92381,0.0278755,19.0869565,6.707729444444444
8/19/24,1014,NA,NA,NA,5.831818,0.0302635,56.1395835,14.507870333333333
8/19/24,1016,NA,NA,NA,3.754545,0.0318385,18.666666499999998,7.156712944444444
8/19/24,1026,NA,NA,NA,9.686364,0.0282655,21.252083499999998,7.8
8/20/24,0001,NA,NA,NA,9.831579,0.026083500000000003,28.0229165,9.602314777777778
8/20/24,1006,NA,NA,NA,2.854545,0.051382,14.2875,3.6060185555555555
8/20/24,1008,NA,NA,NA,5.286364,0.028201,23.03125,8.207870333333332
8/20/24,1014,NA,NA,NA,9.068182,0.03366525,70.25625,16.708333333333332
8/20/24,1016,NA,NA,NA,6.872727,0.0334495,24.84166675,7.054398166666666
8/20/24,1026,NA,NA,NA,13.218182,0.028009,24.3375,8.302777777777779
8/21/24,0001,NA,NA,NA,5.427273,0.03320075,38.4666665,15.600463
8/21/24,1006,NA,NA,NA,4.295455,0.05301575,9.5375,2.4375
8/21/24,1008,NA,NA,NA,3.909091,0.02851875,26.2416665,10.602314777777778
8/21/24,1014,NA,NA,NA,6.218182,0.0348105,59.1791665,16.802314777777777
8/21/24,1016,NA,NA,NA,7.190909,0.03357775,29.703125,11.905787055555557
8/21/24,1026,NA,NA,NA,7.204545,0.03326775,33.3291665,13.408796333333333
8/22/24,0001,NA,NA,NA,4.668182,0.0333155,38.0708335,15.906481444444445
8/22/24,1006,NA,NA,NA,4.822727,0.04167775,NA,NA
8/22/24,1008,NA,NA,NA,2.813636,0.03483925,23.239583500000002,9.507407444444445
8/22/24,1014,NA,NA,NA,3.15,0.03214275,54.2854165,17.310185222222223
8/22/24,1016,NA,NA,NA,5.290909,0.0317055,26.332143000000002,10.902380944444444
8/22/24,1026,NA,NA,NA,7.236364,0.0325745,29.4770835,12.008796333333333
8/23/24,0001,NA,NA,NA,3.913636,0.02839525,20.05625,7.406018555555556
8/23/24,1006,NA,NA,NA,4.313636,0.0318975,NA,NA
8/23/24,1008,NA,NA,NA,2.904545,0.027864,16.002083499999998,5.807407444444444
8/23/24,1014,NA,NA,NA,2.763636,0.02892725,36.4729165,9.601388888888888
8/23/24,1016,NA,NA,NA,3.790909,0.0276135,16.7125,6.753703722222222
8/23/24,1026,NA,NA,NA,5.722727,0.02802075,16.2895835,6.6101852222222215
8/24/24,0001,NA,NA,NA,5,0.029297,20.3125,9.000463
8/24/24,1006,NA,NA,NA,3.395455,0.03713875,NA,NA
8/24/24,1008,NA,NA,NA,2.554545,0.03029875,16.2229165,7.1101852222222215
8/24/24,1014,NA,NA,NA,2.536364,0.031691250000000004,38.122727499999996,10.808080777777779
8/24/24,1016,NA,NA,NA,3.718182,0.02929425,18.55520825,8.359722222222222
8/24/24,1026,NA,NA,NA,7.545455,0.029432,20.185416500000002,9.2
8/25/24,0001,NA,NA,NA,5.659091,0.03100275,25.01875,11.407870333333333
8/25/24,1006,NA,NA,NA,2.1,0.04705275,NA,NA
8/25/24,1008,NA,NA,NA,2.018182,0.033074,21.4625,8.909259222222223
8/25/24,1014,NA,NA,NA,3.131818,0.03344075,NA,NA
8/25/24,1016,NA,NA,NA,3.940909,0.03227125,19.77708325,9.052314833333334
8/25/24,1026,NA,NA,NA,9.195455,0.03016225,23.1083335,10.707870333333332
8/26/24,0001,NA,NA,NA,7.527273,0.03198175,27.1604165,10.6
8/26/24,1006,NA,NA,NA,3.177273,0.04661725,NA,NA
8/26/24,1008,NA,NA,NA,6.96,0.02326525,22.1916665,9.000925888888888
8/26/24,1014,NA,NA,NA,5.204545,0.03535825,NA,NA
8/26/24,1016,NA,NA,NA,6.061905,0.031473,29.11979175,9.352546333333333
8/26/24,1026,NA,NA,NA,11.072727,0.0307475,24.2354165,9.6
8/27/24,0001,NA,NA,NA,4.9,0.038714,25.3166665,11.4
8/27/24,1006,NA,NA,NA,5.704545,0.041584750000000004,NA,NA
8/27/24,1008,NA,NA,NA,1.128571,0.03990025,20.2145835,9.007870333333333
8/27/24,1014,NA,NA,NA,2.663636,0.03634075,34.384615,13.030769
8/27/24,1016,NA,NA,NA,5.357143,0.0374495,28.18020825,10.405324111111112
8/27/24,1026,NA,NA,NA,7.359091,0.03731075,23.1604165,10.405092555555555
8/28/24,0001,NA,NA,NA,3.986364,0.042033,27.15,12.410185222222223
8/28/24,1006,NA,NA,NA,5.563636,0.04230275,24.616667,9.533333
8/28/24,1008,NA,NA,NA,2.654545,0.0420335,18.3791665,8.806944444444445
8/28/24,1014,NA,NA,NA,2.772727,0.03861625,37.0625,14.804166666666667
8/28/24,1016,NA,NA,NA,4.504545,0.03875725,26.75208325,11.405555555555555
8/28/24,1026,NA,NA,NA,7.213636,0.04170075,23.05,10.603703666666666
8/29/24,0001,NA,NA,NA,4.386364,0.03907525,23.3375,10.203240777777777
8/29/24,1006,NA,NA,NA,5.622727,0.038551249999999995,20.3041665,8.310185222222223
8/29/24,1008,NA,NA,NA,2.422727,0.041572,19.35,8.102314777777778
8/29/24,1014,NA,NA,NA,2.3,0.037399,34.302083499999995,12.203240777777777
8/29/24,1016,NA,NA,NA,2.622727,0.0418365,22.55208325,8.903703666666667
8/29/24,1026,NA,NA,NA,6.759091,0.04097075,20.23125,9.008333333333333
8/30/24,0001,NA,NA,NA,5.513636,0.0361825,22.2333335,9.909259222222223
8/30/24,1006,NA,NA,NA,5.381818,0.04300275,24.11875,10.203703666666666
8/30/24,1008,NA,NA,NA,4.327273,0.0376675,19.4333335,9.106018555555556
8/30/24,1014,NA,NA,NA,2.4,0.036948999999999996,34.4125,12.805092555555555
8/30/24,1016,NA,NA,NA,3.013636,0.0381395,22.73125,9.755324055555555
8/30/24,1026,NA,NA,NA,6.977273,0.03963975,20.270833500000002,9.308796333333333
8/31/24,0001,NA,NA,NA,5.472727,0.0394715,25.4333335,12.001851888888888
8/31/24,1006,NA,NA,NA,5.572727,0.04963125,27.2145835,11.402777777777779
8/31/24,1008,NA,NA,NA,1.736364,0.036491499999999996,20.479166499999998,9.906944444444445
8/31/24,1014,NA,NA,NA,2.722727,0.03669575,43.33125,17.306481444444444
8/31/24,1016,NA,NA,NA,3.522727,0.042148,22.815625,10.70509261111111
8/31/24,1026,NA,NA,NA,8.713636,0.03949125,24.34375,11.601388888888888
9/1/24,0001,NA,NA,NA,3.004545,0.0420065,24.45,11.300925888888889
9/1/24,1006,NA,NA,NA,4.45,0.05345975,24.45625,10.606018555555556
9/1/24,1008,NA,NA,NA,1.104545,0.0407275,23.48125,10.609259222222223
9/1/24,1014,NA,NA,NA,3.122727,0.03758525,43.0708335,18.703240777777776
9/1/24,1016,NA,NA,NA,4.168182,0.03571825,29.13125,14.304861111111112
9/1/24,1026,NA,NA,NA,5.672727,0.040301000000000003,23.4458335,11.403240777777778
9/2/24,0001,NA,NA,NA,3.454545,0.03481875,30.11875,14.600463
9/2/24,1006,NA,NA,NA,3.959091,0.053558499999999995,27.2583335,11.002314777777778
9/2/24,1008,NA,NA,NA,1.736364,0.0351885,22.24375,10.502777777777778
9/2/24,1014,NA,NA,NA,2.3,0.0348115,37.1520835,15.907870333333333
9/2/24,1016,NA,NA,NA,4.281818,0.03192075,26.91979175,13.306018555555555
9/2/24,1026,NA,NA,NA,8.009091,0.03178825,28.2770835,13.800463
9/3/24,0001,NA,NA,NA,7.776471,0.0244455,25.1708335,11.210185222222222
9/3/24,1006,NA,NA,NA,3.663636,0.049436,22.216666500000002,7.502777777777778
9/3/24,1008,NA,NA,NA,7.481818,0.019612,18.1833335,9.308796333333333
9/3/24,1014,NA,NA,NA,3.613333,0.029108000000000002,51.0041665,16.00185188888889
9/3/24,1016,NA,NA,NA,5.945455,0.03017475,28.83229175,11.252777777777778
9/3/24,1026,NA,NA,NA,10.727273,0.026523249999999998,23.231818,10.507575777777777
9/4/24,0001,NA,NA,NA,7.277273,0.02993775,26.459091,11.804040444444444
9/4/24,1006,NA,NA,NA,4.586364,0.0654465,23.470833499999998,7.9106481111111115
9/4/24,1008,NA,NA,NA,5.404545,0.030307,24.11875,9.903703666666667
9/4/24,1014,NA,NA,NA,8.054545,0.031065750000000003,81.2958335,19.107870333333334
9/4/24,1016,NA,NA,NA,6.290909,0.03271225,24.93333325,10.007175888888888
9/4/24,1026,NA,NA,NA,11.854545,0.02872175,25.30625,10.907407444444445
9/5/24,0001,NA,NA,NA,8.268182,0.03115375,31.3979165,11.406018555555557
9/5/24,1006,NA,NA,NA,3.595,0.06663,23.127083499999998,6.602314777777777
9/5/24,1008,NA,NA,NA,6.359091,0.0320895,30.208333500000002,10.005555555555556
9/5/24,1014,NA,NA,NA,19.095,0.0336495,151.3,31.405092555555555
9/5/24,1016,NA,NA,NA,10.5,0.045490249999999996,42.7875,11.756712944444445
9/5/24,1026,NA,NA,NA,15.090909,0.030351999999999997,31.0354165,10.100463
9/6/24,0001,NA,NA,NA,9.195455,0.026314,39.489583499999995,14.502777777777778
9/6/24,1006,NA,NA,NA,7,0.06754875,32.2625,10.500463
9/6/24,1008,NA,NA,NA,5.631818,0.030283749999999998,37,13.006944444444445
9/6/24,1014,NA,NA,NA,14.309091,0.0416555,121.4833335,25.608796333333334
9/6/24,1016,NA,NA,NA,13.85,0.034308000000000005,50.8416665,15.856018555555556
9/6/24,1026,NA,NA,NA,10.563636,0.025496,30.3625,11.504166666666666
9/7/24,0001,NA,NA,NA,9.295455,0.036895750000000005,41.2125,16.609722222222224
9/7/24,1006,NA,NA,NA,4.295455,0.059865,29.44375,9.707407444444444
9/7/24,1008,NA,NA,NA,4.185,0.04278175,41.397825999999995,16.801449222222224
9/7/24,1014,NA,NA,NA,15.259091,0.043244000000000005,134.075,32.00972222222222
9/7/24,1016,NA,NA,NA,8.15,0.04810275,46.68125,18.605787055555556
9/7/24,1026,NA,NA,NA,17.586364,0.03503275,37.3375,14.204166666666666
9/8/24,0001,NA,NA,NA,9.445455,0.04188625,48.4958335,19.602777777777778
9/8/24,1006,NA,NA,NA,3.827273,0.05484675,34.166666500000005,8.608796333333332
9/8/24,1008,NA,NA,NA,5.55,0.03986725,41.3395835,14.100925888888888
9/8/24,1014,NA,NA,NA,9.486364,0.04830375,113.4708335,22.603703666666668
9/8/24,1016,NA,NA,NA,4.168182,0.0541335,47.259375,15.502083333333333
9/8/24,1026,NA,NA,NA,19.545455,0.0431775,44.31875,15.309722222222224
9/9/24,0001,NA,NA,NA,8.4,0.0359225,39.325,15.408333333333333
9/9/24,1006,NA,NA,NA,5.372727,0.064352,29.3291665,12.907870333333333
9/9/24,1008,NA,NA,NA,6.581818,0.03106375,44.2166665,12.500463
9/9/24,1014,NA,NA,NA,12.495455,0.043028250000000004,85.35208349999999,21.208796333333332
9/9/24,1016,NA,NA,NA,8.959091,0.04109325,62.2479165,15.853935166666668
9/9/24,1026,NA,NA,NA,17.077273,0.03403375,38.14375,12.804166666666667
9/10/24,0001,NA,NA,NA,7.331818,0.02880225,30.2625,10.809722222222224
9/10/24,1006,NA,NA,NA,3.578947,0.0441655,24.3979165,10.207870333333332
9/10/24,1008,NA,NA,NA,6.4,0.0275495,28.275,9.409259222222223
9/10/24,1014,NA,NA,NA,9.191667,0.027568,73.2541665,16.90648144444444
9/10/24,1016,NA,NA,NA,6.259091,0.0298775,33.7395835,9.401851833333334
9/10/24,1026,NA,NA,NA,9.231818,0.028801,24.3375,8.302777777777779
9/11/24,0001,NA,NA,NA,2.9,0.03348825,25.114583500000002,9.309259222222224
9/11/24,1006,NA,NA,NA,4.545455,0.03205275,18.3916665,7.008796333333334
9/11/24,1008,NA,NA,NA,4.095,0.02951025,22.325,7.309259222222222
9/11/24,1014,NA,NA,NA,4.233333,0.027973,43.4625,13.109259222222223
9/11/24,1016,NA,NA,NA,3.395455,0.0331335,20.87083325,8.451851833333333
9/11/24,1017,NA,NA,NA,11.144444,NA,23.4208335,8.708333333333332
9/11/24,1026,NA,NA,NA,3.754545,0.033681,19.466666500000002,7.705555555555556
9/12/24,0001,NA,NA,NA,4.140909,0.03278125,30.104166499999998,10.410185222222223
9/12/24,1006,NA,NA,NA,3.586364,0.0320775,24.4729165,9.310185222222223
9/12/24,1008,NA,NA,NA,3.222727,0.032591,30.08125,8.106481444444444
9/12/24,1014,NA,NA,NA,6.66087,0.0281345,57.197916500000005,17
9/12/24,1016,NA,NA,NA,3.604545,0.03275625,29.07708325,10.002777777777778
9/12/24,1026,NA,NA,NA,4.727273,0.03221225,26.2770835,8.509722222222223
9/13/24,0001,NA,NA,NA,4.068182,0.03223875,25.4104165,8.704166666666666
9/13/24,1006,NA,NA,NA,3.65,0.03436,24.05625,8.804629666666667
9/13/24,1008,NA,NA,NA,2.613636,0.03538075,24.1104165,8.205092555555554
9/13/24,1014,NA,NA,NA,6.145455,0.0295965,49.2958335,12.209259222222222
9/13/24,1016,NA,NA,NA,3.336364,0.033746,25.776041499999998,8.904398166666667
9/13/24,1026,NA,NA,NA,3.727273,0.032774,22.24375,7.300925888888889
9/14/24,0001,NA,NA,NA,3.759091,0.0396815,25.1479165,9.803240777777779
9/14/24,1006,NA,NA,NA,2.654545,0.039521,20.4916665,8.907407444444445
9/14/24,1008,NA,NA,NA,1.936364,0.0422945,20.1,7.706018555555556
9/14/24,1014,NA,NA,NA,1.872727,0.03902575,36.1291665,12.103240777777778
9/14/24,1016,NA,NA,NA,2.263636,0.03929775,20.74791675,8.206018555555556
9/14/24,1026,NA,NA,NA,4.713636,0.03915775,22.2770835,8.001388888888888
9/15/24,0001,NA,NA,NA,2.15,0.0441695,17.20625,6.804166666666666
9/15/24,1006,NA,NA,NA,2.272727,0.0419,16.395833500000002,7.406018555555556
9/15/24,1008,NA,NA,NA,1.395455,0.045593,15.3791665,6.309722222222222
9/15/24,1014,NA,NA,NA,1.090909,0.04162225,20.302083500000002,8.104629666666666
9/15/24,1016,NA,NA,NA,1.545455,0.042805499999999996,15.8791665,6.705555555555556
9/15/24,1026,NA,NA,NA,3.990909,0.04279575,17.1708335,6.802777777777778
9/16/24,0001,NA,NA,NA,2.590909,0.036888,16.175,5.506944444444445
9/16/24,1006,NA,NA,NA,1.604545,0.038902,13.4375,5.303240777777778
9/16/24,1008,NA,NA,NA,2.336364,0.03588425,17.1886365,5.407070666666667
9/16/24,1014,NA,NA,NA,2.495455,0.036761749999999996,34.3125,7.810185222222222
9/16/24,1016,NA,NA,NA,2.727273,0.035544,14.675,5.207175888888889
9/16/24,1026,NA,NA,NA,3.427273,0.037189,15.341666499999999,5.010185222222222
9/17/24,0001,NA,NA,NA,5.113636,0.03265975,18.020833500000002,6.201388888888889
9/17/24,1006,NA,NA,NA,2.209091,0.036304499999999996,13.477083499999999,4.907407444444445
9/17/24,1008,NA,NA,NA,3.854545,0.029398,16.1520835,5.506944444444445
9/17/24,1014,NA,NA,NA,2.5,0.03472625,31.4958335,7.303240777777778
9/17/24,1016,NA,NA,NA,5.822727,0.02846125,16.58541675,5.707407388888889
9/17/24,1026,NA,NA,NA,7.290909,0.0297275,18.025,5.908585888888889
9/18/24,0001,NA,NA,NA,6.247368,0.036807,24.13125,7.407407444444445
9/18/24,1006,NA,NA,NA,2.765,0.0393355,18.1104165,6.804166666666666
9/18/24,1008,NA,NA,NA,3.463636,0.036594749999999995,18.0125,6.307870333333333
9/18/24,1014,NA,NA,NA,2.959091,0.038052749999999996,28.3979165,8.702777777777778
9/18/24,1016,NA,NA,NA,5.089474,0.034569,18.6395835,6.758333333333333
9/18/24,1026,NA,NA,NA,8.177273,0.03483675,21.1791665,6.909722222222222
9/19/24,0001,NA,NA,NA,3.795455,0.038737,20.4520835,6.705092555555556
9/19/24,1006,NA,NA,NA,2.495455,0.0429295,19.1065215,7.408695666666667
9/19/24,1008,NA,NA,NA,1.959091,0.039509,16.3583335,5.303240777777778
9/19/24,1014,NA,NA,NA,3.345455,0.037511249999999996,29.479166499999998,9.009722222222223
9/19/24,1016,NA,NA,NA,2.759091,0.037662,16.81309525,6.202116388888888
9/19/24,1026,NA,NA,NA,5.55,0.0372415,21.425,6.310185222222222
9/20/24,0001,NA,NA,NA,5.940909,0.0294605,10.310416499999999,4.102777777777778
9/20/24,1006,NA,NA,NA,1.954545,0.034385,9.075,3.704629666666667
9/20/24,1008,NA,NA,NA,3.963636,0.032421,16.2958335,4.904166666666667
9/20/24,1014,NA,NA,NA,2.404545,0.03114575,16.1395835,4.304166666666666
9/20/24,1016,NA,NA,NA,5.272727,0.02722075,10.696875,3.853472222222222
9/20/24,1026,NA,NA,NA,7.654545,0.028682,10.04375,3.901388888888889
9/21/24,0001,NA,NA,NA,6.854545,0.03181375,14.3604165,6.408333333333333
9/21/24,1006,NA,NA,NA,3.127273,0.038919,14.2020835,6.003240777777778
9/21/24,1008,NA,NA,NA,3.009091,0.0318585,14.279166499999999,5.602314777777777
9/21/24,1014,NA,NA,NA,3.4,0.0335755,28.375,9.008333333333333
9/21/24,1016,NA,NA,NA,4.463636,0.031815,12.8614585,5.406712944444445
9/21/24,1026,NA,NA,NA,8.204545,0.03262875,14.06875,6.200463
9/22/24,0001,NA,NA,NA,5.759091,0.039780499999999996,19.3895835,10.009722222222223
9/22/24,1006,NA,NA,NA,3.127273,0.05024275,16.26875,6.706944444444445
9/22/24,1008,NA,NA,NA,1.913636,0.044541,19.033333499999998,8.808796333333333
9/22/24,1014,NA,NA,NA,2.486364,0.03736,29.2270835,13.21064811111111
9/22/24,1016,NA,NA,NA,1.645455,0.044462249999999995,16.04895825,8.004861111111111
9/22/24,1026,NA,NA,NA,7.004545,0.043867249999999997,18.40625,9.207870333333332
9/23/24,0001,NA,NA,NA,5.840909,0.0484855,23.122916500000002,12.304629666666667
9/23/24,1006,NA,NA,NA,6.454545,0.0550055,22.1083335,8.409722222222223
9/23/24,1008,NA,NA,NA,3.25,0.04444125,16.2270835,8.400463
9/23/24,1014,NA,NA,NA,8.292308,0.04031775,35.2041665,17.200463
9/23/24,1016,NA,NA,NA,2.595455,0.04980925,17.36875,9.003240777777778
9/23/24,1026,NA,NA,NA,9.231818,0.046899750000000004,20.3625,10.704166666666666
9/24/24,0001,NA,NA,NA,5,0.0427835,22.33125,10.603240777777778
9/24/24,1006,NA,NA,NA,8.472727,0.04760375,23.31875,8.507870333333333
9/24/24,1008,NA,NA,NA,2.7,0.0450575,14.1708335,7.101851888888889
9/24/24,1014,NA,NA,NA,13.159091,0.040017250000000004,40.3458335,17.902314777777775
9/24/24,1016,NA,NA,NA,2.804545,0.04549975,22.20520825,10.752083333333333
9/24/24,1026,NA,NA,NA,8.322727,0.04358175,21.38125,10.809259222222224
9/25/24,0001,NA,NA,NA,4.490909,0.0419995,17.072916499999998,8.104629666666666
9/25/24,1006,NA,NA,NA,7.940909,0.039932499999999996,19.385416499999998,8.207870333333332
9/25/24,1008,NA,NA,NA,4.222727,0.03275725,19.0541665,7.303240777777778
9/25/24,1014,NA,NA,NA,9.381818,0.03714175,26.390476,12.101587333333333
9/25/24,1016,NA,NA,NA,2.204545,0.043109999999999996,14.279166499999999,6.954166666666667
9/25/24,1026,NA,NA,NA,5.877273,0.0423215,15.252083500000001,7.110648111111111
9/26/24,0001,NA,NA,NA,6.113636,0.03286825,21.08125,9.801851888888889
9/26/24,1006,NA,NA,NA,6.663636,0.04595075,23.229166499999998,9.607870333333333
9/26/24,1008,NA,NA,NA,5.013636,0.029240500000000003,21.2875,9.702777777777778
9/26/24,1014,NA,NA,NA,10.05,0.029527750000000002,36.0145835,13.709722222222222
9/26/24,1016,NA,NA,NA,2.654545,0.03727125,19.3666665,8.854166666666668
9/26/24,1026,NA,NA,NA,6.504545,0.036473,20.3291665,9.202314777777778
9/27/24,0001,NA,NA,NA,7.959091,0.0295675,23.0583335,11.606018555555556
9/27/24,1006,NA,NA,NA,5.845455,0.0544625,25.1291665,9.707407444444444
9/27/24,1008,NA,NA,NA,3.545455,0.033738000000000004,16.0666665,8.305555555555555
9/27/24,1014,NA,NA,NA,11.035714,0.01713225,38.385416500000005,14.303703666666667
9/27/24,1016,NA,NA,NA,3.186364,0.035413,17.2010415,8.901851833333334
9/27/24,1026,NA,NA,NA,8.281818,0.03469775,20.310416500000002,10.602314777777778
9/28/24,0001,NA,NA,NA,6.55,0.03119225,18.3875,9.705092555555554
9/28/24,1006,NA,NA,NA,4,0.05792625,20.1708335,7.110648111111111
9/28/24,1008,NA,NA,NA,2.309091,0.0353085,15.2375,7.000925888888889
9/28/24,1014,NA,NA,NA,12.986364,0.0298975,29.479166499999998,12.902777777777779
9/28/24,1016,NA,NA,NA,2.572727,0.03664175,15.2125,7.8085648333333335
9/28/24,1026,NA,NA,NA,8.386364,0.0352905,19.4020835,9.809259222222224
9/29/24,0001,NA,NA,NA,6.172727,0.0343115,21.1395835,11.106481444444444
9/29/24,1006,NA,NA,NA,3.418182,0.04524975,13.03125,4.909722222222222
9/29/24,1008,NA,NA,NA,2.836364,0.037706,17.1416665,9.102777777777778
9/29/24,1014,NA,NA,NA,14.859091,0.03407725,34.31875,16.104166666666668
9/29/24,1016,NA,NA,NA,3.527273,0.03696,18.2104165,9.155324111
9/29/24,1026,NA,NA,NA,9.836364,0.03803375,20.4125,11.306481444444445
9/30/24,0001,NA,NA,NA,6.2,0.033154750000000004,26.2875,13.308796333333333
9/30/24,1006,NA,NA,NA,4.936364,0.0564965,19.0145835,6.407870333333333
9/30/24,1008,NA,NA,NA,6.377273,0.03003775,16.2375,8.510185222222223
9/30/24,1014,NA,NA,NA,12.522727,0.030982000000000003,30.3666665,12.804629666666667
9/30/24,1016,NA,NA,NA,5.15,0.0319415,21.94375,9.257407444444445
9/30/24,1026,NA,NA,NA,11.990909,0.0317165,27.0895835,13.501388888888888
10/1/24,0001,NA,NA,NA,8.088889,0.024785500000000002,32.1729165,14.605092555555554
10/1/24,1006,NA,NA,NA,5.063636,0.07021775,25.0770835,8.208796333333332
10/1/24,1008,NA,NA,NA,5.954545,0.0307915,22.114583500000002,11.106944444444444
10/1/24,1014,NA,NA,NA,17.290909,0.0325855,56.0458335,17.009259222222223
10/1/24,1016,NA,NA,NA,5.510526,0.0382575,22.675,9.60625
10/1/24,1026,NA,NA,NA,15.163636,0.0279735,26.2522725,12.103030333333333
10/2/24,0001,NA,NA,NA,9.231818,0.031279,28.3,12.006060555555555
10/2/24,1006,NA,NA,NA,5.081818,0.0696395,26.4416665,8.103703666666666
10/2/24,1008,NA,NA,NA,5.6,0.03406525,14.00625,8.005555555555556
10/2/24,1014,NA,NA,NA,28.622727,0.031018,91.025,28.606481444444444
10/2/24,1016,NA,NA,NA,9.513636,0.03114475,29.779166500000002,10.303472222222222
10/2/24,1026,NA,NA,NA,14.772727,0.0297595,23.377083499999998,9.209722222222222
10/3/24,0001,NA,NA,NA,6.913636,0.0308185,31.31875,14.202777777777778
10/3/24,1006,NA,NA,NA,7.358824,0.0545195,30.0583335,9.206481444444444
10/3/24,1008,NA,NA,NA,3.372727,0.036299750000000006,20.2958335,10.105555555555556
10/3/24,1014,NA,NA,NA,22.709091,0.029850500000000002,54.425,20.303703666666667
10/3/24,1016,NA,NA,NA,7.604545,0.033743999999999996,26.3989585,11.759953722222223
10/3/24,1026,NA,NA,NA,8.695455,0.0324995,26.291666499999998,11.805092555555555
10/4/24,0001,NA,NA,NA,7.261111,0.0331315,42.01875,19.1
10/4/24,1006,NA,NA,NA,6.668182,0.06287375,33.33125,11.109259222222223
10/4/24,1008,NA,NA,NA,2.45,0.03652825,22.1875,10.803240777777779
10/4/24,1014,NA,NA,NA,19.527273,0.03085025,54.30625,22.504629666666666
10/4/24,1016,NA,NA,NA,6.390909,0.03159425,35.875,16.555555555555557
10/4/24,1026,NA,NA,NA,12.545455,0.0333105,36.4229165,18.106944444444444
10/5/24,0001,NA,NA,NA,6.672727,0.03443675,31.3083335,17.01064811111111
10/5/24,1006,NA,NA,NA,4.85,0.06662925,28.3083335,9.905092555555555
10/5/24,1008,NA,NA,NA,2.354545,0.04387325,16.25,10.102777777777778
10/5/24,1014,NA,NA,NA,25.640909,0.032099,55.4395835,24.903703666666665
10/5/24,1016,NA,NA,NA,3.395455,0.038777,24.35520825,13.053240777777777
10/5/24,1026,NA,NA,NA,12.031818,0.03775,31.354166499999998,16.902314777777775
10/6/24,0001,NA,NA,NA,5.95,0.03714525,25.408333499999998,14.007407444444445
10/6/24,1006,NA,NA,NA,2.931818,0.0674795,22.30625,7.401851888888889
10/6/24,1008,NA,NA,NA,2.436364,0.04045025,9.466666499999999,6.207407444444445
10/6/24,1014,NA,NA,NA,21.872727,0.0337285,45.0791665,19.509722222222223
10/6/24,1016,NA,NA,NA,2.481818,0.034384750000000006,11.71979175,7.104629611111111
10/6/24,1026,NA,NA,NA,12.295455,0.03249075,19.1416665,11.1
10/7/24,0001,NA,NA,NA,8.981818,0.029190999999999998,20.15625,10.300925888888889
10/7/24,1006,NA,NA,NA,3.527273,0.060919749999999995,22.404166500000002,6.304629666666666
10/7/24,1008,NA,NA,NA,3.327273,0.034548,6.2541665,4.004166666666666
10/7/24,1014,NA,NA,NA,32.090909,0.03030675,108.14791650000001,22.706481444444442
10/7/24,1016,NA,NA,NA,5.545455,0.03344,14.322916750000001,5.508101888888889
10/7/24,1026,NA,NA,NA,14.875,0.027424,17.4145835,8.110185222222222
10/8/24,0001,NA,NA,NA,8.268182,0.03625275,20.4833335,10.305092555555555
10/8/24,1006,NA,NA,NA,4.127273,0.0559295,18.489583500000002,5.206944444444445
10/8/24,1008,NA,NA,NA,3.704545,0.03717025,10.3625,5.710648111111111
10/8/24,1014,NA,NA,NA,27.340909,0.036222000000000004,85.4104165,22.60138888888889
10/8/24,1016,NA,NA,NA,6.559091,0.03098525,19.25,6.654629666666667
10/8/24,1026,NA,NA,NA,16.572727,0.02920125,21.08125,10.402777777777779
10/9/24,0001,NA,NA,NA,5.345455,0.0405465,30.2979165,14.906018555555557
10/9/24,1006,NA,NA,NA,5.509091,0.05444725,22.372916500000002,7.002777777777778
10/9/24,1008,NA,NA,NA,2.540909,0.04006925,17.0125,8.303240777777779
10/9/24,1014,NA,NA,NA,9.095,0.03619375,53.2979165,19.505092555555557
10/9/24,1016,NA,NA,NA,5.745455,0.03390925,22.44270825,9.458333333333334
10/9/24,1026,NA,NA,NA,11.277273,0.036316,31.1479165,16.705092555555556
10/10/24,0001,NA,NA,NA,8.045455,0.0339835,34.4979165,16.702777777777776
10/10/24,1006,NA,NA,NA,3.504545,0.057979750000000004,19.2229165,5.703240777777778
10/10/24,1008,NA,NA,NA,5.2,0.036419,19.291666499999998,9.903240777777778
10/10/24,1014,NA,NA,NA,11.645455,0.03252225,77.33125,28.51064811111111
10/10/24,1016,NA,NA,NA,5.540909,0.032921,23.77708325,11.053009277777777
10/10/24,1026,NA,NA,NA,17.527273,0.028702,33.447916500000005,16.109722222222224
10/11/24,0001,NA,NA,NA,10.759091,0.030808250000000002,26.06875,13.400925888888889
10/11/24,1006,NA,NA,NA,2.913636,0.05896425,17.1020835,4.606944444444444
10/11/24,1008,NA,NA,NA,3.927273,0.0474805,18.0625,11.700463
10/11/24,1014,NA,NA,NA,17.172727,0.0349715,104.0333335,28.509722222222223
10/11/24,1016,NA,NA,NA,8.45,0.03372925,21.91979175,9.354861111111111
10/11/24,1026,NA,NA,NA,21.118182,0.02897325,26.2958335,14.000463
10/12/24,0001,NA,NA,NA,9.931818,0.032940250000000004,26.46875,14.007407444444445
10/12/24,1006,NA,NA,NA,2.459091,0.0525785,15.0375,4.807870333333333
10/12/24,1008,NA,NA,NA,2.509091,0.035549,16.2104165,8.307407444444445
10/12/24,1014,NA,NA,NA,11.095455,0.036716,71.25625,24.406018555555555
10/12/24,1016,NA,NA,NA,4.613636,0.0346065,15.303125,7.402777777777778
10/12/24,1026,NA,NA,NA,12.768182,0.03434025,24.2770835,12.700463
10/13/24,0001,NA,NA,NA,2.9,0.031738,16.425,6.706944444444445
10/13/24,1006,NA,NA,NA,3.240909,0.0410855,14.3791665,5.2
10/13/24,1008,NA,NA,NA,2.031818,0.032881,17.279166500000002,7.303703666666666
10/13/24,1014,NA,NA,NA,4.077273,0.0284435,39.0645835,16.306481444444444
10/13/24,1016,NA,NA,NA,4.095455,0.02875975,15.82395825,7.404861111111112
10/13/24,1026,NA,NA,NA,5.577273,0.03192075,16.229166499999998,7.109722222222222
10/14/24,0001,NA,NA,NA,3.613636,0.0316835,14.2020835,5.7
10/14/24,1006,NA,NA,NA,4.559091,0.0332895,17.277272500000002,7.005050555555555
10/14/24,1008,NA,NA,NA,2.327273,0.0325605,15.370454500000001,5.605050555555556
10/14/24,1014,NA,NA,NA,5.990909,0.02819675,36.3,12.102777777777778
10/14/24,1016,NA,NA,NA,3.686364,0.0311505,14.596875,6.3050925555555555
10/14/24,1026,NA,NA,NA,5.455,0.03065925,16.2979165,6.001388888888889
10/15/24,0001,NA,NA,NA,4.495455,0.034082,21.0854165,9.307407444444445
10/15/24,1006,NA,NA,NA,3.704545,0.034887,18.1958335,9.400463
10/15/24,1008,NA,NA,NA,2.431818,0.036102499999999996,19.20625,5.809259222222222
10/15/24,1014,NA,NA,NA,3.5,0.033001,25.1416665,11.005092555555555
10/15/24,1016,NA,NA,NA,3.963636,0.03465975,14.26847825,6.0055555555555555
10/15/24,1026,NA,NA,NA,6.6875,0.034761,17.2333335,7.104166666666666
10/16/24,0001,NA,NA,NA,3.909091,0.04047775,24.0541665,11.407870333333333
10/16/24,1006,NA,NA,NA,4.331818,0.0379975,28.0666665,15.003703666666667
10/16/24,1008,NA,NA,NA,4.190909,0.036539749999999996,16.1,7.006944444444445
10/16/24,1014,NA,NA,NA,6.531818,0.035811,42.0886365,17.408585888888886
10/16/24,1016,NA,NA,NA,4.818182,0.0378695,19.295454499999998,9.253787833333334
10/16/24,1026,NA,NA,NA,6.577273,0.0400835,20.35625,9.302777777777779
10/17/24,0001,NA,NA,NA,3.540909,0.0398245,17.09375,6.001851888888889
10/17/24,1006,NA,NA,NA,2.821053,0.03983875,20.017391500000002,9.708695666666666
10/17/24,1008,NA,NA,NA,3.831818,0.03789225,22.20625,6.805555555555555
10/17/24,1014,NA,NA,NA,9.540909,0.03313225,33.1958335,8.910648111111112
10/17/24,1016,NA,NA,NA,4.204545,0.038143750000000004,14.865625,5.804398166666667
10/17/24,1026,NA,NA,NA,5.263636,0.03977275,17.1104165,5.703703666666667
10/18/24,0001,NA,NA,NA,10.463636,0.0284785,33.1375,10.003703666666667
10/18/24,1006,NA,NA,NA,2.761905,0.040390999999999996,36.175,6.9
10/18/24,1008,NA,NA,NA,4.790909,0.03274025,30.2229165,7.209722222222222
10/18/24,1014,NA,NA,NA,9.454545,0.0307265,66.26041649999999,14.005555555555556
10/18/24,1016,NA,NA,NA,7.218182,0.03229575,31.2802085,7.7537036666666665
10/18/24,1026,NA,NA,NA,13.336364,0.027362249999999998,33.4375,9.209722222222222
10/19/24,0001,NA,NA,NA,13.509091,0.0308315,57.45625,11.405555555555555
10/19/24,1006,NA,NA,NA,1.541667,0.04635275,37.083333499999995,4.906018555555556
10/19/24,1008,NA,NA,NA,5.959091,0.03550875,36.4125,6.800463
10/19/24,1014,NA,NA,NA,8.436364,0.03857675,118.4833335,16.202314777777776
10/19/24,1016,NA,NA,NA,6.1,0.03938075,46.74583325,7.055555555555555
10/19/24,1026,NA,NA,NA,17.013636,0.02895475,51.2875,9.705555555555556
10/20/24,0001,NA,NA,NA,10.7,0.0360535,39.45,7.203240777777778
10/20/24,1006,NA,NA,NA,1.641667,0.0509965,18.2041665,3.2106481111111114
10/20/24,1008,NA,NA,NA,7.159091,0.04216275,38.125,6.709259222222222
10/20/24,1014,NA,NA,NA,10.845455,0.040787000000000004,83.05,13.602777777777778
10/20/24,1016,NA,NA,NA,6.377273,0.043754999999999995,32.878125,5.001388888888889
10/20/24,1026,NA,NA,NA,19.109091,0.0298285,37.270833499999995,6.609722222222222
10/21/24,0001,NA,NA,NA,17.236364,0.03276375,40.260416500000005,9.3
10/21/24,1006,NA,NA,NA,2.552174,0.0529085,15.0166665,3.2064814444444445
10/21/24,1008,NA,NA,NA,9.504545,0.03622075,28.25625,6.906481444444445
10/21/24,1014,NA,NA,NA,16.418182,0.0352865,102.46041650000001,16.000463
10/21/24,1016,NA,NA,NA,11.204545,0.043652500000000004,31.71979175,6.0039351666666665
10/21/24,1026,NA,NA,NA,24.290909,0.032326,35.325,8.002314777777778
10/22/24,0001,NA,NA,NA,15.745455,0.0266855,34.4666665,9.205092555555554
10/22/24,1006,NA,NA,NA,3.694737,0.0583535,17.127083499999998,3.700463
10/22/24,1008,NA,NA,NA,9.459091,0.0355435,29.3708335,9.300463
10/22/24,1014,NA,NA,NA,21.722727,0.03111225,143.3166665,22.904629666666665
10/22/24,1016,NA,NA,NA,13.881818,0.043536500000000006,31.275,7.553240777777778
10/22/24,1026,NA,NA,NA,24.854545,0.0238815,32.4854165,9.609259222222223
10/23/24,0001,NA,NA,NA,16.827273,0.0272365,29.583333,9.45
10/23/24,1006,NA,NA,NA,4.845455,0.06687575,24.20625,5.602314777777777
10/23/24,1008,NA,NA,NA,7.718182,0.0286005,27.28125,10.703240777777777
10/23/24,1014,NA,NA,NA,23.886364,0.0331345,152.01666649999999,26.50185188888889
10/23/24,1016,NA,NA,NA,15.081818,0.03755825,32.2510415,8.155324111111112
10/23/24,1026,NA,NA,NA,25.472727,0.022435749999999997,35.28125,11.409722222222223
10/24/24,0001,NA,NA,NA,14.945455,0.02353125,NA,NA
10/24/24,1006,NA,NA,NA,4.286364,0.072682,24.3083335,6.6
10/24/24,1008,NA,NA,NA,9.963636,0.02810625,23.470833499999998,8.208796333333332
10/24/24,1014,NA,NA,NA,22.490909,0.0326505,135.0291665,26.610185222222224
10/24/24,1016,NA,NA,NA,16.622727,0.032549,34.24895825,10.004861111111111
10/24/24,1026,NA,NA,NA,20.029167,0.019432249999999998,27.208333500000002,11.500463
10/25/24,0001,NA,NA,NA,11.386364,0.0228555,NA,NA
10/25/24,1006,NA,NA,NA,5.168182,0.06652375,26.225,7.602314777777777
10/25/24,1008,NA,NA,NA,8.004545,0.03236925,21.208333500000002,10.306481444444445
10/25/24,1014,NA,NA,NA,18.368182,0.030694,117.36875,32.204166666666666
10/25/24,1016,NA,NA,NA,12.922727,0.02703875,25.30104175,10.801388888888889
10/25/24,1026,NA,NA,NA,20.045455,0.01856725,27.1916665,14.301388888888889
10/26/24,0001,NA,NA,NA,11.05,0.031329499999999996,NA,NA
10/26/24,1006,NA,NA,NA,3.322727,0.066724,22.48125,7.008796333333334
10/26/24,1008,NA,NA,NA,4.668182,0.035369,18.083333500000002,10.201388888888888
10/26/24,1014,NA,NA,NA,16.559091,0.037878999999999996,100.4625,31.90787033333333
10/26/24,1016,NA,NA,NA,9.077273,0.038584,20.840625,8.007870389
10/26/24,1026,NA,NA,NA,20.945455,0.0251475,44.0645835,27.51064811111111
10/27/24,0001,NA,NA,NA,10.554545,0.0320285,NA,NA
10/27/24,1006,NA,NA,NA,2.395455,0.05283275,17.1104165,5.006481444444445
10/27/24,1008,NA,NA,NA,4.181818,0.035153750000000004,24.48125,11.506018555555556
10/27/24,1014,NA,NA,NA,10.881818,0.037741,72.34375,23.503703666666667
10/27/24,1016,NA,NA,NA,7.486364,0.0365255,25.45208325,10.559259277777777
10/27/24,1026,NA,NA,NA,16.036364,0.02661025,26.3979165,12.307407444444445
10/28/24,0001,NA,NA,NA,7.031818,0.033980250000000004,25.784615,7.753846
10/28/24,1006,NA,NA,NA,2.581818,0.039586,15.38125,5.1004629999999995
10/28/24,1008,NA,NA,NA,4.313636,0.0349065,28.104166499999998,9.109722222222222
10/28/24,1014,NA,NA,NA,8.918182,0.03176975,52.1625,16.806018555555557
10/28/24,1016,NA,NA,NA,5.390909,0.033049,22.90729175,8.106712944444444
10/28/24,1026,NA,NA,NA,10.589474,0.031996000000000004,27.2770835,9.608796333333332
10/29/24,0001,NA,NA,NA,7.068182,0.0296615,25.1520835,7.505092555555556
10/29/24,1006,NA,NA,NA,2.218182,0.037163,16.2770835,5.609722222222222
10/29/24,1008,NA,NA,NA,7.213636,0.031613,28.439583499999998,7.200925888888889
10/29/24,1014,NA,NA,NA,6.140909,0.03073725,33.083333499999995,8.509259222222223
10/29/24,1016,NA,NA,NA,6.677273,0.029877,21.64375,6.356018555555556
10/29/24,1026,NA,NA,NA,6.554545,0.03144,24.204545500000002,7.003535333333334
10/30/24,0001,NA,NA,NA,13.095455,0.0256925,24.225,7.0037036666666665
10/30/24,1006,NA,NA,NA,2.868182,0.043621,13.1416665,3.5046296666666668
10/30/24,1008,NA,NA,NA,6.059091,0.0333385,21.26875,5.709259222222222
10/30/24,1014,NA,NA,NA,14.195455,0.0282075,74.28125,12.803703666666667
10/30/24,1016,NA,NA,NA,8.568182,0.0299325,18.880208500000002,5.509490722222222
10/30/24,1026,NA,NA,NA,14.504545,0.025806000000000003,24.48125,7.202314777777778
10/31/24,0001,NA,NA,NA,15.354545,0.029074000000000003,28.2020835,9.401388888888889
10/31/24,1006,NA,NA,NA,2.718182,0.051222000000000004,12.2645835,3.301851888888889
10/31/24,1008,NA,NA,NA,9.377273,0.034905000000000005,20.2375,5.900925889
10/31/24,1014,NA,NA,NA,16.559091,0.03163825,108.3145835,19.207870333333332
10/31/24,1016,NA,NA,NA,8.945455,0.034806000000000004,16.8395835,4.854629666666667
10/31/24,1026,NA,NA,NA,15.077273,0.029698250000000002,22.310416500000002,7.203703666666667
11/1/24,0001,NA,NA,NA,11.445,0.0368495,28.05625,10.105555555555556
11/1/24,1006,NA,NA,NA,4.268182,0.04837525,20.2104165,9.103703666666666
11/1/24,1008,NA,NA,NA,5.390909,0.038229,17.0583335,5.800925888888889
11/1/24,1014,NA,NA,NA,14.368182,0.0392605,70.11458350000001,20.40925922222222
11/1/24,1016,NA,NA,NA,7.581818,0.037254999999999996,16.92604175,5.903703722222222
11/1/24,1026,NA,NA,NA,12.022727,0.03650375,22.4729165,8.205092555555554
11/2/24,0001,NA,NA,NA,5.763636,0.03820125,23.158333499999998,9.303240777777779
11/2/24,1006,NA,NA,NA,2.518182,0.04228575,16.4020835,7.907407444444445
11/2/24,1008,NA,NA,NA,3.604545,0.03620775,15.14375,6.400925889
11/2/24,1014,NA,NA,NA,6.286364,0.03757525,33.4125,10.500463
11/2/24,1016,NA,NA,NA,4.95,0.036330749999999995,16.83125,6.905787055555556
11/2/24,1026,NA,NA,NA,6.745455,0.0374255,22.2895835,9.500925888888888
11/3/24,0001,NA,NA,NA,7.795455,0.031671,21.45,8.506018555555556
11/3/24,1006,NA,NA,NA,2.490909,0.039038,14.16875,6.003240777777778
11/3/24,1008,NA,NA,NA,3.777273,0.03324575,18.4,6.607870333333333
11/3/24,1014,NA,NA,NA,5.177273,0.0358935,25.4416665,10.107407444444444
11/3/24,1016,NA,NA,NA,7.368182,0.03065925,15.88854175,6.359259277777777
11/3/24,1026,NA,NA,NA,9.590909,0.02960025,20.4229165,8.105092555555554
11/4/24,0001,NA,NA,NA,14.822727,0.025367,26.4645835,8.410185222222223
11/4/24,1006,NA,NA,NA,2.759091,0.040629,13.4208335,2.600925888888889
11/4/24,1008,NA,NA,NA,8.727273,0.0306695,27.1875,6.301388888888889
11/4/24,1014,NA,NA,NA,13.268182,0.02848225,61.0666665,14
11/4/24,1016,NA,NA,NA,11.5,0.02812,22.2177085,5.805555555555555
11/4/24,1026,NA,NA,NA,19.754545,0.019957,28.0666665,8.803703666666667
11/5/24,0001,NA,NA,NA,16.881818,0.0247535,27.006818000000003,6.3040404444444444
11/5/24,1006,NA,NA,NA,3.829412,0.0402755,15.4479165,2.7097222222222226
11/5/24,1008,NA,NA,NA,8.268182,0.0305115,21.3354165,5.008333333333334
11/5/24,1014,NA,NA,NA,15.309524,0.03081675,90.3875,11.804629666666667
11/5/24,1016,NA,NA,NA,13.53,0.02802725,22.165625,3.9057870555555554
11/5/24,1026,NA,NA,NA,21.122727,0.01828375,24.154166500000002,6.104629666666666
11/6/24,0001,NA,NA,NA,9.081818,0.03361725,35.31875,5.800463
11/6/24,1006,NA,NA,NA,1.131818,0.04199475,49.125,5.504166666666666
11/6/24,1008,NA,NA,NA,6.622222,0.034519,45.1108695,4.707729444444444
11/6/24,1014,NA,NA,NA,4.895455,0.038856,108.21041650000001,9.605092555555554
11/6/24,1016,NA,NA,NA,9.729167,0.03137475,36.144791749999996,4.903935166666667
11/6/24,1026,NA,NA,NA,15.65,0.026207,41.416666500000005,6.5
11/7/24,0001,NA,NA,NA,16.1,0.0220865,15.2916665,3.402314777777778
11/7/24,1006,NA,NA,NA,1.963636,0.0377105,7.490909,1.4040404444444443
11/7/24,1008,NA,NA,NA,8.9,0.02771725,19.09375,3.3037036666666664
11/7/24,1014,NA,NA,NA,6.436364,0.0326465,59.3166665,4.907870333333333
11/7/24,1016,NA,NA,NA,10.46087,0.02826625,14.1395835,2.354629611111111
11/7/24,1026,NA,NA,NA,18.745455,0.018723999999999998,20.1333335,5.004629666666666
11/8/24,0001,NA,NA,NA,14.381818,0.0261115,15.2666665,4.304629666666666
11/8/24,1006,NA,NA,NA,3.972727,0.043091,9.4833335,2.002314777777778
11/8/24,1008,NA,NA,NA,8.604545,0.029926499999999998,20.15625,5.206944444444445
11/8/24,1014,NA,NA,NA,8.986364,0.032749,64.4958335,6.703703666666667
11/8/24,1016,NA,NA,NA,10.15,0.03242375,14.28854175,3.1083333333333334
11/8/24,1026,NA,NA,NA,18.254545,0.02462775,18.1125,4.908796333333334
11/9/24,0001,NA,NA,NA,14.186364,0.031695,22.1479165,7.902777777777778
11/9/24,1006,NA,NA,NA,2.759091,0.051859999999999996,14.0375,3.410185222222222
11/9/24,1008,NA,NA,NA,7.940909,0.037364,25.3083335,10.005555555555556
11/9/24,1014,NA,NA,NA,16.409091,0.035258250000000005,72.40625,17.605092555555558
11/9/24,1016,NA,NA,NA,8.718182,0.03989,19.34583325,5.905092555555555
11/9/24,1026,NA,NA,NA,21.7,0.024719249999999998,27.2041665,10.000925888888888
11/10/24,0001,NA,NA,NA,10.995455,0.03704825,27.177083500000002,13.300925888888889
11/10/24,1006,NA,NA,NA,3.590909,0.055357,17.0270835,5.306481444444445
11/10/24,1008,NA,NA,NA,6.731818,0.04164325,25.185416500000002,11.407407444444445
11/10/24,1014,NA,NA,NA,8.404545,0.041208,55.31875,18.708796333333332
11/10/24,1016,NA,NA,NA,7.509091,0.045408000000000004,20.315625,7.902546277777777
11/10/24,1026,NA,NA,NA,18.890909,0.0291055,36.1104165,17.102777777777778
11/11/24,0001,NA,NA,NA,10.927273,0.03288875,33.0375,14.107870333333333
11/11/24,1006,NA,NA,NA,3.636364,0.05077825,20.0166665,7.705555555555556
11/11/24,1008,NA,NA,NA,5.522727,0.0411915,26.3354165,11.310648111111112
11/11/24,1014,NA,NA,NA,8.736364,0.0377745,60.0041665,20.705092555555556
11/11/24,1016,NA,NA,NA,8.059091,0.036858999999999996,24.0385415,9.557175944444444
11/11/24,1026,NA,NA,NA,16.586364,0.029585,31.3875,15.500463
11/12/24,0001,NA,NA,NA,16.245455,0.026508999999999998,28.385416499999998,12.510185222222223
11/12/24,1006,NA,NA,NA,3.159091,0.0431975,12.3916665,4.403703666666667
11/12/24,1008,NA,NA,NA,6.822727,0.032945749999999996,23.495652,8.806763333333334
11/12/24,1014,NA,NA,NA,11.663636,0.03336,64.40625,18.509259222222223
11/12/24,1016,NA,NA,NA,8.4,0.033746,19.703125,7.300694444444444
11/12/24,1026,NA,NA,NA,14.672727,0.02751025,26.2,11.700925888888888
11/13/24,0001,NA,NA,NA,17.568182,0.026668,23.00625,5.500463
11/13/24,1006,NA,NA,NA,2.786364,0.0481605,11.1,2.2092592222222223
11/13/24,1008,NA,NA,NA,13.409091,0.029111249999999998,27.4386365,6.505050555555555
11/13/24,1014,NA,NA,NA,10.159091,0.03697325,80.1954545,8.504040444444444
11/13/24,1016,NA,NA,NA,10.468182,0.03719025,19.31145825,4.105787055555556
11/13/24,1026,NA,NA,NA,21.5,0.02385525,23.3666665,6.205555555555556
11/14/24,0001,NA,NA,NA,12.781818,0.0349685,24.416666499999998,7.410185222222222
11/14/24,1006,NA,NA,NA,5.409091,0.04484675,17.3395835,4.109722222222222
11/14/24,1008,NA,NA,NA,7.814286,0.036495,27.2104165,6.5023147777777774
11/14/24,1014,NA,NA,NA,11.886364,0.0354935,60.3520835,12.009722222222223
11/14/24,1016,NA,NA,NA,10.681818,0.0357885,23.88690475,5.655026444444445
11/14/24,1026,NA,NA,NA,16.213636,0.03376475,26.3395835,7.506018555555555
11/15/24,0001,NA,NA,NA,2.854545,0.040669000000000004,20.122916500000002,6.207407444444445
11/15/24,1006,NA,NA,NA,2.713636,0.03762825,13.102083499999999,5.104629666666666
11/15/24,1008,NA,NA,NA,1.722727,0.039536,42.15,9.209661888888888
11/15/24,1014,NA,NA,NA,4.459091,0.035281999999999994,17.4875,5.709259222222222
11/15/24,1016,NA,NA,NA,3.190909,0.035636,20.86770825,6.457175944444445
11/15/24,1026,NA,NA,NA,3.940909,0.039315,20.470833499999998,6.202314777777778
11/16/24,0001,NA,NA,NA,9.109091,0.0300475,20.3979165,8.309722222222224
11/16/24,1006,NA,NA,NA,2.472727,0.038510749999999996,12.275,4.907407444444445
11/16/24,1008,NA,NA,NA,5.946667,0.02961725,19.3586955,6.804830888888889
11/16/24,1014,NA,NA,NA,6.040909,0.03411525,22.197916499999998,8.208796333333332
11/16/24,1016,NA,NA,NA,5.909091,0.03151,16.15,5.957870388888889
11/16/24,1026,NA,NA,NA,10.345455,0.02795125,22.1916665,8.709259222222222
11/17/24,0001,NA,NA,NA,10.709091,0.028928250000000003,18.41875,8.708796333333332
11/17/24,1006,NA,NA,NA,2.822727,0.039980749999999995,9.2020835,3.3078703333333332
11/17/24,1008,NA,NA,NA,7.45,0.030301250000000002,17.375,7.6
11/17/24,1014,NA,NA,NA,8.395455,0.0316915,27.10625,9.603703666666666
11/17/24,1016,NA,NA,NA,5.822727,0.03327775,13.72708325,6.1564815
11/17/24,1026,NA,NA,NA,15.436364,0.0245715,20.0791665,9.603703666666666
11/18/24,0001,NA,NA,NA,14.482353,0.021100999999999998,26.2104165,11.107870333333333
11/18/24,1006,NA,NA,NA,3.727273,0.03642775,14.3270835,5.8087963333333335
11/18/24,1008,NA,NA,NA,8.204545,0.028462,19.3895835,8.205092555555554
11/18/24,1014,NA,NA,NA,9.304545,0.03152325,37.3041665,10.909722222222223
11/18/24,1016,NA,NA,NA,9.195455,0.027186,16.31979175,6.553472222222222
11/18/24,1026,NA,NA,NA,12.240909,0.0269305,25.225,10.402777777777779
11/19/24,0001,NA,NA,NA,14.291667,0.0219315,21.1916665,9.006944444444445
11/19/24,1006,NA,NA,NA,3.509091,0.03980525,14.258333499999999,5.105092555555555
11/19/24,1008,NA,NA,NA,9.127273,0.02848025,23.229166499999998,9.907870333333333
11/19/24,1014,NA,NA,NA,9.359091,0.0318355,48.3770835,11.61064811111111
11/19/24,1016,NA,NA,NA,7.890909,0.030685999999999998,20.0239585,8.055092611
11/19/24,1026,NA,NA,NA,14.445455,0.024688250000000002,26.0375,10.807870333333334
11/20/24,0001,NA,NA,NA,22.45,0.020969500000000002,29.193182,8.303030333333334
11/20/24,1006,NA,NA,NA,3.845455,0.0482905,12.3541665,3.1
11/20/24,1008,NA,NA,NA,14.859091,0.024973250000000002,28.025,9.001851888888888
11/20/24,1014,NA,NA,NA,16.204545,0.031245,65.1,10.106481444444444
11/20/24,1016,NA,NA,NA,14.390476,0.02805275,24.69479175,5.954861111111112
11/20/24,1026,NA,NA,NA,26.418182,0.01877475,31.1645835,8.700925888888888
11/21/24,0001,NA,NA,NA,27.219048,0.01194225,32.3125,11.406481444444445
11/21/24,1006,NA,NA,NA,5.48,0.051582,12.0729165,2.7055555555555557
11/21/24,1008,NA,NA,NA,16.659091,0.02365825,30.466666500000002,9.806481444444445
11/21/24,1014,NA,NA,NA,25.513636,0.02297225,96.075,20.41064811111111
11/21/24,1016,NA,NA,NA,18.454545,0.0277725,28.260416499999998,8.560416666666667
11/21/24,1026,NA,NA,NA,27.772727,0.0190805,34.0395835,12.307407444444445
11/22/24,0001,NA,NA,NA,22.909091,0.01831125,31.15,12.808796333333333
11/22/24,1006,NA,NA,NA,6.036364,0.05011,15.4416665,4.602314777777777
11/22/24,1008,NA,NA,NA,11.436364,0.024862250000000002,21.283333499999998,8.008796333333333
11/22/24,1014,NA,NA,NA,23.595455,0.02232225,85.0020835,24.106018555555558
11/22/24,1016,NA,NA,NA,15.422727,0.02641075,27.911458500000002,9.1060185
11/22/24,1026,NA,NA,NA,18.913636,0.023216,25.4770835,10.307407444444445
11/23/24,0001,NA,NA,NA,8.942857,0.024876250000000003,15.2630435,7.4
11/23/24,1006,NA,NA,NA,5.118182,0.037754499999999996,13.4583335,5.009722222222222
11/23/24,1008,NA,NA,NA,4.495455,0.028465,15.4541665,6.8087963333333335
11/23/24,1014,NA,NA,NA,12.995455,0.023381,50.2354165,20.40787033333333
11/23/24,1016,NA,NA,NA,3.381818,0.029305,10.778125,5.358564833333333
11/23/24,1026,NA,NA,NA,8.027273,0.02500525,14.3333335,7.407870333333333
11/24/24,0001,NA,NA,NA,11.804545,0.0199535,13.4125,8.402777777777779
11/24/24,1006,NA,NA,NA,2.622727,0.032595,3.3208335,2.0037036666666665
11/24/24,1008,NA,NA,NA,4.186364,0.024057000000000002,10.0875,4.8069444444444445
11/24/24,1014,NA,NA,NA,10.05,0.02214925,28.0854165,17.804629666666667
11/24/24,1016,NA,NA,NA,4.804545,0.0238735,6.36666675,3.9546296666666665
11/24/24,1026,NA,NA,NA,10.922727,0.022456,14.3645835,9.303703666666667
11/25/24,0001,NA,NA,NA,17.786364,0.01529575,13.310416499999999,5.309722222222222
11/25/24,1006,NA,NA,NA,3.436364,0.038713,4.4729165,1.8023147777777777
11/25/24,1008,NA,NA,NA,14.854545,0.014798,22.025,10.306944444444445
11/25/24,1014,NA,NA,NA,17.704545,0.020066,54.35625,12.304629666666667
11/25/24,1016,NA,NA,NA,9.65,0.024503999999999998,10.62708325,3.8555555555555556
11/25/24,1026,NA,NA,NA,16.227273,0.01857975,12.3,5.307407444444444
11/26/24,0001,NA,NA,NA,20.295455,0.016392,20,7.404629666666667
11/26/24,1006,NA,NA,NA,5.96,0.0332085,7.1833335,2.009259222222222
11/26/24,1008,NA,NA,NA,10.85,0.020353,17.1625,6.110648111111111
11/26/24,1014,NA,NA,NA,19.604545,0.01856225,61.0333335,13.001388888888888
11/26/24,1016,NA,NA,NA,11.918182,0.0243855,13.1302085,4.003472222222222
11/26/24,1026,NA,NA,NA,20.404545,0.01729,18.0375,7.9032407777777784
11/27/24,0001,NA,NA,NA,14.8,0.01539875,14.4020835,6.004166666666666
11/27/24,1006,NA,NA,NA,4.890909,0.024764500000000002,6.4229164999999995,2.3060185555555552
11/27/24,1008,NA,NA,NA,7.463636,0.0215645,9.3020835,4.606481444444444
11/27/24,1014,NA,NA,NA,17.509091,0.012869,47.43125,14.801388888888889
11/27/24,1016,NA,NA,NA,7.895455,0.021651,11.384375,3.604629611111111
11/27/24,1026,NA,NA,NA,13.790909,0.017738,12.179166500000001,5.5023147777777774
11/28/24,0001,NA,NA,NA,10.681818,0.016082,17.4854165,10.202314777777778
11/28/24,1006,NA,NA,NA,2.513636,0.034994250000000005,8.4270835,2.3069444444444445
11/28/24,1008,NA,NA,NA,7.768182,0.022786,31.0354165,17.204166666666666
11/28/24,1014,NA,NA,NA,9.804545,0.02508325,39.175,14.306481444444445
11/28/24,1016,NA,NA,NA,5.295455,0.025723000000000003,11.229166750000001,5.302083333333333
11/28/24,1026,NA,NA,NA,13.359091,0.014839999999999999,24.08125,14.402777777777779
11/29/24,0001,NA,NA,NA,17.563636,0.01889825,19.4375,6.0023147777777774
11/29/24,1006,NA,NA,NA,3.095455,0.04092675,6.1729164999999995,1.5101852222222223
11/29/24,1008,NA,NA,NA,8.463636,0.02771675,28.4875,7.507870333333333
11/29/24,1014,NA,NA,NA,11.454545,0.02868875,69.1875,6.400463
11/29/24,1016,NA,NA,NA,9.709091,0.02789525,13.37708325,3.156713
11/29/24,1026,NA,NA,NA,20.731818,0.016837500000000002,20.0666665,6.404629666666667
11/30/24,0001,NA,NA,NA,15.7,0.02331875,19.1375,6.703240777777778
11/30/24,1006,NA,NA,NA,4.318182,0.044407749999999996,10.1916665,2.201851888888889
11/30/24,1008,NA,NA,NA,9.754545,0.0285,24.18125,6.010648111111111
11/30/24,1014,NA,NA,NA,7.554545,0.0356815,56.0145835,7.105092555555555
11/30/24,1016,NA,NA,NA,9.845455,0.0318935,14.63333325,3.555324111111111
11/30/24,1026,NA,NA,NA,19.386364,0.02119325,23.3125,8.705555555555556
12/1/24,0001,NA,NA,NA,15.195455,0.024364,31.325,14.800463
12/1/24,1006,NA,NA,NA,3.418182,0.04962925,13.4729165,3.4046296666666667
12/1/24,1008,NA,NA,NA,7.354545,0.03102175,21.1125,6.206481444444445
12/1/24,1014,NA,NA,NA,12.127273,0.03454,56.3979165,15.802314777777779
12/1/24,1016,NA,NA,NA,9.145455,0.03628425,19.915625,5.654398166666667
12/1/24,1026,NA,NA,NA,24.340909,0.02080675,29.404166500000002,13.11064811111111
12/2/24,0001,NA,NA,NA,20.25,0.0216825,26.435416500000002,10.400925888888889
12/2/24,1006,NA,NA,NA,4.881818,0.0533625,19.3375,5.210648111111111
12/2/24,1008,NA,NA,NA,10.895455,0.02500825,24.0875,9.208333333333332
12/2/24,1014,NA,NA,NA,19.190909,0.02790275,94.1895835,20.90833333333333
12/2/24,1016,NA,NA,NA,14.431818,0.031066,22.83854175,6.4511573888888885
12/2/24,1026,NA,NA,NA,25.163636,0.01885125,27.2416665,9.706944444444444
12/3/24,0001,NA,NA,NA,15.363636,0.0315355,37.208333499999995,16.104629666666668
12/3/24,1006,NA,NA,NA,7.195455,0.04542975,23.425,8.400925888888889
12/3/24,1008,NA,NA,NA,9.822727,0.02911425,24.29375,11.505092555555555
12/3/24,1014,NA,NA,NA,15.886364,0.0292585,76.1916665,21.00138888888889
12/3/24,1016,NA,NA,NA,14.759091,0.030675749999999998,31.1208335,12.955555555555556
12/3/24,1026,NA,NA,NA,18.013636,0.027499,31.302083500000002,14.708333333333332
12/4/24,0001,NA,NA,NA,12.427273,0.02344575,32.1229165,18.503703666666667
12/4/24,1006,NA,NA,NA,6.059091,0.046862,25.166666499999998,10.503240777777778
12/4/24,1008,NA,NA,NA,7.286364,0.02842675,23.4770835,12.801851888888889
12/4/24,1014,NA,NA,NA,10.1,0.0256415,67.1583335,27.70092588888889
12/4/24,1016,NA,NA,NA,8.713636,0.0284725,36.8739585,19.803472222222222
12/4/24,1026,NA,NA,NA,12.681818,0.029532000000000003,36.0583335,21.21064811111111
12/5/24,0001,NA,NA,NA,14.272727,0.021954750000000002,38.2041665,24.40879633333333
12/5/24,1006,NA,NA,NA,5.263636,0.046982750000000004,18.489583500000002,7.109259222222222
12/5/24,1008,NA,NA,NA,7.45,0.0256495,40.3847825,25.40096622222222
12/5/24,1014,NA,NA,NA,18.945455,0.02347825,77.41458349999999,41.00416666666667
12/5/24,1016,NA,NA,NA,7.259091,0.02997025,31.0833335,18.353935166666666
12/5/24,1026,NA,NA,NA,10.604545,0.03099025,48.45,29.503703666666667
12/6/24,0001,NA,NA,NA,20.8,0.017282,51.0354165,28.804166666666667
12/6/24,1006,NA,NA,NA,3.995455,0.0437665,13.15,3.708080777777778
12/6/24,1008,NA,NA,NA,14.76087,0.01706825,40.0875,25.807870333333334
12/6/24,1014,NA,NA,NA,26.272727,0.0187355,102.2791665,28.1
12/6/24,1016,NA,NA,NA,15.722727,0.023101,34.30208325,17.105787055555556
12/6/24,1026,NA,NA,NA,26.731818,0.010474250000000001,64.19375,37.006018555555556
12/7/24,0001,NA,NA,NA,17.240909,0.0252725,26.10625,8.009722222222223
12/7/24,1006,NA,NA,NA,2.195455,0.047231999999999996,9.133333499999999,2.7101852222222225
12/7/24,1008,NA,NA,NA,13.722727,0.0263315,32.4770835,13.61064811111111
12/7/24,1014,NA,NA,NA,15.836364,0.03098275,76.1875,14.006018555555556
12/7/24,1016,NA,NA,NA,7.654545,0.03594725,14.39375,4.0046296111111115
12/7/24,1026,NA,NA,NA,25.863636,0.01576825,24.427083500000002,9.205092555555554
12/8/24,0001,NA,NA,NA,8.436364,0.03513175,23.44375,11.500463
12/8/24,1006,NA,NA,NA,3.145455,0.050432500000000005,13.35,4.6101852222222215
12/8/24,1008,NA,NA,NA,6.268182,0.037793999999999994,23.439583499999998,11.410185222222223
12/8/24,1014,NA,NA,NA,10.418182,0.03247125,65.0895835,21.90972222222222
12/8/24,1016,NA,NA,NA,7.2,0.03621725,21.21979175,10.605555555555556
12/8/24,1026,NA,NA,NA,12.463636,0.03241675,25.34375,13.407407444444445
12/9/24,0001,NA,NA,NA,12.845455,0.025841250000000003,40.447916500000005,23.902314777777775
12/9/24,1006,NA,NA,NA,4.959091,0.04440925,18.458333500000002,5.602314777777777
12/9/24,1008,NA,NA,NA,7.904545,0.031038749999999997,27.1,16.9
12/9/24,1014,NA,NA,NA,10.086364,0.03229525,82.2458335,36.70231477777778
12/9/24,1016,NA,NA,NA,7.975,0.032088,34.13333325,18.609953722222222
12/9/24,1026,NA,NA,NA,12.527273,0.028484500000000003,39.48125,22.906018555555555
12/10/24,0001,NA,NA,NA,19.204545,0.0244825,38.489583499999995,7.009259222222222
12/10/24,1006,NA,NA,NA,2.936364,0.04437225,26.166666499999998,2.509259222222222
12/10/24,1008,NA,NA,NA,8.566667,0.035091500000000005,NA,NA
12/10/24,1014,NA,NA,NA,4.813636,0.0413315,129.1166665,8.206481444444444
12/10/24,1016,NA,NA,NA,12.013636,0.031991,37.067708249999995,4.155555555555555
12/10/24,1026,NA,NA,NA,23.377273,0.01996975,39.3395835,7.2027777777777775
12/11/24,0001,NA,NA,NA,28.155,0.0144965,28.1086955,6.001932333333333
12/11/24,1006,NA,NA,NA,4.286364,0.04357925,7.43125,1.4064814444444445
12/11/24,1008,NA,NA,NA,17.6125,0.01975,NA,NA
12/11/24,1014,NA,NA,NA,20.354545,0.021531,96.72,7.5
12/11/24,1016,NA,NA,NA,18.57619,0.0217525,25.6291665,4.007175888888889
12/11/24,1026,NA,NA,NA,32.26,0.00596175,30.0041665,6.703703666666667
12/12/24,0001,NA,NA,NA,12.35,0.03287925,31.0166665,10.304166666666667
12/12/24,1006,NA,NA,NA,4.381818,0.040529499999999996,17.4229165,5.907407444444445
12/12/24,1008,NA,NA,NA,9.854167,0.0301985,NA,NA
12/12/24,1014,NA,NA,NA,14.377273,0.03111175,NA,NA
12/12/24,1016,NA,NA,NA,13.38,0.02839475,26.8886365,8.057828333333333
12/12/24,1026,NA,NA,NA,15.231818,0.02796625,32.3152175,10.906763333333334
12/13/24,0001,NA,NA,NA,12.954545,0.022662,23.2416665,9.710185222222222
12/13/24,1006,NA,NA,NA,3.509091,0.0361685,15.279166499999999,6.000463
12/13/24,1008,NA,NA,NA,7.625,0.029422749999999998,NA,NA
12/13/24,1014,NA,NA,NA,10.272727,0.025264500000000002,NA,NA
12/13/24,1016,NA,NA,NA,9.190909,0.025502,19.8458335,8.003935166666666
12/13/24,1026,NA,NA,NA,13.854545,0.022942499999999998,25.4520835,11.201388888888888
12/14/24,0001,NA,NA,NA,15.372727,0.022912250000000002,32.322916500000005,15.303240777777779
12/14/24,1006,NA,NA,NA,3.363636,0.040378250000000004,12.279166499999999,4.607870333333333
12/14/24,1008,NA,NA,NA,7.063636,0.0297915,NA,NA
12/14/24,1014,NA,NA,NA,12.1,0.02765975,NA,NA
12/14/24,1016,NA,NA,NA,8.718182,0.0282315,23.94375,10.50787038888889
12/14/24,1026,NA,NA,NA,17.409091,0.02076525,34.0479165,16.700463
12/15/24,0001,NA,NA,NA,8.459091,0.02778775,15.21875,7.205092555555556
12/15/24,1006,NA,NA,NA,2.886364,0.0431405,10.2333335,4.101851888888889
12/15/24,1008,NA,NA,NA,5.640909,0.029423,NA,NA
12/15/24,1014,NA,NA,NA,7.763636,0.02768775,NA,NA
12/15/24,1016,NA,NA,NA,3.995455,0.03177925,13.0979165,6.154861111111111
12/15/24,1026,NA,NA,NA,10.827273,0.027357,19.091666500000002,9.406481444444445
12/16/24,0001,NA,NA,NA,17.909091,0.0216415,28.154166500000002,10.410648111111112
12/16/24,1006,NA,NA,NA,4.222727,0.04946275,11.0770835,2.703240777777778
12/16/24,1008,NA,NA,NA,15.781818,0.01969925,NA,NA
12/16/24,1014,NA,NA,NA,19.75,0.02222025,NA,NA
12/16/24,1016,NA,NA,NA,10.890476,0.02914725,20.60208325,7.654166666666667
12/16/24,1026,NA,NA,NA,18.395455,0.02016925,26.377083499999998,11.209722222222222
12/17/24,0001,NA,NA,NA,20.478947,0.0194455,30.095833499999998,13.002777777777778
12/17/24,1006,NA,NA,NA,4.168182,0.04721775,11.439583500000001,2.8032407777777775
12/17/24,1008,NA,NA,NA,11.745455,0.02426375,NA,NA
12/17/24,1014,NA,NA,NA,16.440909,0.02991375,NA,NA
12/17/24,1016,NA,NA,NA,14.747619,0.0276,23.36041675,7.408333333333333
12/17/24,1026,NA,NA,NA,22.990909,0.017176,27.2238095,11.006878333333333
12/18/24,0001,NA,NA,NA,17.372727,0.01839225,18.05,7.310648111111111
12/18/24,1006,NA,NA,NA,2.668182,0.04686475,11.28125,2.3050925555555555
12/18/24,1008,NA,NA,NA,10.45,0.02806225,NA,NA
12/18/24,1014,NA,NA,NA,11.959091,0.02845875,NA,NA
12/18/24,1016,NA,NA,NA,16.604762,0.02145575,20.69166675,5.605787
12/18/24,1026,NA,NA,NA,18.138889,0.01690925,21.3479165,9.000925888888888
12/19/24,0001,NA,NA,NA,16.577273,0.016760749999999998,22.109524,12.504232777777778
12/19/24,1006,NA,NA,NA,6.868182,0.0436945,15.022916500000001,3.8032407777777775
12/19/24,1008,NA,NA,NA,11.331818,0.0217555,NA,NA
12/19/24,1014,NA,NA,NA,20.758333,0.02418775,NA,NA
12/19/24,1016,NA,NA,NA,22.32,0.01865625,24.9364585,7.205324111111111
12/19/24,1026,NA,NA,NA,20.15,0.01583575,28.127083499999998,15.400463
12/20/24,0001,NA,NA,NA,21.377273,0.0151875,40.270833499999995,21.200463
12/20/24,1006,NA,NA,NA,7.868182,0.043603249999999996,23.458333500000002,5.807407444444444
12/20/24,1008,NA,NA,NA,9.181818,0.02796025,NA,NA
12/20/24,1014,NA,NA,NA,24.972727,0.02245825,NA,NA
12/20/24,1016,NA,NA,NA,15.072727,0.02353725,30.77291675,10.801620333333332
12/20/24,1026,NA,NA,NA,21.327273,0.015362250000000001,32.1875,19.302314777777777
12/21/24,0001,NA,NA,NA,16.886364,0.0195495,36.2833335,22.110185222222224
12/21/24,1006,NA,NA,NA,3.954545,0.05288925,21.4229165,6.105092555555555
12/21/24,1008,NA,NA,NA,7.554545,0.026319000000000002,NA,NA
12/21/24,1014,NA,NA,NA,22.863636,0.0253435,NA,NA
12/21/24,1016,NA,NA,NA,7.240909,0.02796,18.2520835,10.052314777777779
12/21/24,1026,NA,NA,NA,11.4,0.025108,24.154166500000002,14.203240777777777
12/22/24,0001,NA,NA,NA,12.731818,0.02303725,37.4208335,19.70185188888889
12/22/24,1006,NA,NA,NA,3.618182,0.04470175,13.45,4.602314777777777
12/22/24,1008,NA,NA,NA,6.831818,0.025859,NA,NA
12/22/24,1014,NA,NA,NA,13.495455,0.0247565,NA,NA
12/22/24,1016,NA,NA,NA,6.686364,0.027818,22.28958325,11.20509261111111
12/22/24,1026,NA,NA,NA,14.718182,0.0186255,29.1104165,16.003240777777776
12/23/24,0001,NA,NA,NA,11.48125,0.0184085,28.171739000000002,13.702415444444444
12/23/24,1006,NA,NA,NA,5.368182,0.03712775,12.44375,3.5069444444444446
12/23/24,1008,NA,NA,NA,6.131818,0.02477325,NA,NA
12/23/24,1014,NA,NA,NA,12.65,0.019133499999999998,NA,NA
12/23/24,1016,NA,NA,NA,6.755,0.02337575,20.97604175,9.555092611
12/23/24,1026,NA,NA,NA,12.918182,0.0206625,26.2375,13.501851888888888
12/24/24,0001,NA,NA,NA,7.838095,0.0273955,20.3434785,10.908695666666667
12/24/24,1006,NA,NA,NA,4,0.0334165,11.48125,5.303703666666666
12/24/24,1008,NA,NA,NA,5.21,0.02778,NA,NA
12/24/24,1014,NA,NA,NA,11.227273,0.02182825,NA,NA
12/24/24,1016,NA,NA,NA,6.533333,0.02306425,12.65833325,7.353703722222222
12/24/24,1026,NA,NA,NA,9.559091,0.0225875,18.4958335,10.806018555555557
12/25/24,0001,NA,NA,NA,7.168182,0.03030025,26.3604165,15.003240777777778
12/25/24,1006,NA,NA,NA,2.55,0.039682499999999996,12.11875,5.5023147777777774
12/25/24,1008,NA,NA,NA,5.386364,0.031906500000000004,NA,NA
12/25/24,1014,NA,NA,NA,4.618182,0.0323585,NA,NA
12/25/24,1016,NA,NA,NA,4.190909,0.030713499999999998,17.73020825,8.204398111
12/25/24,1026,NA,NA,NA,8.168182,0.02838825,27.1604165,15.008333333333333
12/26/24,0001,NA,NA,NA,12.981818,0.0193355,29.002083499999998,13.208333333333332
12/26/24,1006,NA,NA,NA,5.290909,0.03915275,14.31875,5.203703666666667
12/26/24,1008,NA,NA,NA,8.377273,0.0232535,NA,NA
12/26/24,1014,NA,NA,NA,12.563636,0.0249815,NA,NA
12/26/24,1016,NA,NA,NA,10.21,0.0226155,18.7489585,7.307870388888889
12/26/24,1026,NA,NA,NA,17.727273,0.01362375,30.1729165,13.707407444444444
12/27/24,0001,NA,NA,NA,13.486364,0.022403,34.2979165,13.604166666666666
12/27/24,1006,NA,NA,NA,5.313636,0.03352025,15.008333499999999,5.502777777777778
12/27/24,1008,NA,NA,NA,6.990909,0.0275835,NA,NA
12/27/24,1014,NA,NA,NA,11.631818,0.02488225,NA,NA
12/27/24,1016,NA,NA,NA,11,0.0229115,19.31875,7.957638888888889
12/27/24,1026,NA,NA,NA,13.554545,0.02206275,26.220833499999998,12.004166666666666
12/28/24,0001,NA,NA,NA,9.527273,0.01890325,19.3395835,10.606018555555556
12/28/24,1006,NA,NA,NA,4.877273,0.036526249999999996,11.2854165,4.608333333333333
12/28/24,1008,NA,NA,NA,6.036364,0.02347875,NA,NA
12/28/24,1014,NA,NA,NA,7.627273,0.020747250000000002,NA,NA
12/28/24,1016,NA,NA,NA,4.831818,0.024782250000000002,16.81041675,8.853240722222221
12/28/24,1026,NA,NA,NA,11.840909,0.019591,21.497916500000002,12.706018555555556
12/29/24,0001,NA,NA,NA,10.045455,0.01917075,29.0625,17.907407444444445
12/29/24,1006,NA,NA,NA,4.086364,0.0402225,10.4479165,4.808333333333334
12/29/24,1008,NA,NA,NA,5.427273,0.02641775,NA,NA
12/29/24,1014,NA,NA,NA,11.272727,0.02197075,NA,NA
12/29/24,1016,NA,NA,NA,4.013636,0.0237975,20.1729165,12.809953666666667
12/29/24,1026,NA,NA,NA,8.540909,0.025214,35.0791665,21.605092555555558
12/30/24,0001,NA,NA,NA,9.886364,0.022866499999999998,21.260416499999998,12.308796333333333
12/30/24,1006,NA,NA,NA,4.711765,0.0370145,11.3333335,4.606944444444444
12/30/24,1008,NA,NA,NA,6.118182,0.02586025,21.145455,8.790909
12/30/24,1014,NA,NA,NA,6,0.02387125,NA,NA
12/30/24,1016,NA,NA,NA,5.986364,0.024452250000000002,16.240625,8.504861111111111
12/30/24,1026,NA,NA,NA,9.863636,0.0247275,22.095833499999998,11.608796333333332
12/31/24,0001,NA,NA,NA,9.327273,0.02615775,31.345833499999998,19.705092555555556
12/31/24,1006,NA,NA,NA,5.222727,0.0368405,17.314583499999998,6.2027777777777775
12/31/24,1008,NA,NA,NA,3.686364,0.0312615,21.3795455,12.008080777777778
12/31/24,1014,NA,NA,NA,10.486364,0.02235675,NA,NA
12/31/24,1016,NA,NA,NA,5.127273,0.02657975,22.28645825,12.302083333333334
12/31/24,1026,NA,NA,NA,8.172727,0.02798875,28.0166665,16.104166666666668
1/1/24,1201,NA,NA,NA,NA,0.0100675,NA,3.2070833
1/1/24,9991,NA,NA,NA,NA,0.044278,NA,NA
1/2/24,1201,NA,NA,NA,NA,0.0184495,NA,2.76
1/2/24,9991,NA,NA,NA,NA,0.04534975,NA,NA
1/3/24,1201,NA,NA,NA,NA,0.01004475,NA,2.96625
1/3/24,9991,NA,NA,NA,NA,0.04101325,NA,NA
1/4/24,1201,NA,NA,NA,NA,0.0160245,NA,2.5154167
1/4/24,9991,NA,NA,NA,NA,0.04066275,NA,NA
1/5/24,1201,NA,NA,NA,NA,0.017257250000000002,NA,2.3575
1/5/24,9991,NA,NA,NA,NA,0.042113750000000005,NA,NA
1/6/24,1201,NA,NA,NA,NA,0.01917875,NA,2.7133333
1/6/24,9991,NA,NA,NA,NA,0.042091,NA,NA
1/7/24,1201,NA,NA,NA,NA,0.019036749999999998,NA,2.4095834000000003
1/7/24,9991,NA,NA,NA,NA,0.03969925,NA,NA
1/8/24,1201,NA,NA,NA,NA,0.012099,NA,2.01125
1/8/24,9991,NA,NA,NA,NA,0.039486,NA,NA
1/9/24,1201,NA,NA,NA,NA,0.012483000000000001,NA,1.8591667
1/9/24,9991,NA,NA,NA,NA,0.039559250000000004,NA,NA
1/10/24,1201,NA,NA,NA,NA,0.016557,NA,2.7020833
1/10/24,9991,NA,NA,NA,NA,0.03903825,NA,NA
1/11/24,1201,NA,NA,NA,NA,0.020740500000000002,NA,2.25875
1/11/24,9991,NA,NA,NA,NA,0.04412725,NA,NA
1/12/24,1201,NA,NA,NA,NA,0.0137395,NA,2.2516667
1/12/24,9991,NA,NA,NA,NA,0.04441625,NA,NA
1/13/24,1201,NA,NA,NA,NA,0.0172465,NA,2.45875
1/13/24,9991,NA,NA,NA,NA,0.045363,NA,NA
1/14/24,1201,NA,NA,NA,NA,0.019073,NA,3.6133334
1/14/24,9991,NA,NA,NA,NA,0.0447215,NA,NA
1/15/24,1201,NA,NA,NA,NA,0.0128795,NA,3.8570832999999998
1/15/24,9991,NA,NA,NA,NA,0.045878749999999996,NA,NA
1/16/24,1201,NA,NA,NA,NA,0.015748250000000002,NA,8.713750000000001
1/16/24,9991,NA,NA,NA,NA,0.04605525,NA,NA
1/17/24,1201,NA,NA,NA,NA,0.0202955,NA,10.30625
1/17/24,9991,NA,NA,NA,NA,0.042764,NA,NA
1/18/24,1201,NA,NA,NA,NA,0.01425325,NA,5.2129166
1/18/24,9991,NA,NA,NA,NA,0.046210749999999995,NA,NA
1/19/24,1201,NA,NA,NA,NA,0.02432525,NA,4.1533334
1/19/24,9991,NA,NA,NA,NA,0.03556725,NA,NA
1/20/24,1201,NA,NA,NA,NA,0.01592525,NA,4.1658334
1/20/24,9991,NA,NA,NA,NA,0.03101675,NA,NA
1/21/24,1201,NA,NA,NA,NA,0.02454175,NA,2.5145834000000002
1/21/24,9991,NA,NA,NA,NA,0.037511749999999996,NA,NA
1/22/24,1201,NA,NA,NA,NA,0.0154515,NA,1.70875
1/22/24,9991,NA,NA,NA,NA,0.03583525,NA,NA
1/23/24,1201,NA,NA,NA,NA,0.022637499999999998,NA,3.1091667
1/23/24,9991,NA,NA,NA,NA,0.0356405,NA,NA
1/24/24,1201,NA,NA,NA,NA,0.016639,NA,4.0516667
1/24/24,9991,NA,NA,NA,NA,0.03273675,NA,NA
1/25/24,1201,NA,NA,NA,NA,0.015725,NA,3.1508333
1/25/24,9991,NA,NA,NA,NA,0.03743575,NA,NA
1/26/24,1201,NA,NA,NA,NA,0.017424000000000002,NA,2.5116667
1/26/24,9991,NA,NA,NA,NA,0.044338,NA,NA
1/27/24,1201,NA,NA,NA,NA,0.0190925,NA,1.7166666
1/27/24,9991,NA,NA,NA,NA,0.04445125,NA,NA
1/28/24,1201,NA,NA,NA,NA,0.017825,NA,1.7591667
1/28/24,9991,NA,NA,NA,NA,0.042186,NA,NA
1/29/24,1201,NA,NA,NA,NA,0.01661825,NA,2.1604166
1/29/24,9991,NA,NA,NA,NA,0.045683749999999995,NA,NA
1/30/24,1201,NA,NA,NA,NA,0.019417999999999998,NA,2.6087499999999997
1/30/24,9991,NA,NA,NA,NA,0.0491025,NA,NA
1/31/24,1201,NA,NA,NA,NA,0.0173525,NA,3.7154166999999996
1/31/24,9991,NA,NA,NA,NA,0.047916,NA,NA
2/1/24,1201,NA,NA,NA,NA,0.01383975,NA,3.06875
2/1/24,9991,NA,NA,NA,NA,0.043869,NA,NA
2/2/24,1201,NA,NA,NA,NA,0.01659375,NA,1.9066667
2/2/24,9991,NA,NA,NA,NA,0.04273375,NA,NA
2/3/24,1201,NA,NA,NA,NA,0.0149915,NA,2.6183332999999998
2/3/24,9991,NA,NA,NA,NA,0.04362675,NA,NA
2/4/24,1201,NA,NA,NA,NA,0.017958750000000002,NA,2.5145834000000002
2/4/24,9991,NA,NA,NA,NA,0.04045425,NA,NA
2/5/24,1201,NA,NA,NA,NA,0.0188405,NA,0.8108334
2/5/24,9991,NA,NA,NA,NA,0.0360865,NA,NA
2/6/24,1201,NA,NA,NA,NA,0.02197875,NA,0.9133333
2/6/24,9991,NA,NA,NA,NA,0.04364575,NA,NA
2/7/24,1201,NA,NA,NA,NA,0.021741,NA,1.5166666
2/7/24,9991,NA,NA,NA,NA,0.04146425,NA,NA
2/8/24,1201,NA,NA,NA,NA,0.023447,NA,1.9554166
2/8/24,9991,NA,NA,NA,NA,0.04418325,NA,NA
2/9/24,1201,NA,NA,NA,NA,0.016361,NA,1.4116666
2/9/24,9991,NA,NA,NA,NA,0.044449,NA,NA
2/10/24,1201,NA,NA,NA,NA,0.0132005,NA,2.0604166999999998
2/10/24,9991,NA,NA,NA,NA,0.040474750000000004,NA,NA
2/11/24,1201,NA,NA,NA,NA,0.014182499999999999,NA,1.9058333
2/11/24,9991,NA,NA,NA,NA,0.0396535,NA,NA
2/12/24,1201,NA,NA,NA,NA,0.0156145,NA,1.95375
2/12/24,9991,NA,NA,NA,NA,0.043734749999999996,NA,NA
2/13/24,1201,NA,NA,NA,NA,0.01593425,NA,2.60125
2/13/24,9991,NA,NA,NA,NA,0.051274,NA,NA
2/14/24,1201,NA,NA,NA,NA,0.0159205,NA,2.86375
2/14/24,9991,NA,NA,NA,NA,0.0497475,NA,NA
2/15/24,1201,NA,NA,NA,NA,0.0141445,NA,3.6108334
2/15/24,9991,NA,NA,NA,NA,0.045233499999999996,NA,NA
2/16/24,1201,NA,NA,NA,NA,0.015941999999999998,NA,4.7608333
2/16/24,9991,NA,NA,NA,NA,0.050673750000000004,NA,NA
2/17/24,1201,NA,NA,NA,NA,0.0159615,NA,5.06375
2/17/24,9991,NA,NA,NA,NA,0.0471475,NA,NA
2/18/24,1201,NA,NA,NA,NA,0.01381125,NA,3.4054166
2/18/24,9991,NA,NA,NA,NA,0.03899425,NA,NA
2/19/24,1201,NA,NA,NA,NA,0.01215075,NA,2.30625
2/19/24,9991,NA,NA,NA,NA,0.0342415,NA,NA
2/20/24,1201,NA,NA,NA,NA,0.01164925,NA,1.3554166
2/20/24,9991,NA,NA,NA,NA,0.028077,NA,NA
2/21/24,1201,NA,NA,NA,NA,0.01587375,NA,1.3541667
2/21/24,9991,NA,NA,NA,NA,0.0396745,NA,NA
2/22/24,1201,NA,NA,NA,NA,0.0127615,NA,2.1666667
2/22/24,9991,NA,NA,NA,NA,0.04549175,NA,NA
2/23/24,1201,NA,NA,NA,NA,0.01599025,NA,1.90875
2/23/24,9991,NA,NA,NA,NA,0.045267249999999995,NA,NA
2/24/24,1201,NA,NA,NA,NA,0.018014750000000003,NA,2.0533333
2/24/24,9991,NA,NA,NA,NA,0.04744775,NA,NA
2/25/24,1201,NA,NA,NA,NA,0.017375500000000002,NA,2.9641666
2/25/24,9991,NA,NA,NA,NA,0.050368,NA,NA
2/26/24,1201,NA,NA,NA,NA,0.012221,NA,4.16125
2/26/24,9991,NA,NA,NA,NA,0.03897425,NA,NA
2/27/24,1201,NA,NA,NA,NA,0.01725975,NA,4.3083333999999995
2/27/24,9991,NA,NA,NA,NA,0.03926075,NA,NA
2/28/24,1201,NA,NA,NA,NA,0.01562025,NA,3.61
2/28/24,9991,NA,NA,NA,NA,0.045780749999999995,NA,NA
2/29/24,1201,NA,NA,NA,NA,0.0198945,NA,3.9562500000000003
2/29/24,9991,NA,NA,NA,NA,0.0403205,NA,NA
3/1/24,1201,NA,NA,NA,NA,0.0190695,NA,2.2625
3/1/24,9991,NA,NA,NA,NA,0.039218,NA,NA
3/2/24,1201,NA,NA,NA,NA,0.0193395,NA,1.1079167
3/2/24,9991,NA,NA,NA,NA,0.038585999999999995,NA,NA
3/3/24,1201,NA,NA,NA,NA,0.01575075,NA,2.1087499999999997
3/3/24,9991,NA,NA,NA,NA,0.04121975,NA,NA
3/4/24,1201,NA,NA,NA,NA,0.0187495,NA,2.2579167
3/4/24,9991,NA,NA,NA,NA,0.0393705,NA,NA
3/5/24,1201,NA,NA,NA,NA,0.01932325,NA,2.60375
3/5/24,9991,NA,NA,NA,NA,0.0402855,NA,NA
3/6/24,1201,NA,NA,NA,NA,0.017051,NA,2.1666667
3/6/24,9991,NA,NA,NA,NA,0.038299,NA,NA
3/7/24,1201,NA,NA,NA,NA,0.017905,NA,1.8070833
3/7/24,9991,NA,NA,NA,NA,0.03899925,NA,NA
3/8/24,1201,NA,NA,NA,NA,0.01422,NA,2.8600000000000003
3/8/24,9991,NA,NA,NA,NA,0.04104925,NA,NA
3/9/24,1201,NA,NA,NA,NA,0.01767525,NA,3.1629166
3/9/24,9991,NA,NA,NA,NA,0.04764775,NA,NA
3/10/24,1201,NA,NA,NA,NA,0.01821975,NA,3.0583333
3/10/24,9991,NA,NA,NA,NA,0.049397250000000004,NA,NA
3/11/24,1201,NA,NA,NA,NA,0.01727075,NA,2.715
3/11/24,9991,NA,NA,NA,NA,0.0439325,NA,NA
3/12/24,1201,NA,NA,NA,NA,0.017621,NA,2.71375
3/12/24,9991,NA,NA,NA,NA,0.03997925,NA,NA
3/13/24,1201,NA,NA,NA,NA,0.02071175,NA,3.2525
3/13/24,9991,NA,NA,NA,NA,0.0414145,NA,NA
3/14/24,1201,NA,NA,NA,NA,0.02360975,NA,3.8633334
3/14/24,9991,NA,NA,NA,NA,0.0444875,NA,NA
3/15/24,1201,NA,NA,NA,NA,0.021532000000000003,NA,1.7079166
3/15/24,9991,NA,NA,NA,NA,0.0409945,NA,NA
3/16/24,1201,NA,NA,NA,NA,0.0155485,NA,2.4054167
3/16/24,9991,NA,NA,NA,NA,0.043345,NA,NA
3/17/24,1201,NA,NA,NA,NA,0.016785,NA,2.9625
3/17/24,9991,NA,NA,NA,NA,0.04737,NA,NA
3/18/24,1201,NA,NA,NA,NA,0.0121825,NA,2.6141666
3/18/24,9991,NA,NA,NA,NA,0.0491855,NA,NA
3/19/24,1201,NA,NA,NA,NA,0.01981125,NA,2.6041667
3/19/24,9991,NA,NA,NA,NA,0.0511465,NA,NA
3/20/24,1201,NA,NA,NA,NA,0.02106425,NA,3.4145833
3/20/24,9991,NA,NA,NA,NA,0.056851,NA,NA
3/21/24,1201,NA,NA,NA,NA,0.02357225,NA,4.76375
3/21/24,9991,NA,NA,NA,NA,0.05489625,NA,NA
3/22/24,1201,NA,NA,NA,NA,0.02071375,NA,4.4583333000000005
3/22/24,9991,NA,NA,NA,NA,0.051977999999999996,NA,NA
3/23/24,1201,NA,NA,NA,NA,0.01788425,NA,3.60875
3/23/24,9991,NA,NA,NA,NA,0.0434135,NA,NA
3/24/24,1201,NA,NA,NA,NA,0.02323925,NA,2.80375
3/24/24,9991,NA,NA,NA,NA,0.044315,NA,NA
3/25/24,1201,NA,NA,NA,NA,0.01752775,NA,3.05875
3/25/24,9991,NA,NA,NA,NA,0.04133875,NA,NA
3/26/24,1201,NA,NA,NA,NA,0.02019425,NA,3.46
3/26/24,9991,NA,NA,NA,NA,0.0458965,NA,NA
3/27/24,1201,NA,NA,NA,NA,0.02134025,NA,3.9562500000000003
3/27/24,9991,NA,NA,NA,NA,0.05546525,NA,NA
3/28/24,1201,NA,NA,NA,NA,0.008645,NA,3.6033333
3/28/24,9991,NA,NA,NA,NA,0.0488865,NA,NA
3/29/24,1201,NA,NA,NA,NA,0.01780925,NA,2.9108333
3/29/24,9991,NA,NA,NA,NA,0.04834075,NA,NA
3/30/24,1201,NA,NA,NA,NA,0.013927,NA,1.7145833
3/30/24,9991,NA,NA,NA,NA,0.04350975,NA,NA
3/31/24,1201,NA,NA,NA,NA,0.012636,NA,1.4525000000000001
3/31/24,9991,NA,NA,NA,NA,0.0464895,NA,NA
4/1/24,1201,NA,NA,NA,NA,0.0204355,NA,1.6166667
4/1/24,9991,NA,NA,NA,NA,0.04649375,NA,NA
4/2/24,1201,NA,NA,NA,NA,0.019828,NA,2.25375
4/2/24,9991,NA,NA,NA,NA,0.049562999999999996,NA,NA
4/3/24,1201,NA,NA,NA,NA,0.024566,NA,3.06
4/3/24,9991,NA,NA,NA,NA,0.057210750000000005,NA,NA
4/4/24,1201,NA,NA,NA,NA,0.0246,NA,3.4154166
4/4/24,9991,NA,NA,NA,NA,0.0467655,NA,NA
4/5/24,1201,NA,NA,NA,NA,0.0250505,NA,1.8125
4/5/24,9991,NA,NA,NA,NA,0.046702,NA,NA
4/6/24,1201,NA,NA,NA,NA,0.02027425,NA,2.9083333000000002
4/6/24,9991,NA,NA,NA,NA,0.0477965,NA,NA
4/7/24,1201,NA,NA,NA,NA,0.020883,NA,2.8570834
4/7/24,9991,NA,NA,NA,NA,0.0495675,NA,NA
4/8/24,1201,NA,NA,NA,NA,0.02063975,NA,3.2645834
4/8/24,9991,NA,NA,NA,NA,0.05257575,NA,NA
4/9/24,1201,NA,NA,NA,NA,0.026152,NA,3.06375
4/9/24,9991,NA,NA,NA,NA,0.057338,NA,NA
4/10/24,1201,NA,NA,NA,NA,0.032471,NA,3.4108334
4/10/24,9991,NA,NA,NA,NA,0.054440249999999996,NA,NA
4/11/24,1201,NA,NA,NA,NA,0.0292665,NA,4.5170833
4/11/24,9991,NA,NA,NA,NA,0.058674250000000004,NA,NA
4/12/24,1201,NA,NA,NA,NA,0.02338475,NA,5.3575
4/12/24,9991,NA,NA,NA,NA,0.05893825,NA,NA
4/13/24,1201,NA,NA,NA,NA,0.030098,NA,3.4041666999999998
4/13/24,9991,NA,NA,NA,NA,0.048696500000000004,NA,NA
4/14/24,1201,NA,NA,NA,NA,0.02782325,NA,1.5141666
4/14/24,9991,NA,NA,NA,NA,0.04824825,NA,NA
4/15/24,1201,NA,NA,NA,NA,0.02606775,NA,2.1558333
4/15/24,9991,NA,NA,NA,NA,0.0572525,NA,NA
4/16/24,1201,NA,NA,NA,NA,0.02787075,NA,3.2620834
4/16/24,9991,NA,NA,NA,NA,0.056185333,NA,NA
4/17/24,1201,NA,NA,NA,NA,0.02966425,NA,3.50875
4/17/24,9991,NA,NA,NA,NA,0.071028,NA,NA
4/18/24,1201,NA,NA,NA,NA,0.02654475,NA,4.4091667
4/18/24,9991,NA,NA,NA,NA,0.06649275,NA,NA
4/19/24,1201,NA,NA,NA,NA,0.033037250000000004,NA,4.91125
4/19/24,9991,NA,NA,NA,NA,0.0546445,NA,NA
4/20/24,1201,NA,NA,NA,NA,0.02841925,NA,4.7008333
4/20/24,9991,NA,NA,NA,NA,0.0562865,NA,NA
4/21/24,1201,NA,NA,NA,NA,0.02852525,NA,5.6095833
4/21/24,9991,NA,NA,NA,NA,0.059080999999999995,NA,NA
4/22/24,1201,NA,NA,NA,NA,0.029258,NA,5.1545834
4/22/24,9991,NA,NA,NA,NA,0.056466,NA,NA
4/23/24,1201,NA,NA,NA,NA,0.02886125,NA,3.5041666
4/23/24,9991,NA,NA,NA,NA,0.03845125,NA,NA
4/24/24,1201,NA,NA,NA,NA,0.03254125,NA,3.4583334
4/24/24,9991,NA,NA,NA,NA,0.03864475,NA,NA
4/25/24,1201,NA,NA,NA,NA,0.02770725,NA,2.1525
4/25/24,9991,NA,NA,NA,NA,0.0425905,NA,NA
4/26/24,1201,NA,NA,NA,NA,0.02478,NA,2.9595833
4/26/24,9991,NA,NA,NA,NA,0.03768225,NA,NA
4/27/24,1201,NA,NA,NA,NA,0.0254985,NA,4.1579167
4/27/24,9991,NA,NA,NA,NA,0.042066,NA,NA
4/28/24,1201,NA,NA,NA,NA,0.021764,NA,4.0091666
4/28/24,9991,NA,NA,NA,NA,0.05177125,NA,NA
4/29/24,1201,NA,NA,NA,NA,0.021788000000000002,NA,4.0625
4/29/24,9991,NA,NA,NA,NA,0.05478925,NA,NA
4/30/24,1201,NA,NA,NA,NA,0.0233295,NA,4.96
4/30/24,9991,NA,NA,NA,NA,0.05452,NA,NA
5/1/24,1201,NA,NA,NA,NA,0.0296995,NA,5.2616667
5/1/24,9991,NA,NA,NA,NA,0.05635,NA,NA
5/2/24,1201,NA,NA,NA,NA,0.02611425,NA,5.8070833
5/2/24,9991,NA,NA,NA,NA,0.06234125,NA,NA
5/3/24,1201,NA,NA,NA,NA,0.036035,NA,5.7070834
5/3/24,9991,NA,NA,NA,NA,0.06309925,NA,NA
5/4/24,1201,NA,NA,NA,NA,0.029583,NA,4.6154166
5/4/24,9991,NA,NA,NA,NA,0.045476249999999996,NA,NA
5/5/24,1201,NA,NA,NA,NA,0.026353249999999998,NA,2.80875
5/5/24,9991,NA,NA,NA,NA,0.0401795,NA,NA
5/6/24,1201,NA,NA,NA,NA,0.02401875,NA,3.6591667
5/6/24,9991,NA,NA,NA,NA,0.051374249999999996,NA,NA
5/7/24,1201,NA,NA,NA,NA,0.02851975,NA,4.1529166
5/7/24,9991,NA,NA,NA,NA,0.0520065,NA,NA
5/8/24,1201,NA,NA,NA,NA,0.02902025,NA,5.1645833
5/8/24,9991,NA,NA,NA,NA,0.061986,NA,NA
5/9/24,1201,NA,NA,NA,NA,0.029205000000000002,NA,5.9583333
5/9/24,9991,NA,NA,NA,NA,0.05717175,NA,NA
5/10/24,1201,NA,NA,NA,NA,0.02767225,NA,6.6070833
5/10/24,9991,NA,NA,NA,NA,0.059914749999999996,NA,NA
5/11/24,1201,NA,NA,NA,NA,0.0361465,NA,5.8533333
5/11/24,9991,NA,NA,NA,NA,0.05757625,NA,NA
5/12/24,1201,NA,NA,NA,NA,0.030894249999999998,NA,4.8545834
5/12/24,9991,NA,NA,NA,NA,0.061734,NA,NA
5/13/24,1201,NA,NA,NA,NA,0.029004500000000003,NA,4.8095833
5/13/24,9991,NA,NA,NA,NA,0.0622135,NA,NA
5/14/24,1201,NA,NA,NA,NA,0.032724,NA,4.1591667
5/14/24,9991,NA,NA,NA,NA,0.06006775,NA,NA
5/15/24,1201,NA,NA,NA,NA,0.0313895,NA,3.5154167
5/15/24,9991,NA,NA,NA,NA,0.055528,NA,NA
5/16/24,1201,NA,NA,NA,NA,0.029191750000000002,NA,3.1625
5/16/24,9991,NA,NA,NA,NA,0.054542,NA,NA
5/17/24,1201,NA,NA,NA,NA,0.03400625,NA,2.70375
5/17/24,9991,NA,NA,NA,NA,0.050934,NA,NA
5/18/24,1201,NA,NA,NA,NA,0.04100125,NA,3.5166666
5/18/24,9991,NA,NA,NA,NA,0.05582125,NA,NA
5/19/24,1201,NA,NA,NA,NA,0.030292,NA,3.1654166
5/19/24,9991,NA,NA,NA,NA,0.064351,NA,NA
5/20/24,1201,NA,NA,NA,NA,0.0322715,NA,3.50625
5/20/24,9991,NA,NA,NA,NA,0.056181,NA,NA
5/21/24,1201,NA,NA,NA,NA,0.03480775,NA,4.7633334000000005
5/21/24,9991,NA,NA,NA,NA,0.06084475,NA,NA
5/22/24,1201,NA,NA,NA,NA,0.03384525,NA,5.2591666
5/22/24,9991,NA,NA,NA,NA,0.060868,NA,NA
5/23/24,1201,NA,NA,NA,NA,0.03501775,NA,4.95875
5/23/24,9991,NA,NA,NA,NA,0.05417475,NA,NA
5/24/24,1201,NA,NA,NA,NA,0.030195,NA,3.8125
5/24/24,9991,NA,NA,NA,NA,0.04910125,NA,NA
5/25/24,1201,NA,NA,NA,NA,0.023323,NA,3.2079167
5/25/24,9991,NA,NA,NA,NA,0.036573,NA,NA
5/26/24,1201,NA,NA,NA,NA,0.022059250000000002,NA,3.01125
5/26/24,9991,NA,NA,NA,NA,0.045691999999999997,NA,NA
5/27/24,1201,NA,NA,NA,NA,0.02252625,NA,3.9641667000000003
5/27/24,9991,NA,NA,NA,NA,0.05081475,NA,NA
5/28/24,1201,NA,NA,NA,NA,0.027907,NA,4.7575
5/28/24,9991,NA,NA,NA,NA,0.047866667,NA,NA
5/29/24,1201,NA,NA,NA,NA,0.029559500000000002,NA,5.0575
5/29/24,9991,NA,NA,NA,NA,0.05829525,NA,NA
5/30/24,1201,NA,NA,NA,NA,0.025958000000000002,NA,6.0095833
5/30/24,9991,NA,NA,NA,NA,0.0636495,NA,NA
5/31/24,1201,NA,NA,NA,NA,0.03158225,NA,5.96375
5/31/24,9991,NA,NA,NA,NA,0.06750625,NA,NA
6/1/24,1201,NA,NA,NA,NA,0.03600975,NA,4.4120833
6/1/24,9991,NA,NA,NA,NA,0.061503249999999995,NA,NA
6/2/24,1201,NA,NA,NA,NA,0.0339635,NA,4.5125
6/2/24,9991,NA,NA,NA,NA,0.04815425,NA,NA
6/3/24,1201,NA,NA,NA,NA,0.027071249999999998,NA,4.7079167
6/3/24,9991,NA,NA,NA,NA,0.04668575,NA,NA
6/4/24,1201,NA,NA,NA,NA,0.028084,NA,5.1545833
6/4/24,9991,NA,NA,NA,NA,0.054960999999999996,NA,NA
6/5/24,1201,NA,NA,NA,NA,0.02283025,NA,5.312916700000001
6/5/24,9991,NA,NA,NA,NA,0.05908475,NA,NA
6/6/24,1201,NA,NA,NA,NA,0.02622675,NA,4.6016666
6/6/24,9991,NA,NA,NA,NA,0.0643285,NA,NA
6/7/24,1201,NA,NA,NA,NA,0.02851375,NA,4.0625
6/7/24,9991,NA,NA,NA,NA,0.050439750000000005,NA,NA
6/8/24,1201,NA,NA,NA,NA,0.0263065,NA,3.5066667
6/8/24,9991,NA,NA,NA,NA,0.04138825,NA,NA
6/9/24,1201,NA,NA,NA,NA,0.023872,NA,3.36125
6/9/24,9991,NA,NA,NA,NA,0.0415185,NA,NA
6/10/24,1201,NA,NA,NA,NA,0.02913425,NA,4.5033333
6/10/24,9991,NA,NA,NA,NA,0.055884249999999996,NA,NA
6/11/24,1201,NA,NA,NA,NA,0.031795500000000004,NA,4.21375
6/11/24,9991,NA,NA,NA,NA,0.06285775,NA,NA
6/12/24,1201,NA,NA,NA,NA,0.028653,NA,3.9054167
6/12/24,9991,NA,NA,NA,NA,0.054207,NA,NA
6/13/24,1201,NA,NA,NA,NA,0.02614025,NA,3.3566666
6/13/24,9991,NA,NA,NA,NA,0.054296,NA,NA
6/14/24,1201,NA,NA,NA,NA,0.02797725,NA,4.0595834
6/14/24,9991,NA,NA,NA,NA,0.0600365,NA,NA
6/15/24,1201,NA,NA,NA,NA,0.03199125,NA,6.1083334
6/15/24,9991,NA,NA,NA,NA,0.054452,NA,NA
6/16/24,1201,NA,NA,NA,NA,0.02214275,NA,7.702500000000001
6/16/24,9991,NA,NA,NA,NA,0.06557025,NA,NA
6/17/24,1201,NA,NA,NA,NA,0.02583975,NA,8.0508334
6/17/24,9991,NA,NA,NA,NA,0.06041625,NA,NA
6/18/24,1201,NA,NA,NA,NA,0.02708025,NA,6.656666700000001
6/18/24,9991,NA,NA,NA,NA,0.060364,NA,NA
6/19/24,1201,NA,NA,NA,NA,0.028326,NA,6.156666599999999
6/19/24,9991,NA,NA,NA,NA,0.06079775,NA,NA
6/20/24,1201,NA,NA,NA,NA,0.03191775,NA,5.8675
6/20/24,9991,NA,NA,NA,NA,0.053806,NA,NA
6/21/24,1201,NA,NA,NA,NA,0.029295500000000002,NA,5.8604167
6/21/24,9991,NA,NA,NA,NA,0.05407925,NA,NA
6/22/24,1201,NA,NA,NA,NA,0.02767675,NA,7.0533334
6/22/24,9991,NA,NA,NA,NA,0.05342525,NA,NA
6/23/24,1201,NA,NA,NA,NA,0.03623375,NA,6.3083333999999995
6/23/24,9991,NA,NA,NA,NA,0.0509995,NA,NA
6/24/24,1201,NA,NA,NA,NA,0.03693875,NA,5.5179166
6/24/24,9991,NA,NA,NA,NA,0.0536885,NA,NA
6/25/24,1201,NA,NA,NA,NA,0.02678075,NA,5.0558334
6/25/24,9991,NA,NA,NA,NA,0.04951275,NA,NA
6/26/24,1201,NA,NA,NA,NA,0.02205075,NA,5.0604167
6/26/24,9991,NA,NA,NA,NA,0.05016275,NA,NA
6/27/24,1201,NA,NA,NA,NA,0.02484875,NA,5.46
6/27/24,9991,NA,NA,NA,NA,0.05098875,NA,NA
6/28/24,1201,NA,NA,NA,NA,0.02165975,NA,6.16125
6/28/24,9991,NA,NA,NA,NA,0.0552365,NA,NA
6/29/24,1201,NA,NA,NA,NA,0.02422525,NA,5.50375
6/29/24,9991,NA,NA,NA,NA,0.061233499999999996,NA,NA
6/30/24,1201,NA,NA,NA,NA,0.028405,NA,5.313750000000001
6/30/24,9991,NA,NA,NA,NA,0.04749375,NA,NA
7/1/24,1201,NA,NA,NA,NA,0.00273975,NA,5.0525
7/1/24,9991,NA,NA,NA,NA,0.0454255,NA,NA
7/2/24,1201,NA,NA,NA,NA,0.00108325,NA,5.0520833
7/2/24,9991,NA,NA,NA,NA,0.06766325,NA,NA
7/3/24,1201,NA,NA,NA,NA,0.00158825,NA,5.9554165999999995
7/3/24,9991,NA,NA,NA,NA,0.05514575,NA,NA
7/4/24,1201,NA,NA,NA,NA,0.0014925,NA,5.1575
7/4/24,9991,NA,NA,NA,NA,0.05699425,NA,NA
7/5/24,1201,NA,NA,NA,NA,0.00162,NA,6.06625
7/5/24,9991,NA,NA,NA,NA,0.061917,NA,NA
7/6/24,1201,NA,NA,NA,NA,0.00171575,NA,5.8525
7/6/24,9991,NA,NA,NA,NA,0.06597575,NA,NA
7/7/24,1201,NA,NA,NA,NA,0.001582,NA,5.2566667
7/7/24,9991,NA,NA,NA,NA,0.06380175,NA,NA
7/8/24,1201,NA,NA,NA,NA,0.0014085,NA,5.0604167
7/8/24,9991,NA,NA,NA,NA,0.07098225,NA,NA
7/9/24,1201,NA,NA,NA,NA,0.00123775,NA,6.765
7/9/24,9991,NA,NA,NA,NA,0.07421625,NA,NA
7/10/24,1201,NA,NA,NA,NA,0.00103125,NA,6.0104166
7/10/24,9991,NA,NA,NA,NA,0.0675635,NA,NA
7/11/24,1201,NA,NA,NA,NA,0.0013885,NA,6.2625
7/11/24,9991,NA,NA,NA,NA,0.0714355,NA,NA
7/12/24,1201,NA,NA,NA,NA,0.00130225,NA,6.1629167
7/12/24,9991,NA,NA,NA,NA,0.06888325,NA,NA
7/13/24,1201,NA,NA,NA,NA,0.0014295,NA,5.4120833
7/13/24,9991,NA,NA,NA,NA,0.06229825,NA,NA
7/14/24,1201,NA,NA,NA,NA,0.001831,NA,4.7020833
7/14/24,9991,NA,NA,NA,NA,0.05642625,NA,NA
7/15/24,1201,NA,NA,NA,NA,0.0017035,NA,4.9645833
7/15/24,9991,NA,NA,NA,NA,0.051250500000000004,NA,NA
7/16/24,1201,NA,NA,NA,NA,0.00162375,NA,5.1629166
7/16/24,9991,NA,NA,NA,NA,0.0549505,NA,NA
7/17/24,1201,NA,NA,NA,NA,0.00125225,NA,4.9116666
7/17/24,9991,NA,NA,NA,NA,0.05961825,NA,NA
7/18/24,1201,NA,NA,NA,NA,0.001587,NA,5.8095833
7/18/24,9991,NA,NA,NA,NA,0.05985675,NA,NA
7/19/24,1201,NA,NA,NA,NA,0.02769425,NA,5.8691666
7/19/24,9991,NA,NA,NA,NA,0.0532735,NA,NA
7/20/24,1201,NA,NA,NA,NA,0.02864575,NA,5.0683333
7/21/24,1201,NA,NA,NA,NA,0.02462725,NA,5.20875
7/22/24,1201,NA,NA,NA,NA,0.021913250000000002,NA,5.9079166999999995
7/23/24,1201,NA,NA,NA,NA,0.02047175,NA,5.2129167
7/24/24,1201,NA,NA,NA,NA,0.02483325,NA,5.2620834
7/25/24,1201,NA,NA,NA,NA,0.02532125,NA,6.4091666
7/26/24,1201,NA,NA,NA,NA,0.0275335,NA,5.9666666
7/27/24,1201,NA,NA,NA,NA,0.029843249999999998,NA,6.4108333
7/28/24,1201,NA,NA,NA,NA,0.0306655,NA,5.4104167
7/29/24,1201,NA,NA,NA,NA,0.031469,NA,4.8654166
7/30/24,1201,NA,NA,NA,NA,0.00979275,NA,5.15625
7/31/24,1201,NA,NA,NA,NA,0.01008925,NA,5.5600000000000005
8/1/24,1201,NA,NA,NA,NA,0.01196175,NA,4.96375
8/2/24,1201,NA,NA,NA,NA,0.0125025,NA,5.3116667
8/3/24,1201,NA,NA,NA,NA,0.02138375,NA,5.4058333
8/4/24,1201,NA,NA,NA,NA,0.019938,NA,5.061249999999999
8/5/24,1201,NA,NA,NA,NA,0.01691625,NA,5.5145834
8/6/24,1201,NA,NA,NA,NA,0.02216475,NA,6.6570833
8/7/24,1201,NA,NA,NA,NA,0.01718725,NA,6.4591667
8/7/24,9991,NA,NA,NA,NA,0.04765625,NA,NA
8/8/24,1201,NA,NA,NA,NA,0.022476749999999997,NA,5.965
8/8/24,9991,NA,NA,NA,NA,0.0596305,NA,NA
8/9/24,1201,NA,NA,NA,NA,0.0026355,NA,5.6116667
8/9/24,9991,NA,NA,NA,NA,0.05808125,NA,NA
8/10/24,1201,NA,NA,NA,NA,0.001229,NA,6.2608333
8/10/24,9991,NA,NA,NA,NA,0.05399125,NA,NA
8/11/24,1201,NA,NA,NA,NA,0.00159325,NA,7.7095833
8/11/24,9991,NA,NA,NA,NA,0.0387755,NA,NA
8/12/24,1201,NA,NA,NA,NA,0.00203325,NA,7.2558334
8/12/24,9991,NA,NA,NA,NA,0.04089325,NA,NA
8/13/24,1201,NA,NA,NA,NA,0.00820575,NA,6.35625
8/13/24,9991,NA,NA,NA,NA,0.039025000000000004,NA,NA
8/14/24,1201,NA,NA,NA,NA,0.00162525,NA,6.0633333
8/14/24,9991,NA,NA,NA,NA,0.0479835,NA,NA
8/15/24,1201,NA,NA,NA,NA,0.001223,NA,5.8012500000000005
8/15/24,9991,NA,NA,NA,NA,0.059896750000000006,NA,NA
8/16/24,1201,NA,NA,NA,NA,0.0013175,NA,5.70875
8/16/24,9991,NA,NA,NA,NA,0.052600999999999995,NA,NA
8/17/24,1201,NA,NA,NA,NA,0.00225225,NA,5.36125
8/17/24,9991,NA,NA,NA,NA,0.04913175,NA,NA
8/18/24,1201,NA,NA,NA,NA,0.00112525,NA,4.5016667
8/18/24,9991,NA,NA,NA,NA,0.050188,NA,NA
8/19/24,1201,NA,NA,NA,NA,8.635e-4,NA,4.7116667
8/19/24,9991,NA,NA,NA,NA,0.0454225,NA,NA
8/20/24,1201,NA,NA,NA,NA,0.001307,NA,4.2575
8/20/24,9991,NA,NA,NA,NA,0.044367500000000004,NA,NA
8/21/24,1201,NA,NA,NA,NA,0.00225225,NA,5.61625
8/21/24,9991,NA,NA,NA,NA,0.057052,NA,NA
8/22/24,1201,NA,NA,NA,NA,0.00101875,NA,5.6016667
8/22/24,9991,NA,NA,NA,NA,0.05124675,NA,NA
8/23/24,1201,NA,NA,NA,NA,2.6075e-4,NA,4.9570834
8/23/24,9991,NA,NA,NA,NA,0.05225425,NA,NA
8/24/24,1201,NA,NA,NA,NA,0.0021795,NA,4.8545833
8/24/24,9991,NA,NA,NA,NA,0.05523125,NA,NA
8/25/24,1201,NA,NA,NA,NA,0.00137525,NA,5.71125
8/25/24,9991,NA,NA,NA,NA,0.04854175,NA,NA
8/26/24,1201,NA,NA,NA,NA,9.73e-4,NA,5.705
8/26/24,9991,NA,NA,NA,NA,0.04944125,NA,NA
8/27/24,1201,NA,NA,NA,NA,0.00216075,NA,6.25625
8/27/24,9991,NA,NA,NA,NA,0.0502905,NA,NA
8/28/24,1201,NA,NA,NA,NA,0.00459625,NA,5.9654166
8/28/24,9991,NA,NA,NA,NA,0.04887575,NA,NA
8/29/24,1201,NA,NA,NA,NA,0.027931499999999998,NA,5.3625
8/29/24,9991,NA,NA,NA,NA,0.056633,NA,NA
8/30/24,1201,NA,NA,NA,NA,0.0020055,NA,6.1604166
8/30/24,9991,NA,NA,NA,NA,0.05474625,NA,NA
8/31/24,1201,NA,NA,NA,NA,0.0016985,NA,6.6133333
8/31/24,9991,NA,NA,NA,NA,0.050284,NA,NA
9/1/24,1201,NA,NA,NA,NA,0.02327275,NA,6.6020833
9/1/24,9991,NA,NA,NA,NA,0.057521249999999996,NA,NA
9/2/24,1201,NA,NA,NA,NA,0.00246825,NA,6.7566667
9/2/24,9991,NA,NA,NA,NA,0.0605825,NA,NA
9/3/24,1201,NA,NA,NA,NA,0.00746425,NA,6.9054167
9/3/24,9991,NA,NA,NA,NA,0.0635605,NA,NA
9/4/24,1201,NA,NA,NA,NA,0.00270825,NA,7.0525
9/4/24,9991,NA,NA,NA,NA,0.064535,NA,NA
9/5/24,1201,NA,NA,NA,NA,0.00103125,NA,6.7633334000000005
9/5/24,9991,NA,NA,NA,NA,0.06192225,NA,NA
9/6/24,1201,NA,NA,NA,NA,0.0337965,NA,8.905
9/6/24,9991,NA,NA,NA,NA,0.05880375,NA,NA
9/7/24,1201,NA,NA,NA,NA,0.036693,NA,10.615
9/7/24,9991,NA,NA,NA,NA,0.058117,NA,NA
9/8/24,1201,NA,NA,NA,NA,0.03084,NA,8.7579166999999991
9/8/24,9991,NA,NA,NA,NA,0.060177,NA,NA
9/9/24,1201,NA,NA,NA,NA,0.03977425,NA,11.4133333
9/9/24,9991,NA,NA,NA,NA,0.06601925,NA,NA
9/10/24,1201,NA,NA,NA,NA,0.025291750000000002,NA,9.254166699999999
9/10/24,9991,NA,NA,NA,NA,0.05677525,NA,NA
9/11/24,1201,NA,NA,NA,NA,0.00288725,NA,4.95625
9/11/24,9991,NA,NA,NA,NA,0.05221075,NA,NA
9/12/24,1201,NA,NA,NA,NA,0.024903,NA,5.6616667
9/12/24,9991,NA,NA,NA,NA,0.056483,NA,NA
9/13/24,1201,NA,NA,NA,NA,0.0290955,NA,7.0641666999999995
9/13/24,9991,NA,NA,NA,NA,0.06592325,NA,NA
9/14/24,1201,NA,NA,NA,NA,0.03251275,NA,7.0620834
9/14/24,9991,NA,NA,NA,NA,0.06124425,NA,NA
9/15/24,1201,NA,NA,NA,NA,0.037454749999999995,NA,6.4045833
9/15/24,9991,NA,NA,NA,NA,0.05152325,NA,NA
9/16/24,1201,NA,NA,NA,NA,0.03182475,NA,4.85625
9/16/24,9991,NA,NA,NA,NA,0.04060725,NA,NA
9/17/24,1201,NA,NA,NA,NA,0.0031475,NA,4.6083333
9/17/24,9991,NA,NA,NA,NA,0.0438265,NA,NA
9/18/24,1201,NA,NA,NA,NA,0.00783375,NA,5.6604166
9/18/24,9991,NA,NA,NA,NA,0.05409075,NA,NA
9/19/24,1201,NA,NA,NA,NA,0.034535500000000004,NA,5.1587499999999995
9/19/24,9991,NA,NA,NA,NA,0.0488195,NA,NA
9/20/24,1201,NA,NA,NA,NA,0.02492275,NA,4.0675
9/20/24,9991,NA,NA,NA,NA,0.04059475,NA,NA
9/21/24,1201,NA,NA,NA,NA,0.01836925,NA,5.8129166
9/21/24,9991,NA,NA,NA,NA,0.056917999999999996,NA,NA
9/22/24,1201,NA,NA,NA,NA,0.034688,NA,8.05625
9/22/24,9991,NA,NA,NA,NA,0.06075525,NA,NA
9/23/24,1201,NA,NA,NA,NA,0.03060975,NA,9.65875
9/23/24,9991,NA,NA,NA,NA,0.05974975,NA,NA
9/24/24,1201,NA,NA,NA,NA,0.0286335,NA,9.2083333
9/24/24,9991,NA,NA,NA,NA,0.05998325,NA,NA
9/25/24,1201,NA,NA,NA,NA,0.02622475,NA,7.5133333
9/25/24,9991,NA,NA,NA,NA,0.0610765,NA,NA
9/26/24,1201,NA,NA,NA,NA,0.03089375,NA,7.7591667
9/26/24,9991,NA,NA,NA,NA,0.058659750000000004,NA,NA
9/27/24,1201,NA,NA,NA,NA,0.0290195,NA,8.1145833
9/27/24,9991,NA,NA,NA,NA,0.0653645,NA,NA
9/28/24,1201,NA,NA,NA,NA,0.028242,NA,8.5070833
9/28/24,9991,NA,NA,NA,NA,0.04989175,NA,NA
9/29/24,1201,NA,NA,NA,NA,0.02864275,NA,8.1620834
9/29/24,9991,NA,NA,NA,NA,0.0482595,NA,NA
9/30/24,1201,NA,NA,NA,NA,0.02684975,NA,9.7025
9/30/24,9991,NA,NA,NA,NA,0.05442875,NA,NA
10/1/24,1201,NA,NA,NA,NA,0.021085,NA,12.553749999999999
10/1/24,9991,NA,NA,NA,NA,0.0562435,NA,NA
10/2/24,1201,NA,NA,NA,NA,0.0358295,NA,12.3058333
10/2/24,9991,NA,NA,NA,NA,0.056653,NA,NA
10/3/24,1201,NA,NA,NA,NA,0.02926975,NA,10.965833400000001
10/3/24,9991,NA,NA,NA,NA,0.062849,NA,NA
10/4/24,1201,NA,NA,NA,NA,0.02554275,NA,11.151666599999999
10/4/24,9991,NA,NA,NA,NA,0.06575925,NA,NA
10/5/24,1201,NA,NA,NA,NA,0.030644750000000002,NA,12.7583334
10/5/24,9991,NA,NA,NA,NA,0.065562,NA,NA
10/6/24,1201,NA,NA,NA,NA,0.028358,NA,11.65625
10/6/24,9991,NA,NA,NA,NA,0.064269,NA,NA
10/7/24,1201,NA,NA,NA,NA,0.02783025,NA,10.30375
10/7/24,9991,NA,NA,NA,NA,0.06030575,NA,NA
10/8/24,1201,NA,NA,NA,NA,0.028173999999999998,NA,9.6020834
10/8/24,9991,NA,NA,NA,NA,0.05737175,NA,NA
10/9/24,1201,NA,NA,NA,NA,0.02154275,NA,9.7058333
10/9/24,9991,NA,NA,NA,NA,0.054365250000000004,NA,NA
10/10/24,1201,NA,NA,NA,NA,0.02480775,NA,9.5575
10/10/24,9991,NA,NA,NA,NA,0.06383375,NA,NA
10/11/24,1201,NA,NA,NA,NA,0.03190175,NA,9.55875
10/11/24,9991,NA,NA,NA,NA,0.058168,NA,NA
10/12/24,1201,NA,NA,NA,NA,0.0286975,NA,8.40125
10/12/24,9991,NA,NA,NA,NA,0.051373249999999995,NA,NA
10/13/24,1201,NA,NA,NA,NA,0.0165365,NA,7.5529166000000005
10/13/24,9991,NA,NA,NA,NA,0.053963,NA,NA
10/14/24,1201,NA,NA,NA,NA,0.0166365,NA,5.5158333
10/14/24,9991,NA,NA,NA,NA,0.053563,NA,NA
10/15/24,1201,NA,NA,NA,NA,0.02594925,NA,5.9566666999999995
10/15/24,9991,NA,NA,NA,NA,0.057154750000000004,NA,NA
10/16/24,1201,NA,NA,NA,NA,0.02633825,NA,6.8566666
10/16/24,9991,NA,NA,NA,NA,0.05326225,NA,NA
10/17/24,1201,NA,NA,NA,NA,0.02621925,NA,6.25875
10/17/24,9991,NA,NA,NA,NA,0.03952625,NA,NA
10/18/24,1201,NA,NA,NA,NA,0.02269125,NA,5.8583333
10/18/24,9991,NA,NA,NA,NA,0.04305925,NA,NA
10/19/24,1201,NA,NA,NA,NA,0.02132975,NA,6.01125
10/19/24,9991,NA,NA,NA,NA,0.04409225,NA,NA
10/20/24,1201,NA,NA,NA,NA,0.028005,NA,5.8141667
10/20/24,9991,NA,NA,NA,NA,0.04948575,NA,NA
10/21/24,1201,NA,NA,NA,NA,0.0303875,NA,6.8066666
10/21/24,9991,NA,NA,NA,NA,0.0491125,NA,NA
10/22/24,1201,NA,NA,NA,NA,0.0321005,NA,8.0620834
10/22/24,9991,NA,NA,NA,NA,0.0483135,NA,NA
10/23/24,1201,NA,NA,NA,NA,0.030109,NA,6.8654167
10/23/24,9991,NA,NA,NA,NA,0.052844,NA,NA
10/24/24,1201,NA,NA,NA,NA,0.032753,NA,6.9620833
10/24/24,9991,NA,NA,NA,NA,0.0570435,NA,NA
10/25/24,1201,NA,NA,NA,NA,0.03036075,NA,7.500416700000001
10/25/24,9991,NA,NA,NA,NA,0.056036,NA,NA
10/26/24,1201,NA,NA,NA,NA,0.033062,NA,8.65625
10/26/24,9991,NA,NA,NA,NA,0.055447,NA,NA
10/27/24,1201,NA,NA,NA,NA,0.034938750000000005,NA,9.61375
10/27/24,9991,NA,NA,NA,NA,0.046101249999999996,NA,NA
10/28/24,1201,NA,NA,NA,NA,0.021344750000000003,NA,6.9133334
10/28/24,9991,NA,NA,NA,NA,0.039203,NA,NA
10/29/24,1201,NA,NA,NA,NA,0.0206605,NA,4.8091667
10/29/24,9991,NA,NA,NA,NA,0.04225475,NA,NA
10/30/24,1201,NA,NA,NA,NA,0.01769175,NA,4.5045834
10/30/24,9991,NA,NA,NA,NA,0.0452595,NA,NA
10/31/24,1201,NA,NA,NA,NA,0.024164249999999998,NA,4.8583334
10/31/24,9991,NA,NA,NA,NA,0.05680925,NA,NA
11/1/24,1201,NA,NA,NA,NA,0.025529,NA,5.0575
11/1/24,9991,NA,NA,NA,NA,0.05398625,NA,NA
11/2/24,1201,NA,NA,NA,NA,0.019587,NA,5.6116666
11/2/24,9991,NA,NA,NA,NA,0.0431385,NA,NA
11/3/24,1201,NA,NA,NA,NA,0.01899275,NA,5.95875
11/3/24,9991,NA,NA,NA,NA,0.04081775,NA,NA
11/4/24,1201,NA,NA,NA,NA,0.014204,NA,6.4104167
11/4/24,9991,NA,NA,NA,NA,0.03984575,NA,NA
11/5/24,1201,NA,NA,NA,NA,0.02743225,NA,5.3579167000000005
11/5/24,9991,NA,NA,NA,NA,0.0451265,NA,NA
11/6/24,1201,NA,NA,NA,NA,0.0241455,NA,4.1591667
11/6/24,9991,NA,NA,NA,NA,0.041904666666666666,NA,NA
11/7/24,1201,NA,NA,NA,NA,0.02629675,NA,3.8116667
11/8/24,1201,NA,NA,NA,NA,0.02806925,NA,5.2591667
11/9/24,1201,NA,NA,NA,NA,0.0320525,NA,9.0129167
11/10/24,1201,NA,NA,NA,NA,0.032552,NA,8.6045833
11/11/24,1201,NA,NA,NA,NA,0.03817375,NA,10.5591666
11/12/24,1201,NA,NA,NA,NA,0.03458025,NA,8.1645833
11/12/24,9991,NA,NA,NA,NA,0.04630625,NA,NA
11/13/24,1201,NA,NA,NA,NA,0.0228745,NA,6.9158334
11/13/24,9991,NA,NA,NA,NA,0.0470505,NA,NA
11/14/24,1201,NA,NA,NA,NA,0.02635875,NA,6.4558333999999995
11/14/24,9991,NA,NA,NA,NA,0.048371,NA,NA
11/15/24,1201,NA,NA,NA,NA,0.023633,NA,4.6108334
11/15/24,9991,NA,NA,NA,NA,0.04038475,NA,NA
11/16/24,1201,NA,NA,NA,NA,0.010940499999999999,NA,4.3579167
11/16/24,9991,NA,NA,NA,NA,0.03776025,NA,NA
11/17/24,1201,NA,NA,NA,NA,0.00924825,NA,13.16125
11/17/24,9991,NA,NA,NA,NA,0.04202825,NA,NA
11/18/24,1201,NA,NA,NA,NA,0.012827749999999999,NA,17.865
11/18/24,9991,NA,NA,NA,NA,0.041444,NA,NA
11/19/24,1201,NA,NA,NA,NA,0.012438,NA,16.8575
11/19/24,9991,NA,NA,NA,NA,0.04490975,NA,NA
11/20/24,1201,NA,NA,NA,NA,0.0184085,NA,15.955
11/20/24,9991,NA,NA,NA,NA,0.05358,NA,NA
11/21/24,1201,NA,NA,NA,NA,0.0190005,NA,15.5508334
11/21/24,9991,NA,NA,NA,NA,0.059806,NA,NA
11/22/24,1201,NA,NA,NA,NA,0.018946249999999998,NA,15.655000000000001
11/22/24,9991,NA,NA,NA,NA,0.05805275,NA,NA
11/23/24,1201,NA,NA,NA,NA,0.01463675,NA,13.6658334
11/23/24,9991,NA,NA,NA,NA,0.03890125,NA,NA
11/24/24,1201,NA,NA,NA,NA,0.01059175,NA,11.4541666
11/24/24,9991,NA,NA,NA,NA,0.040331,NA,NA
11/25/24,1201,NA,NA,NA,NA,0.01114575,NA,12.965
11/25/24,9991,NA,NA,NA,NA,0.042141750000000006,NA,NA
11/26/24,1201,NA,NA,NA,NA,0.0115065,NA,12.565
11/26/24,9991,NA,NA,NA,NA,0.034997749999999994,NA,NA
11/27/24,1201,NA,NA,NA,NA,0.00881925,NA,10.6641666
11/27/24,9991,NA,NA,NA,NA,0.0322865,NA,NA
11/28/24,1201,NA,NA,NA,NA,0.01228475,NA,11.2545834
11/28/24,9991,NA,NA,NA,NA,0.04224475,NA,NA
11/29/24,1201,NA,NA,NA,NA,0.01786875,NA,3.9670834000000004
11/29/24,9991,NA,NA,NA,NA,0.04435725,NA,NA
11/30/24,1201,NA,NA,NA,NA,0.02114675,NA,4.505
11/30/24,9991,NA,NA,NA,NA,0.04715175,NA,NA
12/1/24,1201,NA,NA,NA,NA,0.019320499999999997,NA,7.70125
12/1/24,9991,NA,NA,NA,NA,0.04802425,NA,NA
12/2/24,1201,NA,NA,NA,NA,0.02002575,NA,6.7120833
12/2/24,9991,NA,NA,NA,NA,0.04827875,NA,NA
12/3/24,1201,NA,NA,NA,NA,0.0169065,NA,12.3070834
12/3/24,9991,NA,NA,NA,NA,0.05329725,NA,NA
12/4/24,1201,NA,NA,NA,NA,0.011963999999999999,NA,16.4566666
12/4/24,9991,NA,NA,NA,NA,0.04966775,NA,NA
12/5/24,1201,NA,NA,NA,NA,0.012761749999999999,NA,19.2625
12/5/24,9991,NA,NA,NA,NA,0.0462485,NA,NA
12/6/24,1201,NA,NA,NA,NA,0.0124225,NA,15.3620833
12/6/24,9991,NA,NA,NA,NA,0.04530675,NA,NA
12/7/24,1201,NA,NA,NA,NA,0.01790425,NA,6.70875
12/7/24,9991,NA,NA,NA,NA,0.047651,NA,NA
12/8/24,1201,NA,NA,NA,NA,0.020483,NA,9.6108334
12/8/24,9991,NA,NA,NA,NA,0.052287,NA,NA
12/9/24,1201,NA,NA,NA,NA,0.0248835,NA,9.7083334
12/9/24,9991,NA,NA,NA,NA,0.0486285,NA,NA
12/10/24,1201,NA,NA,NA,NA,0.03221775,NA,1.5641665999999999
12/11/24,1201,NA,NA,NA,NA,0.0174285,NA,5.0104167
12/11/24,9991,NA,NA,NA,NA,0.048895,NA,NA
12/12/24,1201,NA,NA,NA,NA,0.01951275,NA,7.7566667
12/12/24,9991,NA,NA,NA,NA,0.04438825,NA,NA
12/13/24,1201,NA,NA,NA,NA,0.01212825,NA,5.96625
12/13/24,9991,NA,NA,NA,NA,0.040292,NA,NA
12/14/24,1201,NA,NA,NA,NA,0.011905500000000001,NA,7.7591667
12/14/24,9991,NA,NA,NA,NA,0.043984749999999996,NA,NA
12/15/24,1201,NA,NA,NA,NA,0.0129655,NA,7.0070834
12/15/24,9991,NA,NA,NA,NA,0.051200249999999996,NA,NA
12/16/24,1201,NA,NA,NA,NA,0.01359425,NA,6.71125
12/16/24,9991,NA,NA,NA,NA,0.051436249999999996,NA,NA
12/17/24,1201,NA,NA,NA,NA,0.01948225,NA,8.0158333
12/17/24,9991,NA,NA,NA,NA,0.040422,NA,NA
12/18/24,1201,NA,NA,NA,NA,0.021438,NA,6.2129167
12/18/24,9991,NA,NA,NA,NA,0.0468455,NA,NA
12/19/24,1201,NA,NA,NA,NA,0.01977375,NA,7.3145834
12/19/24,9991,NA,NA,NA,NA,0.04894225,NA,NA
12/20/24,1201,NA,NA,NA,NA,0.0216185,NA,8.5066666
12/20/24,9991,NA,NA,NA,NA,0.05101025,NA,NA
12/21/24,1201,NA,NA,NA,NA,0.01887825,NA,11.11375
12/21/24,9991,NA,NA,NA,NA,0.05354825,NA,NA
12/22/24,1201,NA,NA,NA,NA,0.017791750000000002,NA,10.7020834
12/22/24,9991,NA,NA,NA,NA,0.042544,NA,NA
12/23/24,1201,NA,NA,NA,NA,0.01281975,NA,9.15375
12/23/24,9991,NA,NA,NA,NA,0.04194825,NA,NA
12/24/24,1201,NA,NA,NA,NA,0.00920175,NA,9.1575
12/24/24,9991,NA,NA,NA,NA,0.03868175,NA,NA
12/25/24,1201,NA,NA,NA,NA,0.0166705,NA,5.4570833
12/25/24,9991,NA,NA,NA,NA,0.04481825,NA,NA
12/26/24,1201,NA,NA,NA,NA,0.012879000000000002,NA,6.3116667
12/26/24,9991,NA,NA,NA,NA,0.045786,NA,NA
12/27/24,1201,NA,NA,NA,NA,0.01102025,NA,6.6175
12/27/24,9991,NA,NA,NA,NA,0.04022875,NA,NA
12/28/24,1201,NA,NA,NA,NA,0.00953025,NA,8.1620833
12/28/24,9991,NA,NA,NA,NA,0.044255749999999996,NA,NA
12/29/24,1201,NA,NA,NA,NA,0.01001525,NA,9.8566666
12/29/24,9991,NA,NA,NA,NA,0.04541725,NA,NA
12/30/24,1201,NA,NA,NA,NA,0.012301,NA,0
12/30/24,9991,NA,NA,NA,NA,0.05056625,NA,NA
12/31/24,1201,NA,NA,NA,NA,0.0091145,NA,0
12/31/24,9991,NA,NA,NA,NA,0.05051875,NA,NA
9/7/24,1017,NA,NA,NA,NA,NA,45.4125,18.208333333333332
9/8/24,1017,NA,NA,NA,NA,NA,49.239583499999995,15.306481444444445
9/9/24,1017,NA,NA,NA,NA,NA,46.025,15.803703666666667
9/10/24,1017,NA,NA,NA,NA,NA,26.345833499999998,8.601388888888888
1/1/24,0077,NA,NA,NA,NA,NA,NA,3.4579166
1/2/24,0077,NA,NA,NA,NA,NA,NA,2.6558334
1/3/24,0077,NA,NA,NA,NA,NA,NA,5.3633333
1/4/24,0077,NA,NA,NA,NA,NA,NA,2.1095832999999997
1/5/24,0077,NA,NA,NA,NA,NA,NA,1.0683333
1/6/24,0077,NA,NA,NA,NA,NA,NA,1.8125
1/7/24,0077,NA,NA,NA,NA,NA,NA,2.90625
1/8/24,0077,NA,NA,NA,NA,NA,NA,1.0670834
1/9/24,0077,NA,NA,NA,NA,NA,NA,1.9095833
1/10/24,0077,NA,NA,NA,NA,NA,NA,5.6608696
1/11/24,0077,NA,NA,NA,NA,NA,NA,2.505
1/12/24,0077,NA,NA,NA,NA,NA,NA,3.05625
1/13/24,0077,NA,NA,NA,NA,NA,NA,6.4045833
1/14/24,0077,NA,NA,NA,NA,NA,NA,6.61375
1/15/24,0077,NA,NA,NA,NA,NA,NA,3.2512499999999998
1/16/24,0077,NA,NA,NA,NA,NA,NA,3.61125
1/17/24,0077,NA,NA,NA,NA,NA,NA,9.3095833
1/18/24,0077,NA,NA,NA,NA,NA,NA,5.00375
1/19/24,0077,NA,NA,NA,NA,NA,NA,3.1583334
1/20/24,0077,NA,NA,NA,NA,NA,NA,3.2645833
1/21/24,0077,NA,NA,NA,NA,NA,NA,1.2525
1/22/24,0077,NA,NA,NA,NA,NA,NA,0.5083333
1/23/24,0077,NA,NA,NA,NA,NA,NA,1.90625
1/24/24,0077,NA,NA,NA,NA,NA,NA,6.6645833
1/25/24,0077,NA,NA,NA,NA,NA,NA,7.1075
1/26/24,0077,NA,NA,NA,NA,NA,NA,1.3595833
1/27/24,0077,NA,NA,NA,NA,NA,NA,0.4633333
1/28/24,0077,NA,NA,NA,NA,NA,NA,0.5154166
1/29/24,0077,NA,NA,NA,NA,NA,NA,0.66125
1/30/24,0077,NA,NA,NA,NA,NA,NA,1.06625
1/31/24,0077,NA,NA,NA,NA,NA,NA,3.5563637
2/1/24,0077,NA,NA,NA,NA,NA,NA,1.7004167
2/2/24,0077,NA,NA,NA,NA,NA,NA,1.6091667
2/3/24,0077,NA,NA,NA,NA,NA,NA,3.25875
2/4/24,0077,NA,NA,NA,NA,NA,NA,2.7616667
2/5/24,0077,NA,NA,NA,NA,NA,NA,2.1533333999999997
2/6/24,0077,NA,NA,NA,NA,NA,NA,1.0566667
2/7/24,0077,NA,NA,NA,NA,NA,NA,1.8041667000000001
2/8/24,0077,NA,NA,NA,NA,NA,NA,2.155
2/9/24,0077,NA,NA,NA,NA,NA,NA,1.4583334000000001
2/10/24,0077,NA,NA,NA,NA,NA,NA,4.7575
2/11/24,0077,NA,NA,NA,NA,NA,NA,0.6579167
2/12/24,0077,NA,NA,NA,NA,NA,NA,0.5091667
2/13/24,0077,NA,NA,NA,NA,NA,NA,5.3052173
2/14/24,0077,NA,NA,NA,NA,NA,NA,8.9133333
2/15/24,0077,NA,NA,NA,NA,NA,NA,5.16
2/16/24,0077,NA,NA,NA,NA,NA,NA,5.01375
2/17/24,0077,NA,NA,NA,NA,NA,NA,7.5579167
2/18/24,0077,NA,NA,NA,NA,NA,NA,5.2620833000000005
2/19/24,0077,NA,NA,NA,NA,NA,NA,4.25375
2/20/24,0077,NA,NA,NA,NA,NA,NA,2.56125
2/21/24,0077,NA,NA,NA,NA,NA,NA,1.56
2/22/24,0077,NA,NA,NA,NA,NA,NA,2.9583333
2/23/24,0077,NA,NA,NA,NA,NA,NA,0.45875
2/24/24,0077,NA,NA,NA,NA,NA,NA,1.56125
2/25/24,0077,NA,NA,NA,NA,NA,NA,5.311249999999999
2/26/24,0077,NA,NA,NA,NA,NA,NA,6.8595834
2/27/24,0077,NA,NA,NA,NA,NA,NA,7.0083334
2/28/24,0077,NA,NA,NA,NA,NA,NA,4.2075
2/29/24,0077,NA,NA,NA,NA,NA,NA,13.36
3/1/24,0077,NA,NA,NA,NA,NA,NA,5.7524999999999995
3/2/24,0077,NA,NA,NA,NA,NA,NA,1.26375
3/3/24,0077,NA,NA,NA,NA,NA,NA,1.6133333
3/4/24,0077,NA,NA,NA,NA,NA,NA,2.9545833
3/5/24,0077,NA,NA,NA,NA,NA,NA,9.35875
3/6/24,0077,NA,NA,NA,NA,NA,NA,5.8179166
3/7/24,0077,NA,NA,NA,NA,NA,NA,2.0524999999999998
3/8/24,0077,NA,NA,NA,NA,NA,NA,2.51125
3/9/24,0077,NA,NA,NA,NA,NA,NA,2.4554167000000002
3/10/24,0077,NA,NA,NA,NA,NA,NA,2.8033333000000002
3/11/24,0077,NA,NA,NA,NA,NA,NA,5.1558333
3/12/24,0077,NA,NA,NA,NA,NA,NA,4.016666600000001
3/13/24,0077,NA,NA,NA,NA,NA,NA,4.217499999999999
3/14/24,0077,NA,NA,NA,NA,NA,NA,5.8095833
3/15/24,0077,NA,NA,NA,NA,NA,NA,2.30875
3/16/24,0077,NA,NA,NA,NA,NA,NA,3.61
3/17/24,0077,NA,NA,NA,NA,NA,NA,2.4116666
3/18/24,0077,NA,NA,NA,NA,NA,NA,1.0604167
3/19/24,0077,NA,NA,NA,NA,NA,NA,1.9575
3/20/24,0077,NA,NA,NA,NA,NA,NA,4.1520833
3/21/24,0077,NA,NA,NA,NA,NA,NA,5.409583400000001
3/22/24,0077,NA,NA,NA,NA,NA,NA,4.80875
3/23/24,0077,NA,NA,NA,NA,NA,NA,5.96
3/24/24,0077,NA,NA,NA,NA,NA,NA,1.7020833
3/25/24,0077,NA,NA,NA,NA,NA,NA,7.4654166
3/26/24,0077,NA,NA,NA,NA,NA,NA,6.1049999999999995
3/27/24,0077,NA,NA,NA,NA,NA,NA,6.1575
3/28/24,0077,NA,NA,NA,NA,NA,NA,4.5091667
3/29/24,0077,NA,NA,NA,NA,NA,NA,4.9629166
3/30/24,0077,NA,NA,NA,NA,NA,NA,1.1583334
3/31/24,0077,NA,NA,NA,NA,NA,NA,1.605
4/1/24,0077,NA,NA,NA,NA,NA,NA,1.05625
4/2/24,0077,NA,NA,NA,NA,NA,NA,2.3095833
4/3/24,0077,NA,NA,NA,NA,NA,NA,2.4095834000000003
4/4/24,0077,NA,NA,NA,NA,NA,NA,5.1583333
4/5/24,0077,NA,NA,NA,NA,NA,NA,2.0679167
4/6/24,0077,NA,NA,NA,NA,NA,NA,3.3091666
4/7/24,0077,NA,NA,NA,NA,NA,NA,3.0075
4/8/24,0077,NA,NA,NA,NA,NA,NA,5.5558334
4/9/24,0077,NA,NA,NA,NA,NA,NA,2.55875
4/10/24,0077,NA,NA,NA,NA,NA,NA,2.9058333000000003
4/11/24,0077,NA,NA,NA,NA,NA,NA,3.6545833
4/12/24,0077,NA,NA,NA,NA,NA,NA,6.6583333
4/13/24,0077,NA,NA,NA,NA,NA,NA,6.3116666
4/14/24,0077,NA,NA,NA,NA,NA,NA,2.0641666
4/15/24,0077,NA,NA,NA,NA,NA,NA,1.25625
4/16/24,0077,NA,NA,NA,NA,NA,NA,1.5091666
4/17/24,0077,NA,NA,NA,NA,NA,NA,4.1133334
4/18/24,0077,NA,NA,NA,NA,NA,NA,6.2129166
4/19/24,0077,NA,NA,NA,NA,NA,NA,8.2608333
4/20/24,0077,NA,NA,NA,NA,NA,NA,7.9083334
4/21/24,0077,NA,NA,NA,NA,NA,NA,6.6629166
4/22/24,0077,NA,NA,NA,NA,NA,NA,10.7075
4/23/24,0077,NA,NA,NA,NA,NA,NA,9.5183334
4/24/24,0077,NA,NA,NA,NA,NA,NA,3.9074999999999998
4/25/24,0077,NA,NA,NA,NA,NA,NA,2.3537500000000002
4/26/24,0077,NA,NA,NA,NA,NA,NA,4.50625
4/27/24,0077,NA,NA,NA,NA,NA,NA,4.8149999999999995
4/28/24,0077,NA,NA,NA,NA,NA,NA,4.359999999999999
4/29/24,0077,NA,NA,NA,NA,NA,NA,5.7595833
4/30/24,0077,NA,NA,NA,NA,NA,NA,7.5545833
5/1/24,0077,NA,NA,NA,NA,NA,NA,9.0033334
5/2/24,0077,NA,NA,NA,NA,NA,NA,11.1166666
5/3/24,0077,NA,NA,NA,NA,NA,NA,10.715
5/4/24,0077,NA,NA,NA,NA,NA,NA,9.7
5/5/24,0077,NA,NA,NA,NA,NA,NA,3.6525
5/6/24,0077,NA,NA,NA,NA,NA,NA,4.10625
5/7/24,0077,NA,NA,NA,NA,NA,NA,5.90125
5/8/24,0077,NA,NA,NA,NA,NA,NA,7.4108334000000005
5/9/24,0077,NA,NA,NA,NA,NA,NA,8.3616666
5/10/24,0077,NA,NA,NA,NA,NA,NA,7.9591666
5/11/24,0077,NA,NA,NA,NA,NA,NA,7.8100000000000005
5/12/24,0077,NA,NA,NA,NA,NA,NA,6.5595833
5/13/24,0077,NA,NA,NA,NA,NA,NA,7.2029167
5/14/24,0077,NA,NA,NA,NA,NA,NA,7.4108333
5/15/24,0077,NA,NA,NA,NA,NA,NA,9.209999999999999
5/16/24,0077,NA,NA,NA,NA,NA,NA,10.9066666
5/17/24,0077,NA,NA,NA,NA,NA,NA,8.4029167
5/18/24,0077,NA,NA,NA,NA,NA,NA,5.9629167
5/19/24,0077,NA,NA,NA,NA,NA,NA,7.615833299999999
5/20/24,0077,NA,NA,NA,NA,NA,NA,8.50875
5/21/24,0077,NA,NA,NA,NA,NA,NA,8.445139
5/22/24,0077,NA,NA,NA,NA,NA,NA,11.0083334
5/23/24,0077,NA,NA,NA,NA,NA,NA,12.0125
5/24/24,0077,NA,NA,NA,NA,NA,NA,10.9058334
5/25/24,0077,NA,NA,NA,NA,NA,NA,5.5141666
5/26/24,0077,NA,NA,NA,NA,NA,NA,6.405
5/27/24,0077,NA,NA,NA,NA,NA,NA,6.4016666
5/28/24,0077,NA,NA,NA,NA,NA,NA,7.3116666
5/29/24,0077,NA,NA,NA,NA,NA,NA,8.6025
5/30/24,0077,NA,NA,NA,NA,NA,NA,9.1091666
5/31/24,0077,NA,NA,NA,NA,NA,NA,9.4158334
6/1/24,0077,NA,NA,NA,NA,NA,NA,13.7033334
6/2/24,0077,NA,NA,NA,NA,NA,NA,15.8083334
6/3/24,0077,NA,NA,NA,NA,NA,NA,8.7175
6/4/24,0077,NA,NA,NA,NA,NA,NA,7.405833400000001
6/5/24,0077,NA,NA,NA,NA,NA,NA,8.4083334
6/6/24,0077,NA,NA,NA,NA,NA,NA,11.0033334
6/7/24,0077,NA,NA,NA,NA,NA,NA,8.8016666
6/8/24,0077,NA,NA,NA,NA,NA,NA,6.0166666
6/9/24,0077,NA,NA,NA,NA,NA,NA,5.9191666000000005
6/10/24,0077,NA,NA,NA,NA,NA,NA,7.400833400000001
6/11/24,0077,NA,NA,NA,NA,NA,NA,9.915000000000001
6/12/24,0077,NA,NA,NA,NA,NA,NA,7.4066666
6/13/24,0077,NA,NA,NA,NA,NA,NA,6.8116666
6/14/24,0077,NA,NA,NA,NA,NA,NA,7.3058334
6/15/24,0077,NA,NA,NA,NA,NA,NA,6.3083333999999995
6/16/24,0077,NA,NA,NA,NA,NA,NA,9.0025
6/17/24,0077,NA,NA,NA,NA,NA,NA,15.3175
6/18/24,0077,NA,NA,NA,NA,NA,NA,11.9008334
6/19/24,0077,NA,NA,NA,NA,NA,NA,11.31
6/20/24,0077,NA,NA,NA,NA,NA,NA,10.0091666
6/21/24,0077,NA,NA,NA,NA,NA,NA,8.2066666
6/22/24,0077,NA,NA,NA,NA,NA,NA,6.6049999999999995
6/23/24,0077,NA,NA,NA,NA,NA,NA,7.4191666000000005
6/24/24,0077,NA,NA,NA,NA,NA,NA,8.0158334
6/25/24,0077,NA,NA,NA,NA,NA,NA,7.9016666
6/26/24,0077,NA,NA,NA,NA,NA,NA,11.3175
6/27/24,0077,NA,NA,NA,NA,NA,NA,10.1016666
6/28/24,0077,NA,NA,NA,NA,NA,NA,8.8008334
6/29/24,0077,NA,NA,NA,NA,NA,NA,7.8025
6/30/24,0077,NA,NA,NA,NA,NA,NA,6.2091666000000005
7/1/24,0077,NA,NA,NA,NA,NA,NA,6.900833400000001
7/2/24,0077,NA,NA,NA,NA,NA,NA,6.8025
7/3/24,0077,NA,NA,NA,NA,NA,NA,7.0033334
7/4/24,0077,NA,NA,NA,NA,NA,NA,11.5058334
7/5/24,0077,NA,NA,NA,NA,NA,NA,7.7125
7/6/24,0077,NA,NA,NA,NA,NA,NA,7.8175
7/7/24,0077,NA,NA,NA,NA,NA,NA,9.2075
7/8/24,0077,NA,NA,NA,NA,NA,NA,11.5191666
7/9/24,0077,NA,NA,NA,NA,NA,NA,19.9175
7/10/24,0077,NA,NA,NA,NA,NA,NA,14.4175
7/11/24,0077,NA,NA,NA,NA,NA,NA,12.7158334
7/12/24,0077,NA,NA,NA,NA,NA,NA,15.5041666
7/13/24,0077,NA,NA,NA,NA,NA,NA,11.61
7/14/24,0077,NA,NA,NA,NA,NA,NA,9.903333400000001
7/15/24,0077,NA,NA,NA,NA,NA,NA,8.9116666
7/16/24,0077,NA,NA,NA,NA,NA,NA,9.1025
7/17/24,0077,NA,NA,NA,NA,NA,NA,9.200833399999999
7/18/24,0077,NA,NA,NA,NA,NA,NA,9.8025
7/19/24,0077,NA,NA,NA,NA,NA,NA,6.7091666000000005
7/20/24,0077,NA,NA,NA,NA,NA,NA,7.1
7/21/24,0077,NA,NA,NA,NA,NA,NA,10.313333400000001
7/22/24,0077,NA,NA,NA,NA,NA,NA,9.415000000000001
7/23/24,0077,NA,NA,NA,NA,NA,NA,10.5158334
7/24/24,0077,NA,NA,NA,NA,NA,NA,9.2166666
7/25/24,0077,NA,NA,NA,NA,NA,NA,6.81
7/26/24,0077,NA,NA,NA,NA,NA,NA,6.6049999999999995
7/27/24,0077,NA,NA,NA,NA,NA,NA,6.5066666
7/28/24,0077,NA,NA,NA,NA,NA,NA,7.8075
7/29/24,0077,NA,NA,NA,NA,NA,NA,6.4183334
7/30/24,0077,NA,NA,NA,NA,NA,NA,11.105
7/31/24,0077,NA,NA,NA,NA,NA,NA,7.9183334
8/1/24,0077,NA,NA,NA,NA,NA,NA,6.5
8/2/24,0077,NA,NA,NA,NA,NA,NA,6.1108334
8/3/24,0077,NA,NA,NA,NA,NA,NA,6.1141666
8/4/24,0077,NA,NA,NA,NA,NA,NA,6.409166600000001
8/5/24,0077,NA,NA,NA,NA,NA,NA,6.9066666
8/6/24,0077,NA,NA,NA,NA,NA,NA,9.4083334
8/7/24,0077,NA,NA,NA,NA,NA,NA,9.0183334
8/8/24,0077,NA,NA,NA,NA,NA,NA,8.9133334
8/9/24,0077,NA,NA,NA,NA,NA,NA,8.110833399999999
8/10/24,0077,NA,NA,NA,NA,NA,NA,8.0175
8/11/24,0077,NA,NA,NA,NA,NA,NA,5.8058334
8/12/24,0077,NA,NA,NA,NA,NA,NA,7.0141666
8/13/24,0077,NA,NA,NA,NA,NA,NA,6.9066666
8/14/24,0077,NA,NA,NA,NA,NA,NA,5.1125
8/15/24,0077,NA,NA,NA,NA,NA,NA,6.813333399999999
8/16/24,0077,NA,NA,NA,NA,NA,NA,8.0058334
8/17/24,0077,NA,NA,NA,NA,NA,NA,7.4158334
8/18/24,0077,NA,NA,NA,NA,NA,NA,5.4116666
8/19/24,0077,NA,NA,NA,NA,NA,NA,5.0083334
8/20/24,0077,NA,NA,NA,NA,NA,NA,4.5
8/21/24,0077,NA,NA,NA,NA,NA,NA,5.715
8/22/24,0077,NA,NA,NA,NA,NA,NA,7.1016666
8/23/24,0077,NA,NA,NA,NA,NA,NA,6.41
8/24/24,0077,NA,NA,NA,NA,NA,NA,8.6091666
8/25/24,0077,NA,NA,NA,NA,NA,NA,6.1016666
8/26/24,0077,NA,NA,NA,NA,NA,NA,6.41
8/27/24,0077,NA,NA,NA,NA,NA,NA,5.6175
8/28/24,0077,NA,NA,NA,NA,NA,NA,6.6116665999999995
8/29/24,0077,NA,NA,NA,NA,NA,NA,6.608333399999999
8/30/24,0077,NA,NA,NA,NA,NA,NA,8.3116666
8/31/24,0077,NA,NA,NA,NA,NA,NA,6.5
9/1/24,0077,NA,NA,NA,NA,NA,NA,7.6191666
9/2/24,0077,NA,NA,NA,NA,NA,NA,7.8075
9/3/24,0077,NA,NA,NA,NA,NA,NA,7.5166666
9/4/24,0077,NA,NA,NA,NA,NA,NA,6.109999999999999
9/5/24,0077,NA,NA,NA,NA,NA,NA,4.9
9/6/24,0077,NA,NA,NA,NA,NA,NA,7.2133334
9/7/24,0077,NA,NA,NA,NA,NA,NA,7.4016666
9/8/24,0077,NA,NA,NA,NA,NA,NA,8.714166599999999
9/9/24,0077,NA,NA,NA,NA,NA,NA,10.7133334
9/10/24,0077,NA,NA,NA,NA,NA,NA,19.21
9/11/24,0077,NA,NA,NA,NA,NA,NA,5.8033334
9/12/24,0077,NA,NA,NA,NA,NA,NA,8.8025
9/13/24,0077,NA,NA,NA,NA,NA,NA,7.8058334
9/14/24,0077,NA,NA,NA,NA,NA,NA,8.6016666
9/15/24,0077,NA,NA,NA,NA,NA,NA,8.9175
9/16/24,0077,NA,NA,NA,NA,NA,NA,7.4116666
9/17/24,0077,NA,NA,NA,NA,NA,NA,5.214
9/18/24,0077,NA,NA,NA,NA,NA,NA,6.6165218
9/19/24,0077,NA,NA,NA,NA,NA,NA,8.6
9/20/24,0077,NA,NA,NA,NA,NA,NA,4.31
9/21/24,0077,NA,NA,NA,NA,NA,NA,6.702500000000001
9/22/24,0077,NA,NA,NA,NA,NA,NA,4.6016666
9/23/24,0077,NA,NA,NA,NA,NA,NA,4.3008695999999995
9/24/24,0077,NA,NA,NA,NA,NA,NA,6.3158334
9/25/24,0077,NA,NA,NA,NA,NA,NA,7.1075
9/26/24,0077,NA,NA,NA,NA,NA,NA,7.915
9/27/24,0077,NA,NA,NA,NA,NA,NA,9.114166599999999
9/28/24,0077,NA,NA,NA,NA,NA,NA,6.400833400000001
9/29/24,0077,NA,NA,NA,NA,NA,NA,4.1141666
9/30/24,0077,NA,NA,NA,NA,NA,NA,5.005
10/1/24,0077,NA,NA,NA,NA,NA,NA,5.4133334
10/2/24,0077,NA,NA,NA,NA,NA,NA,5.1158334
10/3/24,0077,NA,NA,NA,NA,NA,NA,7.4125000000000005
10/4/24,0077,NA,NA,NA,NA,NA,NA,7.7113044
10/5/24,0077,NA,NA,NA,NA,NA,NA,5.6125
10/6/24,0077,NA,NA,NA,NA,NA,NA,6.21
10/7/24,0077,NA,NA,NA,NA,NA,NA,7.4108334000000005
10/8/24,0077,NA,NA,NA,NA,NA,NA,9.805
10/9/24,0077,NA,NA,NA,NA,NA,NA,6.2191666
10/10/24,0077,NA,NA,NA,NA,NA,NA,7.6075
10/11/24,0077,NA,NA,NA,NA,NA,NA,7.6025
10/12/24,0077,NA,NA,NA,NA,NA,NA,5.805
10/13/24,0077,NA,NA,NA,NA,NA,NA,6.41
10/14/24,0077,NA,NA,NA,NA,NA,NA,8.2033334
10/15/24,0077,NA,NA,NA,NA,NA,NA,9.0108334
10/16/24,0077,NA,NA,NA,NA,NA,NA,14.615
10/17/24,0077,NA,NA,NA,NA,NA,NA,12.704166599999999
10/18/24,0077,NA,NA,NA,NA,NA,NA,7.8066666
10/19/24,0077,NA,NA,NA,NA,NA,NA,4.0033334
10/20/24,0077,NA,NA,NA,NA,NA,NA,2.9108334
10/21/24,0077,NA,NA,NA,NA,NA,NA,3.1033334
10/22/24,0077,NA,NA,NA,NA,NA,NA,2.0116666
10/23/24,0077,NA,NA,NA,NA,NA,NA,5.0075
10/24/24,0077,NA,NA,NA,NA,NA,NA,5.909166600000001
10/25/24,0077,NA,NA,NA,NA,NA,NA,7.0133334
10/26/24,0077,NA,NA,NA,NA,NA,NA,4.9125000000000005
10/27/24,0077,NA,NA,NA,NA,NA,NA,5.2125
10/28/24,0077,NA,NA,NA,NA,NA,NA,6.6125
10/29/24,0077,NA,NA,NA,NA,NA,NA,5.616666599999999
10/30/24,0077,NA,NA,NA,NA,NA,NA,3.0173914
10/31/24,0077,NA,NA,NA,NA,NA,NA,7.5166666
11/1/24,0077,NA,NA,NA,NA,NA,NA,9.612499999999999
11/2/24,0077,NA,NA,NA,NA,NA,NA,10.5191666
11/3/24,0077,NA,NA,NA,NA,NA,NA,4.8083333999999995
11/4/24,0077,NA,NA,NA,NA,NA,NA,2.2125000000000004
11/5/24,0077,NA,NA,NA,NA,NA,NA,2.9091666
11/6/24,0077,NA,NA,NA,NA,NA,NA,6.0008696
11/7/24,0077,NA,NA,NA,NA,NA,NA,1.5125
11/8/24,0077,NA,NA,NA,NA,NA,NA,1.415
11/9/24,0077,NA,NA,NA,NA,NA,NA,1.315
11/10/24,0077,NA,NA,NA,NA,NA,NA,2.415
11/11/24,0077,NA,NA,NA,NA,NA,NA,8.1
11/12/24,0077,NA,NA,NA,NA,NA,NA,4.0141666
11/13/24,0077,NA,NA,NA,NA,NA,NA,1.7008334
11/14/24,0077,NA,NA,NA,NA,NA,NA,4.905
11/15/24,0077,NA,NA,NA,NA,NA,NA,4.7058334
11/16/24,0077,NA,NA,NA,NA,NA,NA,4.0058334
11/17/24,0077,NA,NA,NA,NA,NA,NA,2.1141666
11/18/24,0077,NA,NA,NA,NA,NA,NA,5.5166666
11/19/24,0077,NA,NA,NA,NA,NA,NA,3.7191666000000003
11/20/24,0077,NA,NA,NA,NA,NA,NA,2.5
11/21/24,0077,NA,NA,NA,NA,NA,NA,1.9141666
11/22/24,0077,NA,NA,NA,NA,NA,NA,12.7191666
11/23/24,0077,NA,NA,NA,NA,NA,NA,6.0175
11/24/24,0077,NA,NA,NA,NA,NA,NA,2.2108334000000003
11/25/24,0077,NA,NA,NA,NA,NA,NA,1.8069566000000001
11/26/24,0077,NA,NA,NA,NA,NA,NA,3.3016666
11/27/24,0077,NA,NA,NA,NA,NA,NA,2.3191666
11/28/24,0077,NA,NA,NA,NA,NA,NA,2.2166666
11/29/24,0077,NA,NA,NA,NA,NA,NA,1.2191665999999999
11/30/24,0077,NA,NA,NA,NA,NA,NA,1.41
12/1/24,0077,NA,NA,NA,NA,NA,NA,2.5116666
12/2/24,0077,NA,NA,NA,NA,NA,NA,1.6091666
12/3/24,0077,NA,NA,NA,NA,NA,NA,7.5081818
12/4/24,0077,NA,NA,NA,NA,NA,NA,6.4108334000000005
12/5/24,0077,NA,NA,NA,NA,NA,NA,2.7083334000000003
12/6/24,0077,NA,NA,NA,NA,NA,NA,2.7191666000000003
12/7/24,0077,NA,NA,NA,NA,NA,NA,3.2026086
12/8/24,0077,NA,NA,NA,NA,NA,NA,5.6066666
12/9/24,0077,NA,NA,NA,NA,NA,NA,3.4158334
12/10/24,0077,NA,NA,NA,NA,NA,NA,3.605
12/11/24,0077,NA,NA,NA,NA,NA,NA,0.6033334
12/12/24,0077,NA,NA,NA,NA,NA,NA,8.31
12/13/24,0077,NA,NA,NA,NA,NA,NA,5.409166600000001
12/14/24,0077,NA,NA,NA,NA,NA,NA,2.7066666
12/15/24,0077,NA,NA,NA,NA,NA,NA,1.6183334
12/16/24,0077,NA,NA,NA,NA,NA,NA,2.9191666
12/17/24,0077,NA,NA,NA,NA,NA,NA,1.9175
12/18/24,0077,NA,NA,NA,NA,NA,NA,1.4116666
12/19/24,0077,NA,NA,NA,NA,NA,NA,2.7008334
12/20/24,0077,NA,NA,NA,NA,NA,NA,4.5008334
12/21/24,0077,NA,NA,NA,NA,NA,NA,6.3183334
12/22/24,0077,NA,NA,NA,NA,NA,NA,4.3075
12/23/24,0077,NA,NA,NA,NA,NA,NA,4.3166666
12/24/24,0077,NA,NA,NA,NA,NA,NA,4
12/25/24,0077,NA,NA,NA,NA,NA,NA,4.7
12/26/24,0077,NA,NA,NA,NA,NA,NA,4.5108334
12/27/24,0077,NA,NA,NA,NA,NA,NA,6.5033334
12/28/24,0077,NA,NA,NA,NA,NA,NA,3.3133334
12/29/24,0077,NA,NA,NA,NA,NA,NA,2.3066666
12/30/24,0077,NA,NA,NA,NA,NA,NA,4.6133334
12/31/24,0077,NA,NA,NA,NA,NA,NA,3.1191666000000002